x,y, COLOR
0.24365006412839207,0.04034634081928168, 0
5.218875212205862,2.0391917456221584, 255
-5.718532564011154,7.417032105618546, 255
-0.8601798343545486,3.3977746227325962, 255
7.834027622604321,-9.180081236466862, 255
-3.0744877090250133,-8.014385437503348, 255
-1.5800224012423527,-3.336639243371393, 255
8.64406039532565,5.5132575962312895, 255
9.495726302120012,4.419400568618242, 255
-9.354771841217065,-1.938395011335368, 255
-0.5164727724359963,-7.043981027792173, 255
0.7137069629655972,8.57758933582809, 255
2.9772140999558907,-1.0323912129308752, 255
-4.013642780851201,1.2421184922544164, 255
2.931519965937966,-1.5592663342587247, 255
-1.2310304658600106,-6.109826817619495, 255
8.473919920952394,5.632389528061596, 255
-7.455329106405431,-5.256992573036801, 255
0.8446041816354377,-8.577022108127974, 255
4.40633984911454,1.0550476118836123, 255
-0.11624368624760528,-8.372962311042178, 255
9.897086460583317,-8.715176544120505, 255
-0.41197731276185046,-3.5514128241726306, 255
5.414631018221625,-8.042289746740455, 255
-1.4608450780086528,9.209587067051327, 255
-5.8634461954725525,-5.192245929394388, 255
9.805573442998284,-1.0755070046250665, 255
-8.317578444700324,-6.726677117887414, 255
4.088208932014588,-6.978706477793805, 255
7.3981434474709395,-9.91132068864034, 255
-8.118074288790476,7.421367303333277, 255
4.871994555603248,3.112774485078713, 255
-3.8459267561807797,-5.5968153352343215, 255
7.19820577918745,5.955009018222624, 255
-7.096602160724732,-0.9296408500196822, 255
6.9739401575975215,5.6231967478595895, 255
-3.2589400793762646,4.990973637899053, 255
-6.34895002541525,-0.33274512795291855, 255
-1.7876338992228717,-4.228330429343881, 255
1.60656230829035,2.0728773596680448, 255
-2.5822982748711576,0.23111981519800828, 255
-8.983776822246224,-4.593123566279922, 255
-5.9095218379186925,8.183043499192372, 255
-4.742226230324893,-1.4339517521934493, 255
-5.85729747457195,2.4111838611826286, 255
0.196727509123523,3.771444160533438, 255
-6.80567634961704,8.173336973226267, 255
3.5066978772662765,-1.3417448023465504, 255
-8.655304987601134,-0.7123100143686738, 255
-3.2697172023481684,-0.854233387694137, 255
-5.763510839664992,-5.512595726276636, 255
-0.46340061273987665,3.9327207857308757, 255
4.931222823514265,-5.094871963046859, 255
8.220062499175707,-5.076295387036273, 255
-5.2508754279219305,3.863963447660595, 255
-4.526120272282359,-6.740022840744324, 255
-6.0414791733900035,9.108639431590472, 255
6.011081576530053,4.491414584573386, 255
6.775938016968965,4.149270169583129, 255
6.491616187179076,0.7332416467288816, 255
-1.9124991146023653,-4.9842959080715366, 255
-4.120118127456244,-4.941586012058135, 255
6.197970363955292,-5.8200707038158805, 255
5.968663556463458,-3.13785866886255, 255
5.941368893262659,8.8695218523917, 255
3.3818629910419578,-0.8458593486675561, 255
-8.239223393684084,-8.700594914065348, 255
0.08628586020499185,3.278938734225507, 255
-6.865456210010157,1.4579718299200994, 255
-4.582850716147451,5.6442304087638835, 255
-6.9271148911898255,-0.8502235231762647, 255
5.5067185993598855,5.988205097743155, 255
-6.547654926500095,6.456931411494185, 255
1.7412407325016606,-9.938230732066128, 255
0.511055002871359,-0.599071361382526, 0
-8.108891869275967,6.075126613514563, 255
-0.35443127881667813,-3.4570849047379877, 255
4.43100832130456,-1.2566746576250871, 255
7.7805267041997475,2.8673457058606537, 255
-9.767335885487329,0.779207241731017, 255
-1.3353257776437744,-6.828306259194821, 255
-4.1137333428383,9.020532536108188, 255
7.060736014201602,-3.791889368120154, 255
2.2960346281311104,2.7002121631807405, 255
7.2836506776361,-6.3294211880878155, 255
-8.049461543614127,1.3415867821771261, 255
-4.0684662726354,-3.072664081448675, 255
1.018271275605791,-6.31845197398571, 255
5.33728081675177,5.117955987415607, 255
7.354061069657195,-6.054732475215987, 255
-8.99060010052493,-6.881459241669317, 255
9.453335154488343,-4.0116643601495205, 255
-6.817116689396916,-4.704828900075711, 255
-4.115654687180568,-6.276802872414439, 255
4.162950351067057,-4.250369262638589, 255
-7.751871121989766,-3.489048711206106, 255
-9.14584158626608,-9.240465098030386, 255
-4.115841957808806,6.7177472743275715, 255
-7.435218674924031,-3.2491400804105446, 255
7.029317377472598,-5.5122425882970205, 255
5.239588557257358,-6.105404700670444, 255
-3.0307886023392383,-6.918895651552253, 255
-7.982887649292747,-9.767932909979816, 255
0.6030087630967778,-0.3405069356905486, 0
6.794447087054376,-1.403417322128469, 255
3.474160401309902,2.1400842041423687, 255
-6.3533348208762614,5.500232631002024, 255
-9.863395005577612,-0.2366172038948573, 255
8.13473006043079,0.8484652913337491, 255
-4.344419698976944,4.0761070599302265, 255
6.880586689342099,-4.343068595289692, 255
-7.8867434314471385,-4.324334937962924, 255
0.18032265580412776,-8.552665729455109, 255
-6.9101951013858205,2.3348992721908104, 255
5.34072844490537,3.3567263296090655, 255
3.467121804095111,-4.769873471768779, 255
0.21561159795212959,-3.444838411369801, 255
1.3528894294664262,4.587701894081357, 255
-6.4111747835192245,2.996082364602099, 255
1.991457060648898,1.7282754169650687, 255
-0.6097978544260982,6.705327762257884, 255
-8.569910815113994,0.1620957770179423, 255
-3.3730447298652084,7.3258167823469975, 255
-6.572448940231805,-4.926323011021509, 255
-2.9325163092900386,3.4476264840658075, 255
-2.5487854374409302,6.452650836324366, 255
4.929431423638473,-2.77037556292216, 255
-8.995888910022797,-2.3576278368817682, 255
5.130600982994025,-7.647215991735441, 255
-7.0552753063770846,7.965553023520602, 255
4.843222636645372,-4.588446428857534, 255
5.848410465697603,-6.795298572630919, 255
9.979342994444657,-5.885535809347524, 255
-8.671834397950043,-3.963320764704794, 255
-7.227683442320321,-2.9458079284713, 255
3.19924871470163,4.760162074818888, 255
5.5555147306265535,-8.469215709132412, 255
-4.06205371670681,0.6476391093850431, 255
0.2696809284222734,-9.990934245765445, 255
2.9044081133174693,-7.540821141684846, 255
5.00917804832139,0.2974472986234602, 255
-8.00772869478912,6.82872883532572, 255
6.820385427953472,1.1271757660151316, 255
-5.229889066898568,9.267059230297573, 255
9.525563154477943,9.30513539299562, 255
0.885671990680839,-2.446422443664935, 255
-2.0095597758178645,1.9812911400309403, 255
4.755459796992167,6.5180243493721015, 255
2.502573217428859,0.8082124095737484, 255
5.605890093581376,2.2067458556473696, 255
-4.056051574484734,5.685448448820372, 255
6.687633413547452,5.023401576546469, 255
6.368452405771336,-2.5416297308335807, 255
1.331727889058449,-1.622967823414383, 255
6.201117072653801,-0.024309323477551104, 255
-3.860721267639155,-9.46472474939502, 255
-8.97275319010246,-4.3185296802105615, 255
-9.667251798562548,4.73618984213244, 255
-3.4262200113340624,-3.197477925403412, 255
-4.574365389421377,8.118255823532714, 255
-7.479347623659227,-0.46502464935664456, 255
-5.421756600408778,7.000665669811344, 255
-7.18501289145159,-4.823573286171666, 255
-5.71858670294195,-3.0776890087889353, 255
7.506165275705538,-6.450641415981151, 255
5.968922137939893,-3.650186553169852, 255
8.625270459745035,-2.723107679130951, 255
-7.5014257242764355,-4.779014812219997, 255
-9.77854141604209,-2.0175569452008224, 255
-0.05870643058866243,3.2385875941613698, 255
9.096270337258982,-7.136740658956356, 255
5.7006455172892,-8.541444889264378, 255
2.9224018005221524,-8.624777295395612, 255
-1.2972092738665548,-7.597349426215569, 255
2.667778838191456,-7.706408331386707, 255
-9.752051115032272,-8.087428568322162, 255
-2.509992762550672,6.06772306261167, 255
9.25093508653351,-9.510067212129576, 255
7.231173765552036,-2.538066993614912, 255
-7.782918266017658,-0.08613107251787966, 255
1.4956087786673429,6.211822203812378, 255
-8.828840209088607,-7.831708151060113, 255
5.468915141401251,0.7013657429395952, 255
7.652521821287792,-0.5746625956545834, 255
3.7460673040204977,7.3008243306741285, 255
4.225710907365432,7.533602480527215, 255
-3.1046022532181006,-4.468768775841287, 255
-8.328169639453332,6.563217062572132, 255
7.6455347741613835,0.7130764935920944, 255
-8.254046457964028,-7.235690195660924, 255
5.573740997644329,-3.9454390907162296, 255
-6.035564994066993,-8.736768585887546, 255
7.117509115597848,-9.376732948787998, 255
0.6789011365718949,-3.6693513955537522, 255
-0.6689624644814103,9.109079276204223, 255
-8.75009424881899,-7.688525267476334, 255
4.673758806559142,-8.68173289430175, 255
-1.9751078943012974,7.691497839228656, 255
5.732085008729692,-4.317311946839832, 255
9.277704638192581,4.374882468301957, 255
-1.2053270618645087,-8.092468672398883, 255
-7.561160856562199,-6.165103895555899, 255
1.1474695027932533,9.942304034364735, 255
-3.3011486334984896,6.6612422190607425, 255
6.0282752588877955,-7.171512748270765, 255
3.516196696527569,6.192809819054066, 255
1.0501670477936678,-2.3343305592067987, 255
8.32111063906284,-1.6215351269499543, 255
-4.520881927037421,-9.687066429831138, 255
-6.433087138414557,7.109696913104347, 255
-8.335049848649088,2.9172059010778426, 255
-2.516298568673827,-5.191388640366419, 255
5.620143120259122,6.922900225458861, 255
-8.12125047060186,-0.06312924231088424, 255
7.913759411812929,-5.445758202725095, 255
1.2033145919448742,1.1601914640661253, 255
-8.149036640663955,3.5886179355066883, 255
-2.9242370792394556,9.48857135207248, 255
-6.968925316605031,3.1282104194453613, 255
8.11298858243115,-2.7815380126440665, 255
-2.04068953964216,-1.0246358876157107, 255
-4.965171826164838,7.646241306014328, 255
-7.99368549470376,3.958220428163523, 255
7.246676959954154,5.167978718274057, 255
4.216351972081956,9.907864967703084, 255
2.051999570314557,-4.383351888239617, 255
6.184308604080098,-9.283845102084154, 255
-0.9503131801805331,-0.3961296131047849, 255
-4.238737926508376,1.0546225859382137, 255
7.974692526970074,-9.913929796374987, 255
8.247951754737127,-7.096324332163963, 255
-7.522213775589764,8.110844885690206, 255
2.146171463584217,3.4276365981898778, 255
-4.987469574069152,0.9855188795454968, 255
-6.418221080656399,0.42905586290739706, 255
-1.7906056233166758,-5.86421089010422, 255
-2.0021152674667464,-3.637910291215438, 255
-4.584846007142889,4.460604934519738, 255
-3.2818735483307666,-6.219939007690747, 255
8.57610259254923,6.416523745949114, 255
-4.132827326440401,9.645321188125003, 255
3.3871405582418035,-2.1796080697017794, 255
1.690453779805619,-5.866249917102406, 255
3.2818371685358585,1.7900063899042973, 255
-0.05909954704507214,4.177438640267603, 255
9.61880323221142,-2.9916015054648533, 255
8.116413506747026,9.304498919593115, 255
1.3444729091208316,4.77559394015174, 255
5.983227626398683,1.6396610373873806, 255
8.321748914053853,2.9910421986956575, 255
-1.2275749673584038,9.254063129152744, 255
8.128383706751539,0.5145964510185301, 255
-2.168037477873961,8.524438094114217, 255
-9.987282178788844,4.4144535608487665, 255
-2.820819113071689,-7.708512451124001, 255
-2.0316197626128414,-9.57573773868937, 255
7.995259620070666,1.4295949956728649, 255
1.8575894241952984,0.06816066001114685, 255
2.6781500036001695,6.982459100102684, 255
2.545056442172841,-5.226561761139439, 255
4.047232082658681,0.7926331518340639, 255
-2.596777706499262,-0.8950938443013499, 255
3.1439370277443572,7.630821748546278, 255
-3.2811119010019762,2.1291973759997145, 255
-4.228489245298459,3.025264712425969, 255
-4.078095478538213,8.868758055257796, 255
-0.5101332212200855,5.639556431485689, 255
2.8155976719726326,-0.12756150506552189, 255
-5.079431922088098,5.05989326147046, 255
-7.437924940558203,-8.665652657324525, 255
-6.128089046998557,6.459737294114429, 255
1.8125609854229712,6.145755310029767, 255
-8.452671202011022,7.923603918120687, 255
3.569913189210183,1.6044226257678513, 255
0.0644314270659958,-1.1808874192537537, 255
3.4377967027160476,-0.022523662377494702, 255
-7.111965503168165,7.359984916719306, 255
4.522408149311211,-4.154898067984217, 255
-3.195936439085414,0.5562883455176131, 255
1.679598176792748,-6.547975185107752, 255
-8.734455870527027,1.1641210318002742, 255
2.29534100147335,8.948569897580104, 255
-4.273854400480468,-3.680208583517608, 255
3.155396817970015,-4.482493429125405, 255
-7.909669047247824,9.768094590629676, 255
-5.006403481746295,6.012159968280965, 255
9.393065966448685,7.546712192129306, 255
6.300227906421178,-1.0059925964807537, 255
-8.009826861571533,2.967913869473511, 255
0.8843429211359783,-5.843539458992957, 255
7.0356127684400995,5.421443286267483, 255
-0.8671531515751791,-2.3967336679340363, 255
2.3092164871739946,9.821325065279996, 255
0.42982513364497166,1.226517981469165, 255
-7.783256629992756,-4.397693414990121, 255
4.246823235484666,8.153216817596572, 255
9.098434488070751,7.634070266798595, 255
7.538621172603431,-2.6079831464646386, 255
7.0180550957483625,9.698225923989163, 255
1.0032200491554928,4.992723594982138, 255
1.9938386296354196,-5.989568900335513, 255
7.920810277770862,-1.9570342875689324, 255
-7.692819949442137,7.815539363234116, 255
-6.104340356829594,2.2154743253774924, 255
-3.2095748652564815,-8.979532494070694, 255
8.165182042159522,-5.773152903855423, 255
3.481832020821116,5.293237759729761, 255
4.253670561356584,3.142237762525209, 255
6.721369631097083,-5.629133885776776, 255
-5.740938345140185,7.974924235047748, 255
6.281144555174013,-7.247766264452635, 255
2.3891308206280932,-9.772609149845819, 255
-6.27967518636839,6.625952470592871, 255
-2.1710303197315124,4.7225679159891385, 255
1.8882443430556055,-5.04562205715227, 255
-5.7885472063855055,8.557099423668241, 255
-3.187189135998903,-6.133762302379157, 255
0.1300947671089645,-6.909805040705901, 255
4.818030445034189,-5.382203160824275, 255
-8.076156585642432,7.045690581544662, 255
5.471412605623655,-6.0556152730120205, 255
8.489726762127702,-9.178306321213617, 255
5.524770782279461,9.303134264708493, 255
8.10939108372348,1.8257757590956238, 255
-4.8405717335185106,3.1884490148370226, 255
-9.246945560750365,7.543490418253626, 255
6.372178225158592,-0.8188529211709117, 255
1.0450804269561758,-3.9051213434075223, 255
9.45356541644815,-0.5793361191212512, 255
-5.240651276548527,9.972196617262647, 255
3.2368642559463296,5.803398202431374, 255
-5.326969181843674,8.13829897598356, 255
-4.767413783091197,5.275837438869848, 255
-1.4418218219804189,-4.961158339738441, 255
2.2142759823652547,2.5361680502660366, 255
-8.003988830776889,2.18602229915051, 255
-4.118236989907713,2.232520652640744, 255
-0.9608946495236559,0.8383229617032821, 255
-4.302344153855817,-9.991632635211227, 255
-1.3652813518438904,-1.959652826676468, 255
-2.874611821515442,-3.1117939120582117, 255
9.039891561873617,-0.04122252807223603, 255
8.02143020706567,-0.03289434699479088, 255
2.5704223289761874,-5.5806851416349, 255
4.088497878175396,9.084738868570945, 255
-2.358273285558523,-4.5644772665524265, 255
3.0439236895837176,-6.186667942326018, 255
-1.702981934806207,4.645209398814373, 255
9.141974883843783,-6.2745682692894, 255
5.799475525139899,2.706318723518031, 255
-0.4238201909844381,7.760651282197561, 255
-5.06044910854518,9.148960066361497, 255
-6.459334481386831,-3.9547173322836127, 255
-8.066692628337268,5.900282472995702, 255
4.002380594526009,-6.359568822126452, 255
-2.9047381751045753,-3.886237124030492, 255
7.300471635078722,-8.62543411423755, 255
2.557752107112556,5.388778378001181, 255
5.069553297829071,3.0628211128867413, 255
1.7260456663694974,-9.822729961893215, 255
-3.7817647815690965,8.254311491029899, 255
-8.198801561883437,-5.6663864231882055, 255
8.93816613428374,-4.645332911896647, 255
8.585348746994967,1.542336595392392, 255
-0.11119919272448264,4.683450943035384, 255
-0.6899363494972803,-5.748537239066447, 255
7.529035814671527,-4.1036890933185255, 255
-3.790079065418526,3.9372422019224516, 255
-5.804556542148336,-1.137507094755133, 255
-7.701214933084682,8.827760273039786, 255
-4.311583947561979,-2.803658893292038, 255
4.456094424291404,8.10380244461808, 255
-3.5474415303657203,-6.786622929939837, 255
-1.270577983718578,7.21393060437866, 255
7.350373216152249,-8.2540343845682, 255
5.179034939095249,-4.191044102638859, 255
5.611667126065878,-4.323250157834179, 255
-8.386747523124132,1.266047071171581, 255
0.43755611144210604,2.605019334693088, 255
6.366620538918507,5.938263356489561, 255
-5.457433232078652,7.846334106835975, 255
1.0903162779922937,-6.501725788028567, 255
8.216777694148693,-8.00845540015846, 255
-5.830924902326949,-8.775395751465943, 255
0.9917723984939446,-0.3992548277307595, 255
8.872967372393305,-4.093632438570518, 255
6.077108741737007,-5.209298855934024, 255
5.598976000684164,4.479547340444352, 255
-3.087434477211537,0.9269976193856326, 255
-3.5190188363540003,5.908092770978527, 255
-6.965592192009094,-4.473577961793178, 255
-8.180630704563221,8.631489550298138, 255
4.402955592228846,5.419076456100678, 255
-0.5778398495495818,-0.14621755527961966, 0
9.274893423315739,0.17437127218801685, 255
-9.610870410502745,4.43374897767564, 255
-2.573904812752314,-2.866809589416488, 255
-8.725570195326435,-4.030136302338705, 255
-9.001418735752335,9.612304883402693, 255
5.971156435332148,1.3584585871987862, 255
6.886810240326643,4.017077259322015, 255
-6.081806912910517,2.7946254945124682, 255
-0.3358309009982534,-7.053908982993464, 255
-0.9706002751325808,9.04683490473046, 255
3.3193599892041483,3.110295021597281, 255
-2.31210256478432,1.1424600220054408, 255
-0.10111050811834232,0.8571955135615372, 0
2.864308948050212,-7.638502054159315, 255
-3.043890982766195,-7.415152927444266, 255
-8.764364840029659,-3.700878376972092, 255
6.967486266108274,1.2429504581370328, 255
7.3366868839692465,3.1808767340306225, 255
-6.595187775333066,-5.993259740525376, 255
-5.492855689715648,8.742317624590413, 255
-5.200383679763769,-7.040516333757014, 255
4.667206284398164,2.643438447546405, 255
-0.5137508836320137,1.0640646871457786, 255
-6.999057077531474,-8.281995506294473, 255
3.7234959651310344,-8.054138838925946, 255
-5.58908033104138,7.150840858120468, 255
-8.975897798869738,4.67000142065319, 255
2.413122412043272,6.904254471031241, 255
-0.16409561826971775,-8.476135244315092, 255
6.735199189770789,9.813142872261292, 255
3.9328344017973844,-6.134878379603331, 255
-8.928774245105215,1.9017002956769975, 255
9.021439196134196,-2.6317068358772566, 255
7.814840529556648,4.77977335634238, 255
-3.7679330717038573,-2.2424749262156336, 255
7.774053546843376,3.9299572842015333, 255
-2.109118800804408,-3.9964905526687033, 255
-9.715823851513875,-3.3939513917794395, 255
3.2806143601467763,-4.863579173679242, 255
-8.974563218630996,-6.622811628624565, 255
-7.052104103211729,-8.62835361411707, 255
8.577006251813852,1.795184822142481, 255
-9.625475308825756,2.2125357537362795, 255
-5.018613174009654,3.3633278987158928, 255
-8.243529233141633,1.3338271599937812, 255
-1.027268529256201,2.4837259081684326, 255
-0.20677658230595597,-2.747583681253227, 255
3.1345359268788204,4.871816289941378, 255
2.407902305008367,-2.664444755093582, 255
-6.161489914220195,-0.07127720392824344, 255
-9.151398449406674,-2.359965948271812, 255
8.83594957736554,8.416082156156047, 255
-5.071267364941139,-7.310651549774628, 255
-9.23856030681203,6.390960036339791, 255
-4.030244367623855,-2.403165835402403, 255
4.557404661649082,1.2211957120517614, 255
-9.497970756952132,8.347216161326, 255
8.132329479074453,3.78743929308164, 255
-5.7241606839966614,5.2327939416345615, 255
-9.183948608119454,5.512333708800398, 255
-4.525399631955356,-1.771552696526344, 255
2.6034129857860915,9.718277197908417, 255
-9.350746714953175,-0.30312547460836115, 255
2.556581573057926,-1.0739742563659345, 255
6.4782248575909875,3.0103811380712564, 255
7.034429841640787,-1.9033914388343458, 255
1.4095273297726134,-3.317950439326136, 255
-8.06044853873619,-2.8821506715474037, 255
-0.552099866866886,-5.423015468755579, 255
3.109414139591575,9.203729669983822, 255
-6.831096455315599,9.140844278794653, 255
-4.367423198743612,2.777633777476341, 255
-7.360566106184372,2.9041882037830984, 255
8.264388049997116,-8.894578586152502, 255
-6.911714692671554,-1.5460727562885452, 255
6.672389869090949,-6.0324942841687985, 255
0.05771723128962414,2.492067409159846, 255
4.871461164590334,9.165895939744065, 255
-7.636820392313421,0.060354989673626847, 255
-8.552672367599568,6.745944626875229, 255
8.500742049263263,4.425919947996276, 255
-2.662981853248163,5.84199512584069, 255
2.3936864099328012,7.405096587879058, 255
-5.971568782608352,7.596707450039869, 255
6.612128722574859,3.9949897247453237, 255
3.139825093444884,8.695162385472358, 255
6.843448848075262,3.883806090367427, 255
9.061921576970441,5.741388291123567, 255
-4.4394477188264165,4.954567982749904, 255
7.653752884496068,7.98878942851783, 255
-1.141222266769013,3.8116844951546707, 255
-8.902515907274807,-0.7291168660332588, 255
-7.06103195002346,-8.829398044075276, 255
-2.176081418102129,5.149665140869288, 255
5.008279482722159,-7.316130800061547, 255
-1.1573685271231007,3.788787778405357, 255
2.189327904951437,6.742715438153212, 255
4.979536102528293,-4.893233012052609, 255
6.609073871575145,7.149079170472, 255
8.86599789555586,1.182573256167224, 255
-7.206345637216529,-4.048647244358554, 255
4.330515598543007,1.1120575683931389, 255
-7.504668548776623,-7.786295133293468, 255
-2.195050279473474,3.8798520015833464, 255
8.731297955343017,7.5947269933918164, 255
-3.5797193948744788,8.611560618991824, 255
8.27641181902218,-0.9928754923059628, 255
-4.602369376397954,1.0016501928456627, 255
-8.29016972428441,2.5126515630470756, 255
7.638218756321848,4.610363505881434, 255
5.377679360110195,-3.8786140706779264, 255
1.5473122177075975,-7.217089253923841, 255
8.524885733910967,-0.45289657382273063, 255
-9.515890237570328,3.621676685169872, 255
2.032021315490745,6.446778175787088, 255
-4.267845338955025,9.835543896819171, 255
-5.014925766121263,-9.539169468790377, 255
4.380668452742258,0.5417198457459733, 255
1.2044420983865365,9.244438725114247, 255
-2.0634136193850416,-2.051147700483087, 255
9.46442930745063,-6.407382446403609, 255
-8.2187100713488,2.9110434111126864, 255
-3.612737085429476,-4.5496723502065795, 255
8.898119912575918,-1.35846878757423, 255
9.76934282182691,1.5482066994951964, 255
3.1259119943850155,-3.210977689270866, 255
-9.420553809070517,-7.148919373179132, 255
5.060216919878751,-9.952576466897064, 255
0.8284675004674451,1.2074991651535694, 255
5.9995107651199735,9.033144182109169, 255
-5.566037977675986,-0.9278227707829494, 255
-3.0036417941087095,1.462452273109502, 255
-1.3954551642188644,4.88226310086646, 255
-3.876153402390859,9.652133253273924, 255
8.666392166291665,-7.196858139902556, 255
3.017745893540818,-8.162370555409451, 255
0.1644240778594419,-9.009911322418194, 255
4.333417210795973,-7.774165382245137, 255
9.87808958297159,-4.546059990559326, 255
-1.9122786901720605,8.462872268774461, 255
1.4794545213038965,-4.915226237900471, 255
9.268662787665342,5.089321997578363, 255
-1.852875905850608,-7.140221319173639, 255
-5.383025520671245,-3.4805072618962285, 255
7.791865679329156,-5.3212808667780065, 255
-7.024868301236344,1.1362592843591592, 255
1.3490016700409058,-3.3513615982174194, 255
-0.9501769157712143,5.218710385806705, 255
-3.1368551711214714,5.76800062224445, 255
7.5444990494533535,-5.314263795965141, 255
7.307228778631554,-0.186569941360883, 255
9.950430584476408,-2.4708817219311063, 255
-1.3636304606870766,3.2963236765384156, 255
2.7047387153516294,-5.673391057783277, 255
-3.320280760051311,2.973771161252646, 255
-7.689837995463689,4.438523016184835, 255
7.492967816651845,8.210813277029803, 255
-3.036425629745702,1.40519409773691, 255
5.3721688043781075,-4.8821466556753546, 255
2.9240530548880557,6.436865188730234, 255
-4.1370728045675005,-8.1772663817326, 255
-5.3940554606864355,-5.583617478059654, 255
-7.9730201020172125,9.399215686263528, 255
-8.17247189964587,-1.8258312394526754, 255
-6.886751604248507,-0.3998674612977755, 255
4.008847879347979,5.8062706118214695, 255
1.5166206587229745,8.442260508772634, 255
6.744834284134214,-3.1832488433615813, 255
4.277496963829348,-7.59426769588091, 255
-3.136935988253926,-7.328677166490487, 255
-4.60986693598289,7.676735344932467, 255
8.868991341113155,8.301317096401991, 255
-7.527836567706068,5.879928706138667, 255
-5.641790067116428,2.9322557318634974, 255
-6.910723436203545,3.0554940608385994, 255
-0.9515674008607533,-7.076317759012576, 255
-6.031199860991576,5.810481647136234, 255
-5.376315309557677,-5.094892961975832, 255
-5.3418435955312304,-1.2307277047793175, 255
-5.289049651626172,-2.2862127422409966, 255
2.309086574006429,-6.506257162407985, 255
1.5076723399516183,-3.992728410252928, 255
-9.992120504256315,3.221371331943022, 255
-6.763467462641424,-0.672222825194309, 255
-2.438054046272655,-3.1122326238281284, 255
-0.6759063886892402,4.923699269973747, 255
-6.779375313794979,8.117114446690927, 255
-1.325252797952734,4.952871919464224, 255
5.069621903925794,-8.678470020093547, 255
4.773280172127519,9.853963949311918, 255
-6.535279356436179,-3.123998369582779, 255
-4.583131688784294,0.776458374683882, 255
9.379578234290626,6.144428152125428, 255
-2.4403511966786766,-9.349691689421126, 255
-5.259788042496454,-4.413865052163253, 255
4.404553808743383,-4.5327942655683735, 255
-3.732496518837907,-3.225264353068118, 255
6.264449175385639,8.965889209527361, 255
0.5978867434500614,6.595261901248641, 255
-8.907234484392783,3.123495783598658, 255
7.227512935505178,8.590823019607242, 255
2.9518147689148027,1.0717064000963568, 255
8.504532406922817,3.3361357935347478, 255
-4.5400401646854665,-4.866058043301029, 255
-6.154062846585841,-5.107314781211267, 255
-6.33501315840048,-8.204675132557043, 255
2.583890168441947,5.296527836819804, 255
-1.502331957876617,7.751605423255015, 255
-7.6231397390180415,9.934391323325414, 255
-7.027440936729443,-9.944551921976036, 255
-1.519984353551294,1.3015406669748675, 255
8.685059652686068,4.3552843221911335, 255
7.6326401185656465,-0.1706369345177876, 255
0.5091439305818906,3.4194042076033497, 255
-3.096400928842016,8.588286384454221, 255
6.923582307201961,1.5568325204047255, 255
1.3255082302282624,4.057363007629407, 255
2.890298586098389,-1.0061457623573329, 255
7.93165349829647,1.4908267013230372, 255
-5.55481847993315,-4.75462950742153, 255
8.983414069363008,-4.046047531596669, 255
8.504348154447008,9.575988059401034, 255
-7.019767673373476,8.856590575060533, 255
2.2428388650552726,3.9988794154932794, 255
3.1098207708896872,-0.2729589762722817, 255
6.179930009238991,5.984029876301108, 255
-6.25658315290373,-2.529901906878931, 255
-9.833986381399848,7.170796308166921, 255
8.931715669288877,-1.293339593116304, 255
-5.300005911981314,-9.773880577798062, 255
-1.6218665066156817,-2.035662523757093, 255
3.5266751702324566,-1.5009728256376107, 255
-6.430242210170595,-3.494254249788849, 255
7.50414642662717,-3.6862494981307297, 255
3.824569003642198,8.491601618453448, 255
2.0739903108143327,7.7698541672674395, 255
-7.729634799045879,6.661917150886751, 255
-0.737882504843558,9.817303889111152, 255
6.2541538725622665,-7.551480001894875, 255
-1.7019188395176048,8.378523492090405, 255
5.014557444919298,-6.425224278840864, 255
-5.4286031776822075,0.652373664865511, 255
-0.4094016803923033,9.050445562650975, 255
-0.8102155137910305,6.843279928582238, 255
7.204038301491998,9.416502734619236, 255
2.1714203352647825,-0.32294361722122034, 255
-2.4219799596575964,0.4708808501495376, 255
-3.618208623903401,3.4268942492867076, 255
-6.674069540445209,9.166688933433278, 255
5.029096321847961,8.797255408150292, 255
-7.054451190426145,6.440033775132719, 255
-3.4251125593382277,-9.509014214538912, 255
-0.8034384674630886,-3.0218617137574677, 255
0.4735369001206795,-7.578853971809842, 255
8.333776595382954,5.327847535815952, 255
2.699106050718962,9.447192919716809, 255
-8.25668880216232,7.035601983170302, 255
2.6193246216476833,1.086415979102192, 255
-3.449134432786578,5.167438098922599, 255
-0.9926401562602507,-5.3771247447722565, 255
7.118984008863595,-7.137359546013691, 255
0.24297689082867535,6.839397166691505, 255
6.842952868107211,-0.8748195477505902, 255
-7.418062436071535,-8.14959902332646, 255
-8.353924197126721,-6.639315536642489, 255
5.692989100823674,8.09580068123747, 255
2.555809667809747,-0.27214651947763, 255
0.8142341019617039,-1.4333004287678541, 255
-6.952424398734052,2.5544441983192527, 255
6.225099240760741,-5.7201113982492195, 255
6.702163540614087,4.178043880586573, 255
5.58534851430035,3.007305113915887, 255
4.648630172141409,9.9113418745433, 255
7.138670506293067,4.30178733154519, 255
8.618042095783427,-3.112784118047891, 255
7.05384343212468,2.68633813950704, 255
2.7780304462507495,6.959204145410116, 255
3.3995387016308705,-5.676338002369419, 255
-7.8153696418689815,-7.288171329577235, 255
8.12277815474754,-8.82403632578194, 255
-6.9746659604142325,-6.780300252883695, 255
5.343233243902725,7.294988590295983, 255
-9.804542208423115,-2.2026847253930626, 255
0.8676913696033495,8.031641588251162, 255
1.0738890599618678,-0.9033971900309758, 255
1.7880130188270567,1.1279522098959571, 255
0.8291330090834137,-5.887278940113636, 255
-1.7953759826554094,1.0725930577958405, 255
-8.933801419411058,2.16352007668182, 255
3.044622316185796,1.8394881352626555, 255
6.628554635367667,-5.586226997366774, 255
2.5074266711800863,-2.447669175670386, 255
5.242109375754465,6.0685153583713, 255
-6.737448533330717,-9.315914607586947, 255
6.083483887683759,-5.67376255590029, 255
-3.8441318433230887,5.066858676011254, 255
-3.114964780045179,-3.1766580009895096, 255
-9.910306792689186,6.491723121095681, 255
-9.317129830784168,-8.166563921010479, 255
-3.200877202619248,6.665807719382492, 255
5.662332578836578,-9.85191711114895, 255
9.873320911819377,-4.830569630229151, 255
-0.1752855759407197,-5.840967974629951, 255
0.5740441658511486,4.015130177553372, 255
-2.7155761694917064,-2.692640176784618, 255
-8.69559446780265,-5.085020157914062, 255
-6.010170588978399,-4.491118232767082, 255
-2.401033653004154,6.187303156661333, 255
2.097164724738512,0.42882464066823545, 255
4.452489189370981,-8.267846391550009, 255
3.430058855640697,-0.07644557868280266, 255
3.023080105757721,0.7467914482448847, 255
-3.6712203655148716,4.880044228022928, 255
-5.053164553642269,-8.005054553223388, 255
6.9225186073817895,7.379338874517927, 255
6.303207232040357,3.3299210635230274, 255
6.3825005416097405,2.118074574652894, 255
-6.6866357214043255,2.7339203036438864, 255
-7.852160620792108,-0.5606380294899083, 255
-1.8569458187370707,5.219209269711385, 255
-8.0647410103287,3.8511529463600613, 255
-9.143323375557006,6.396763136154448, 255
9.07606528550702,-3.1850159005639096, 255
6.627856285235193,-0.9850423908592454, 255
-6.808953311963948,1.8109258396343808, 255
9.177305209743658,-6.017188938789053, 255
2.918085485319459,-9.183647235775052, 255
4.961033378731569,-7.147690431149297, 255
-0.11555941714126305,9.412791389288433, 255
-9.709237493364409,-8.928696206963746, 255
6.156919166668093,-8.32755756873424, 255
-5.356234883364602,-5.921311864009288, 255
9.063828592809145,-5.2858593675906995, 255
-5.484214966113949,3.069046908022697, 255
-5.2291742910359655,5.0265521671458995, 255
-4.291057659395796,1.4541149989098994, 255
4.796005251081896,1.6208562485937108, 255
-1.0307916408865037,-8.229255686028392, 255
7.677182239436046,-1.2796701659745846, 255
-5.4215401360848166,1.1970120207708206, 255
7.695904657693987,-6.39364351018489, 255
4.921560628993387,6.309870982574907, 255
7.30728817097264,-3.5070945401792253, 255
4.327862268173854,3.4495815669206173, 255
-7.563927804055536,-2.588357176075327, 255
7.428574969143142,1.8502407536160987, 255
5.496084379847677,-9.343907290287628, 255
1.9527243738870332,9.676871892377292, 255
-5.237152094692384,5.3006225674024705, 255
4.039580149105696,3.8311999888463983, 255
9.221356371788549,-8.984967944282797, 255
-3.4066271554360235,4.120171268848203, 255
-4.646395293407708,-5.624170517915843, 255
3.133509211733859,1.7482453171140584, 255
8.97040746833273,6.273479035668796, 255
7.800605241884963,-8.027029221225064, 255
9.18761572148243,4.486469830647344, 255
-5.0543953107114685,-3.4707616823939684, 255
-4.256397884308947,4.41033871386834, 255
8.798102202112766,6.502031346457009, 255
4.666352463935331,9.650543621261928, 255
4.17883551011138,-9.442350878773983, 255
1.6619126652223208,9.053924109328278, 255
-8.637742772059529,2.7443058115752184, 255
-4.028513255404951,4.402439027997026, 255
7.727757555986486,-9.059856594636093, 255
-3.045522291195322,7.869651260724794, 255
-0.9238679173201003,1.8054526724072808, 255
-1.8457356038253518,5.415705759829661, 255
-1.5942186641798237,3.9763962257329037, 255
-6.203612718494971,4.383659183796274, 255
-1.0746333057762172,5.41833944437988, 255
7.634229488028826,8.314548041917107, 255
-1.6799098968492778,-5.420897751953038, 255
2.6165086471129246,4.726233199484897, 255
-6.394235909072819,8.905795804112213, 255
0.5920760417694844,-3.3288180307487654, 255
3.8170288820454275,5.601915066935582, 255
-4.573683363872403,9.506959759189105, 255
4.383588993653532,7.235810473895402, 255
-3.6604704745213983,-8.831292653679547, 255
-4.277368485967006,-4.864960520328941, 255
9.596439201457702,1.7959146433533153, 255
5.733752988226291,4.315501700966799, 255
0.8555814425681731,-2.5712263257793673, 255
5.8246092068489315,-5.0424320174052095, 255
9.721300479632752,5.710827374968543, 255
1.2815701241669792,-1.6772677237124256, 255
4.718238480932994,1.1578835901820668, 255
-0.47698376819038835,-7.2929773936699664, 255
-7.618802318500211,1.973873704497585, 255
-7.211677562111021,-2.216861970148978, 255
4.614432933956778,0.05821442423965806, 255
-2.141968355050201,-5.09757622984888, 255
-8.868546940975117,5.279229334218346, 255
8.57051098901891,0.010572348146398625, 255
3.566274802154801,-0.9572492680159765, 255
-9.844073141972027,-3.686987312503067, 255
-7.01243759241515,6.372353425481791, 255
8.802124172754684,-4.833527979211563, 255
-2.788307610553515,-4.135052623635975, 255
-6.578998951078743,4.327394174275847, 255
8.07371267955103,3.103520180192392, 255
-6.039541360664844,-8.812220940929656, 255
8.208176544260773,9.998801137960523, 255
1.8272760068168346,7.446078173589111, 255
-0.40295282826290624,-6.721993077540249, 255
-3.182518583846992,-7.124370008368317, 255
-7.076787432988643,-7.718129824808367, 255
2.1913865006219844,-1.8715526269645615, 255
-5.281323347899081,-8.1963373460867, 255
-8.224063373690536,7.063384131792656, 255
2.731066171156648,4.2551335237869985, 255
-4.609423851880756,7.9518730851914725, 255
-5.631845602706793,3.2218765025498737, 255
7.221544632859178,8.8189063921686, 255
7.026874111813104,-8.468750141103536, 255
7.140996861242179,1.736749140011593, 255
-6.488653320219743,-4.117383907669505, 255
-8.1115275653908,1.538167460275142, 255
0.5444811225509341,-0.8609101617349992, 255
-9.505779618914548,-8.328944662969281, 255
7.8022820861319815,-3.8327721970516437, 255
3.1351540029561225,-9.530125525640177, 255
1.4861586393219497,-3.7449865924300614, 255
-3.5498430516333057,-9.55915919517912, 255
-5.671402289219083,-7.10537458842929, 255
4.0732566110817725,5.289360804750665, 255
-4.568034232436588,6.9574634788456216, 255
9.289168693897619,0.2825247150956667, 255
7.374525444482231,-3.7174621712866767, 255
-5.091057662562292,1.7454366100220042, 255
4.476937829004244,7.734675962532325, 255
0.5921827829788491,9.581516918990722, 255
-4.38470458935996,3.578507918204748, 255
-1.8048120495835782,1.0879204819179815, 255
-0.1944363383703802,-7.822736444212264, 255
-1.6354392313422483,-7.932319794523299, 255
-3.0951287899309428,7.139263108065805, 255
8.092301319534727,-7.483139765615396, 255
-1.43624763885156,0.14549776272033554, 255
7.38432126599924,-5.384639376209699, 255
-4.896538786944886,7.3341726813507755, 255
-5.876405958863032,-6.949280755197584, 255
0.5128241936867219,7.951629728214645, 255
-3.9360676255606037,-5.605332569727139, 255
-6.897339590919702,-4.63836928010811, 255
-8.621169697140314,-9.086869958781524, 255
6.314018552012936,2.93590477443505, 255
0.8933185980911027,-4.5568758823273985, 255
-0.9596743992931422,-1.8246689106492582, 255
-1.3441396717504333,-3.0387502337601173, 255
0.5098302726754671,-7.327037601719669, 255
-9.773321346980223,7.616017101863061, 255
1.3800342496223728,7.217348343240332, 255
8.718638182715598,-3.579651303326097, 255
-0.9431512939277571,7.9586760801858745, 255
-5.969559215628029,-7.062430071844008, 255
-5.548487909646484,-9.06239295552832, 255
-5.108709186102893,0.016734976373939503, 255
-3.254144724984423,1.25934055249113, 255
9.787423596489344,-4.369138342603652, 255
4.2981686208439775,-4.163377904276981, 255
-7.683503965976528,0.6961455799935585, 255
-2.344249881882434,-2.257518831250218, 255
4.624315982221152,4.755190321897832, 255
9.141272893581942,8.030475230786902, 255
1.185066601096123,-9.377677422173461, 255
4.397343799039277,5.664784915489918, 255
4.362448717886011,-7.535024548502271, 255
-6.106663774124684,5.845046551250455, 255
-4.914986751973487,-0.057216578132299745, 255
-4.488592498371098,-0.1792761416039852, 255
9.478279814367795,-2.651035217450941, 255
1.6838512652940612,-9.434256883668512, 255
3.6446867196897443,-7.622605228734036, 255
-4.670901316097391,-9.120758845143337, 255
-1.6161226578199912,2.947393782409744, 255
0.6386129264268465,-1.5938700164520796, 255
2.6757342560563284,-3.995513237230064, 255
6.590682092792129,-6.909787446011359, 255
1.3785575600763256,-5.559879783154482, 255
-6.988107904535569,-6.98427472435815, 255
2.8881463196978263,-7.33437879044785, 255
-9.327014165698284,7.176194058724224, 255
-1.8001699764074335,2.056392783754921, 255
-0.2475761145378641,-2.888907591696565, 255
-3.4023006435773535,4.979841882966236, 255
3.231747796284747,5.316427789041594, 255
-9.96690347359291,-8.396497457587017, 255
-2.7533786445875457,-0.9366755680272849, 255
5.9463972096625355,-7.974959216647768, 255
-4.284361451403226,3.5613712640876685, 255
-2.377974734693675,-2.4859803628692934, 255
-9.32398455053637,-8.30149158043348, 255
-9.858662767400475,-6.317725291596126, 255
-8.597163661703547,8.830746828713337, 255
0.8946659910373711,-9.915949535490105, 255
4.304351759733569,0.557269934646996, 255
-4.204919077953528,2.08986305827381, 255
9.28906170386455,3.8731256044437306, 255
-0.731671308103536,-3.251614751487974, 255
-3.109583559936377,-9.506003895928512, 255
2.503720968639966,-3.93144016551751, 255
7.1310332232080285,6.014301130955683, 255
-7.402593726708528,9.699076038452784, 255
-1.5688006808554622,-3.358290138688666, 255
-7.337060871040901,1.6922427305736711, 255
2.27721153964376,9.19360798036973, 255
5.416025000929137,2.7044569499837774, 255
9.029666332671802,0.5444193411902791, 255
-7.3666417550818615,-5.444747435945649, 255
-8.544458444591282,-3.1243708117254503, 255
-4.287698726719517,-4.200302958295854, 255
-8.924443093107868,-8.23488024087014, 255
-3.524690683061211,1.6896736280329918, 255
-3.0903830579511933,2.0598954105942227, 255
9.549740664522048,-4.264722911603975, 255
8.976037041415822,-3.217325276620631, 255
-3.7165108926797057,-0.31545409887779385, 255
4.904771352474629,5.737133597350095, 255
8.211914248772331,4.37466254943317, 255
-5.965399361925201,7.186193384083104, 255
-0.4108351159373598,-5.85819904991042, 255
-5.596148290015012,6.028936260116019, 255
-8.898682805837492,-9.778928295686008, 255
-3.4457057944641933,5.5165506029567, 255
-5.981825383935675,-7.1056758405648734, 255
-2.2788844330151337,-9.103838695562024, 255
-7.548074843277037,-4.214464726556926, 255
9.472877999152544,3.4135944618521883, 255
1.82151361662752,0.9085567382068369, 255
-6.366091831868809,-0.6822501189233972, 255
5.780466148343258,4.4117978768318284, 255
-3.38794331953173,4.9063965377552385, 255
3.71139414679433,9.820889561680211, 255
1.3724614589915163,-6.185553408929856, 255
1.7298918609289675,2.958250013299086, 255
4.235875981968105,1.827248732915148, 255
7.476042744166868,3.2729709369267503, 255
7.790942218007771,8.585541690813539, 255
8.381228430492886,-3.1948129423372933, 255
-8.959148985433234,-8.75890402675904, 255
1.456669625008475,8.736675182435395, 255
-3.6122605232918232,9.325213741473743, 255
6.287544361481963,-2.87483747306168, 255
-1.9730055332961491,9.333626844229475, 255
-7.3517254529811416,5.461638331254461, 255
4.603695456247596,3.570964299353424, 255
4.824034855591481,-6.591047003833188, 255
2.352332679884883,-3.6734959825661306, 255
-1.0645341104059796,-9.952068454500548, 255
-5.473210512704767,1.938857466039865, 255
-6.598950652656413,3.7976315657416784, 255
7.943161818948855,7.520879983403063, 255
-8.851687306888902,1.6113095006029496, 255
-0.7787270863146301,-3.5527295631409217, 255
5.8640447797658375,8.926795072075645, 255
-6.910716239395294,8.436465907477178, 255
6.178746321505244,-2.5687282673333245, 255
4.824556573560654,8.20886370303819, 255
0.6104787859133936,-9.919400669527821, 255
-5.214308004535555,-1.3572298862065857, 255
-6.8580787926911135,7.166870323864693, 255
-8.497385331771435,5.0188775659557585, 255
-9.23929282517684,6.765152480863115, 255
5.095134395676483,4.304648884182729, 255
-1.5763900888910563,-3.2015451378772974, 255
1.6091300657178476,5.104655032620764, 255
-4.179735626303183,2.602437796963738, 255
5.575673733415702,9.570169714974735, 255
1.3301487669578531,-3.945804912520579, 255
1.430503527631375,-6.445449333392547, 255
-7.730282831807749,8.837140966014761, 255
-7.04851089852421,-4.170595575299247, 255
9.223418617760778,6.169082753487395, 255
-9.363191401845764,-3.645319309723667, 255
-9.859666479432867,3.0802248843739317, 255
8.880911866090994,-3.471881221124722, 255
3.0147579998505147,0.5157557564780006, 255
1.7376729776985993,6.5597394972810505, 255
-2.263510025210409,8.693022690343536, 255
-0.352394543760731,-1.0288393110624838, 255
-0.36332818260962796,8.800489905691926, 255
1.5513063088343912,-0.7054185978172871, 255
2.514563524902101,-7.383281070204384, 255
7.4182832816957145,-2.2744371500462908, 255
2.1041209830981895,-3.5001159965353086, 255
-2.110849026809394,5.868773104804939, 255
5.264109972734001,8.979764370575733, 255
0.9347260157093,2.1298994593095717, 255
6.925753788205146,6.703034221765133, 255
0.08699837968741342,1.7954802700934263, 255
-2.3696822789674616,-6.264746068443168, 255
1.314898519523899,-7.341571012722881, 255
5.84002943258286,4.430882712042106, 255
-8.71837629419963,-5.843753536584724, 255
-4.572231925907422,8.729166258779788, 255
-4.787470058982752,-9.295196424503775, 255
-3.3552084500801715,3.8107066883900647, 255
-7.2782345098535135,-8.754524836391049, 255
-6.904240639335537,-2.3588585584547133, 255
-6.223941850544145,-3.4507799887726653, 255
-1.894969190953585,6.877532104878902, 255
0.04993326303595502,-1.898610187130732, 255
3.4804941637428755,-3.8462548233588567, 255
2.5843537778569754,2.969615301614912, 255
7.8521889482376075,9.148757663891654, 255
8.055869716217273,6.239364620954653, 255
8.418778595937354,-0.14505653966501342, 255
8.839018359698116,2.46633675891111, 255
3.477288661573901,4.747147554107531, 255
6.748760513623033,3.501747553761959, 255
7.986077176849069,1.7727038747037849, 255
-7.302895452929825,-9.08411034975713, 255
9.964381943928352,-3.76359080921217, 255
9.404356471893067,7.923630190068035, 255
5.068694330588837,4.830957949276032, 255
1.5085774691669407,0.48165017613729866, 255
-7.492230147023555,-0.016431439638608936, 255
5.903370372886005,1.6117038683548035, 255
-0.41323556472759293,-8.345351108606318, 255
8.643337970526478,-3.532013148235629, 255
1.3733543963587778,8.276051886897996, 255
8.131886210198825,9.232995269258712, 255
8.742226497344376,8.958594592501669, 255
1.7382065170634284,-9.742951221293982, 255
2.0927559196207106,5.644534549036052, 255
-1.8148671347870042,6.831341302988577, 255
1.078950392442355,0.16992332562025148, 255
7.32764826474909,-8.331615807734467, 255
0.9499921668928923,-5.053085286382293, 255
-9.527754094985344,2.4010679266424297, 255
7.532452347996312,-8.012692094698338, 255
3.964051998029852,-2.5306260557936255, 255
6.929744421056,-4.906838093412002, 255
0.8951424683034048,4.639015949265158, 255
-9.641682447316885,-9.716825397633235, 255
-1.0574362610427137,0.6360429313299534, 255
0.16009049827148125,0.23160917277366977, 0
-4.969875853481875,6.025265605291491, 255
-3.9456146245382246,2.044238801305003, 255
-0.71125407696087,-0.8294394652952342, 255
-8.592659593862832,-5.492533571796631, 255
-3.1227659195790007,-1.5729990965331258, 255
-4.288267955204934,2.601967976258699, 255
-5.913856449969142,5.120910141013859, 255
-3.511559082371882,-7.102857668533769, 255
-3.2924987491944346,1.4862493564785062, 255
-8.266994293284098,-8.928826036398155, 255
6.989127881174664,-7.0620442108109005, 255
8.342161071811745,6.302377689028695, 255
-1.214381111479037,-1.917525582519513, 255
-1.2128679157064166,2.71039635695281, 255
2.412333809608551,7.776091343737317, 255
-3.763424463908329,-3.2300487277788514, 255
-1.5198930256696244,-3.316809456999632, 255
-3.4460861222659656,-2.0462947635031847, 255
1.501971714176202,0.31918642012020726, 255
-6.056625377833365,5.6615022827581445, 255
-0.7852885358070338,0.6585167509664895, 255
0.2527243668641699,4.153213510690719, 255
-1.0129743492944456,-0.7899159419780624, 255
3.677577261173324,6.3498424008938485, 255
-8.591289628581444,3.706888422163564, 255
7.082079423412612,9.444738257848812, 255
8.280438250123701,-9.82975293937114, 255
7.238162359030319,-0.6048907204594727, 255
-5.435600904311557,4.514109795739365, 255
-7.426733473192748,-1.8373301007128156, 255
0.48558105439747834,2.4022384765076197, 255
-5.688526325573231,4.436789679752982, 255
-0.8808616827986455,3.468888736761537, 255
5.412733244899901,-4.874259799749005, 255
9.207683029807278,-2.4746193414020867, 255
-2.280047366052753,-8.498761165581447, 255
7.773714533246398,5.744041099552659, 255
-1.7224470402858643,0.9391483223265205, 255
-9.500056385055844,-2.101894582109507, 255
5.204869289564577,3.580962649073891, 255
-1.728186886447368,-3.6136182329229083, 255
3.128653078735306,0.7905774160207653, 255
6.6041338278876225,3.125030726138988, 255
5.964209717937157,2.4288157431593422, 255
-5.400318902342313,3.1246070463140114, 255
-0.2711419843083931,-0.7048241157649642, 0
-6.3660616613222665,-8.393960326405312, 255
8.820938523034169,-7.127013946466889, 255
4.358816978524507,-8.184583649317803, 255
-4.724983449046835,5.987232950366582, 255
-5.043863177681292,5.143941614376725, 255
-1.3202937416778209,-8.149835544783848, 255
3.4328611863878393,-1.4620667261329459, 255
9.139206281865533,1.9019770752711729, 255
-9.86526962474981,6.674425465056281, 255
-5.683142617076853,7.2642667502172, 255
7.947837604063185,-8.811202193471427, 255
8.439808374713945,-0.50061570629531, 255
1.7470848539678343,-2.079992339064667, 255
3.669875863989784,-5.635402827347473, 255
-5.718907225045964,-5.946450777471397, 255
-6.506026253932533,8.884548582689217, 255
4.9678672609824375,2.8681541091373752, 255
-1.2481872242341687,5.648070881678294, 255
2.404765263889013,-4.1901754614598685, 255
1.6401179352789974,2.2505751003307317, 255
7.414248210969696,-8.82502106204085, 255
3.4989090095885533,6.654157933735764, 255
6.274817925383804,-1.4405560634217718, 255
3.067043987046807,-4.642431581768241, 255
-8.146419600484386,8.41390484467697, 255
9.881667396098528,-4.0089429025956225, 255
-8.86542834005911,-1.9475436003191842, 255
5.192475656856786,-3.2031100967161397, 255
-0.6455897910909325,5.2520572392323, 255
8.554231364830908,2.3614326041051115, 255
6.367654106242185,-5.270800315036883, 255
-6.243545408177633,3.895617404450249, 255
-3.417305258830698,2.8574740764203543, 255
-5.846890099984634,7.1646315199598085, 255
-0.47074286116983544,-7.27459803082688, 255
4.242058560650282,-6.968063955326538, 255
-1.4263605803056976,7.015973695357648, 255
3.9930240384212485,-3.3314232405704525, 255
-3.1563364021304263,-1.4537281176417203, 255
-5.818420190588977,7.113774000264311, 255
-4.746964819729367,-8.323338487998326, 255
-3.3381556312499683,-1.397872680995821, 255
-8.414824674665663,-4.492307575668204, 255
-8.474396163340996,5.198075715499126, 255
-6.810278073549263,0.9654502066593533, 255
4.704241147313855,-1.7413477723007809, 255
7.847564823393981,-8.519974518207958, 255
-2.8976962075732597,-7.763156640723339, 255
3.4549276833966402,5.950278794138741, 255
1.7916713590640416,0.6950657049394611, 255
7.320465060271474,3.7145291045871094, 255
-4.719102431353559,5.976605965562843, 255
3.157712539962887,2.254041578323239, 255
8.2396010307146,-0.9572211036766554, 255
-4.87240096733265,9.479445413271716, 255
6.619169611486285,-4.974988151033568, 255
-8.129611308912708,5.081849273000881, 255
-8.783811302035948,4.7224348918959755, 255
1.217715660830299,6.107303421088563, 255
-2.8805128181679702,6.999900639873303, 255
4.524709477068258,-3.7447086936051477, 255
9.597333562664176,-3.8521590228138542, 255
-5.356148382924479,-0.532320120581268, 255
-9.389324545485223,-4.83301871187191, 255
4.593535761099574,-2.2251861680783307, 255
3.0206335361228795,-7.590620542912743, 255
0.5420842586235715,-8.812844497405386, 255
1.9396222622518149,-0.5678035150252683, 255
4.677041500384169,8.004353941209473, 255
-1.0912101791880264,-0.2782260965503447, 255
-8.693502118526252,-0.6800794278744693, 255
5.32925582959086,-6.59210240452206, 255
8.131656506919555,8.600267006521765, 255
1.3912922271661756,1.8936580619826042, 255
-4.622264355706836,8.454782259314303, 255
-0.15555620352898814,2.562364790892314, 255
7.162054382019537,7.6342546659199755, 255
-1.3804148326808772,-1.4966169519347403, 255
-7.0289634063566915,5.732461698181869, 255
5.29868392768333,-3.2434888082644076, 255
6.294686336533875,-7.314167628801441, 255
-5.639081796732588,2.030309326829281, 255
8.31057101038223,7.819304698705956, 255
1.509806995845997,-7.117269900388152, 255
0.41047964306030593,2.0215042341629754, 255
1.0504825855574431,-4.835166032484997, 255
4.780005359439963,-9.34868060816784, 255
1.7216677632757111,-4.201322081545841, 255
-3.3922623419677826,-9.344646874128713, 255
7.4861470934665135,-7.334092339161584, 255
8.604663099219259,6.232786672534559, 255
3.992317415286095,-6.3272759604290485, 255
-2.1224656611135506,0.17259814613111324, 255
-7.927262830530366,7.885976191637123, 255
5.089394728063542,9.289071875646048, 255
-6.933931305804908,9.014218267873499, 255
1.9284925952405079,2.256793626575437, 255
-2.3172562277270936,-3.913128573948061, 255
3.5659360560672315,0.990794632158071, 255
-8.836179121926724,-6.424291447442368, 255
4.93429465832615,0.025793794573827356, 255
-9.443861043743704,1.1666582173398776, 255
-0.8641848019847167,7.459751520851448, 255
6.798760918751437,-9.54699724886287, 255
7.4983409651768405,-9.224459947364604, 255
-5.9410942655607,0.003299507988872463, 255
9.907364093564613,5.801796223873321, 255
-8.793976296424633,-6.013175269688434, 255
-5.040810203030237,8.937109407579054, 255
-4.3732937713095055,5.874542826987355, 255
2.4461962385082536,6.225233404643511, 255
-6.712159229646389,-9.68678772739488, 255
-7.386737247561825,2.317267936232179, 255
-2.007789754902305,3.521011069398014, 255
-0.7784195135613174,8.250097248874354, 255
-1.6322378264857047,-6.1613639676154275, 255
-5.739523756372926,-7.598725712180599, 255
6.863054915020818,-1.8843802231664757, 255
-6.141311253397552,-0.6657337218284738, 255
-6.423646760744644,-9.210318931374273, 255
4.5358657128638065,3.448188863991284, 255
-8.913792635218964,9.159308103105893, 255
-1.8435292935213283,4.4431968694459645, 255
-1.830387742035846,6.110199722838775, 255
8.762000636570075,-3.145469927615629, 255
-9.077037614272141,9.250972227988086, 255
8.758433470423878,5.261900727988438, 255
-3.624956753238136,-8.45507721870594, 255
-8.140179963016516,9.208984071970011, 255
5.785586518501152,0.5574860812358047, 255
0.4756911951911196,-0.1224581825618607, 0
-7.523422055436065,5.159068201688793, 255
9.97915425353085,8.998934649514709, 255
-4.777041089996206,-5.979917226770817, 255
9.337385822121373,4.019086317352487, 255
2.368134897305211,1.8908227738559464, 255
-2.1788985137915162,-0.5927947907886413, 255
-3.2019772831313382,-3.154631596286843, 255
-7.446439859323773,-8.997776194108244, 255
5.2147105195388335,-3.4980771320771993, 255
-0.33099359799453154,0.9384114255083631, 0
1.2989312997860214,4.493772777473534, 255
6.115216783733118,2.0155979305444642, 255
3.7098615666013206,0.8328953588238459, 255
-8.52799885171011,-9.169131012743112, 255
-0.04050575065548756,3.807512734799401, 255
-7.593239493295034,-3.4125243549174193, 255
5.666197327360731,-8.081582597014991, 255
8.286298152346767,-0.9015910564275877, 255
0.8340564411050728,0.8893868409205368, 255
6.134910577009027,-3.015726325493646, 255
-5.278853494580369,-5.627341548050162, 255
2.2403341780915333,4.776194104123155, 255
3.554608434767708,1.0312493822855888, 255
-0.9976251449180413,5.353741650153729, 255
4.71458530204516,-6.084473330731484, 255
8.638163436458598,3.793200322040594, 255
6.1767893324953285,3.5985757726991388, 255
5.783708191917004,1.713110258207454, 255
4.698385457365228,4.563106363012654, 255
-7.144639402159818,-3.5531453472811636, 255
1.3791195013130242,5.061597695558927, 255
-1.9107077992028252,-5.371959591397754, 255
7.0091161840095,-8.872276747443381, 255
-2.1008858083328956,1.0955247061512665, 255
0.010460308311746047,4.194251795879049, 255
-4.149259390401163,-7.150408968177777, 255
1.1959391637774193,-5.218225158722576, 255
5.4905766810530405,7.714600800953463, 255
5.522232144303221,2.5873779635996677, 255
-2.0619453097772027,1.6055353273915571, 255
1.5574065984492957,7.878683717576809, 255
-2.020492459762801,-0.21726153571694162, 255
-3.3154968261258784,2.924280878017134, 255
-7.3516681842251375,-8.69432773488244, 255
-1.472497199163067,7.499022605788454, 255
-4.4634767624336895,1.0122755443867444, 255
5.680031299836282,-8.761695281500161, 255
5.1801949616632825,-9.374759534542733, 255
-7.84994471184717,-1.2613096404514241, 255
1.3529837879634865,-0.965646208681818, 255
3.754801463367656,-2.461454774528649, 255
6.304003433972262,7.333417553447671, 255
2.6542570063850324,1.2359392506287783, 255
4.815687256999562,-7.207109373059204, 255
-9.587997269495784,2.446173472507221, 255
5.115273735193371,5.432868078164045, 255
-5.097961077553991,4.014602770184634, 255
-5.40917348658259,4.687397176364389, 255
-0.42329145772779064,6.785729719490476, 255
-7.59477369897372,-7.3917016820946895, 255
1.9110201361273234,4.240098634101166, 255
4.203640270110043,1.6628977050920462, 255
-3.8253914756445218,-9.729924492863532, 255
-9.840081937940312,8.67557055372951, 255
-4.731242777815991,-1.561530251489554, 255
6.847528394403799,-5.318031845229165, 255
7.852572463679259,9.096181998819034, 255
3.5912798091544484,-5.991641164300163, 255
0.5397614620376281,-0.7995027318306995, 0
5.160960819745156,9.285366441745293, 255
-8.541435063118012,5.419457107833537, 255
0.44856996786359815,-0.6635959647406509, 0
4.7162149898273675,7.570033909047265, 255
1.0982830745720769,5.423501922959289, 255
1.7163622776525251,5.62412721168184, 255
-6.37534325708484,-4.644223850849471, 255
8.132721250680554,-9.397345086128329, 255
0.555522911807433,-4.860398578341019, 255
9.944919560216263,-0.8320218309585528, 255
-0.39361317435644594,5.72855215381635, 255
2.9712038081501806,-3.558146316028534, 255
4.820468072645522,-9.541432966373549, 255
-7.926702647475059,-9.50110796077279, 255
3.826359697395624,1.3743556493513722, 255
-3.298067956503072,-2.4735796243762698, 255
-3.4545392443561678,-5.373297972037592, 255
4.928191687665324,2.429199406071403, 255
1.1145700456439744,9.850491250789876, 255
5.444912392194345,9.527687532611449, 255
-8.936998627691029,-0.46703384507553736, 255
-8.471647747397938,-0.4144462789523917, 255
-8.558273807093208,-5.9302723545192215, 255
-5.0474003361313,-5.396640151391001, 255
7.995040409266252,-6.359501082766668, 255
2.5943161362415186,-3.4242703436062483, 255
4.769583708541603,1.7757132721090851, 255
-8.274880903661796,0.1319057856701189, 255
3.180215603659164,-4.679924107408477, 255
-2.235112897460894,2.2914707856423817, 255
-4.7186137515838595,-5.691643358652863, 255
7.736307433849046,5.812859493317559, 255
6.1084251744388105,-8.201918958411392, 255
1.3834779721258545,5.634700884566591, 255
-4.522878172003503,7.255655910075262, 255
7.815509773349099,2.617584886689313, 255
-6.10323830878114,0.6882599947750574, 255
-6.176437464570244,6.999893530347908, 255
-3.7007685639060934,-5.95935360303619, 255
0.8466043916379018,9.96078946021061, 255
5.55301781980422,-8.222369379087562, 255
1.5175699433764613,-1.9279271517751067, 255
2.251963497358904,-3.606474284146559, 255
-1.5094783136610328,-1.6963101891962555, 255
5.686723668523959,1.8314077512547904, 255
6.9364039037715415,-5.847528755183038, 255
4.802465345564501,9.674844329330572, 255
6.472736762652659,1.3829683915103281, 255
4.534047516204716,-2.9849038704128183, 255
1.0580083346784512,-2.5020531891962587, 255
6.584342043145778,1.036607649557732, 255
7.4383300228437434,-7.579596333932375, 255
8.957202816578608,6.076471974051067, 255
-7.031764128060858,8.485293534497952, 255
-4.994601652591313,7.599085275510237, 255
4.565130576947563,-7.27649586980875, 255
-3.1473596018189003,-8.028672007545284, 255
-4.8878421996418915,0.5735160841271458, 255
8.352987739657497,-7.506982782630132, 255
3.360362590846993,-8.783224671065078, 255
8.931433307893869,-2.051206409276034, 255
-6.851872073210165,3.140433760061633, 255
5.758678900142655,-7.436312714814419, 255
2.8964980098656774,0.011497891968385687, 255
4.138688987496437,-7.269315914051646, 255
-6.7935199006771345,6.521631013304663, 255
2.9741209771835386,-3.4744155501066043, 255
-0.8690915743916641,-0.5111990395471864, 255
2.246764363048708,1.8398668285154116, 255
-5.235990771679573,7.293414579557485, 255
-0.09360141130088451,-2.8251745988950505, 255
-7.341478867856727,-7.31028182467965, 255
9.803857149843012,8.47044732325109, 255
4.094218965750581,6.99143925713706, 255
-9.862806568164402,-3.318777556474137, 255
9.794695105426701,9.64407216493381, 255
-9.223821544463977,2.555774787945639, 255
3.0565259603879475,-4.22221425899173, 255
-2.7763260249596167,-1.2249722359692754, 255
6.009741973026795,4.40579965613988, 255
3.726279713797627,-3.9239585996826998, 255
9.519477522271899,4.445993186921422, 255
-9.868132462878252,-5.578202517898008, 255
-2.9732437922350545,-0.8446500991191126, 255
2.6111497589314165,-9.0205371109198, 255
-6.046508070516343,-7.1514453016788, 255
-5.068618193855219,-3.5906930786046143, 255
-3.0033992243421004,-5.623658825899335, 255
-0.9248168942375141,2.9723984402085755, 255
-7.431370207927779,8.983910935686701, 255
8.403004608166473,-4.910716643138759, 255
3.360794175607131,4.294415798519278, 255
-5.6646732999164335,-2.4707417067412907, 255
-9.856095216927867,2.949468928678435, 255
9.352368655601872,5.595698235262297, 255
-8.188980930184986,4.818261350763828, 255
4.764485487795589,4.939536045097164, 255
3.893336097680649,-6.249840149223886, 255
8.250411233318996,3.6910174644499865, 255
-4.176824738423153,5.304566170923495, 255
7.593990291978777,4.495947607078881, 255
-7.242607850711568,8.689950823384208, 255
4.145473257608746,-1.9151033576257799, 255
8.924994843548511,-7.0540643578314395, 255
6.367058528748586,-9.537373962155318, 255
4.834575162363887,8.295340205450543, 255
0.947065279949804,-8.296184541816388, 255
0.0930435823830944,-2.9241852284442515, 255
2.716995688888364,9.759034202754787, 255
-2.4651205219594257,-5.676999195019263, 255
-9.537290608208352,-1.4648071815131232, 255
9.788146831575045,9.945868905642055, 255
-9.862901466273865,7.493886045126832, 255
-2.857701685602727,0.6478489567653494, 255
-2.484428190884138,1.7526280841384345, 255
-3.138593106615537,6.118254253684249, 255
-4.868329090086414,-5.573701532665137, 255
-5.1669432277725775,6.632196677455781, 255
7.53784092619647,-9.665035247147276, 255
-6.59803248045532,-9.720577411233617, 255
0.35164069724707936,-6.599287684904864, 255
-0.503730141335426,3.4723155750680696, 255
7.650000127014906,-7.617382912929694, 255
4.74149955955831,0.7886128806788655, 255
9.205868746249251,4.97284388922267, 255
7.787222387347192,0.5443564204522193, 255
8.699539836350642,-6.300036878496198, 255
9.553148166567993,-3.297145521070119, 255
-7.097240209694813,1.284691525309615, 255
2.0647032481503373,1.567050896348011, 255
0.44160006839272725,4.706410465166297, 255
1.1600241508134506,9.77010779725752, 255
-7.252761093219286,-2.93151635414646, 255
-4.421031710769094,-4.6266241904971945, 255
0.6400625874638415,4.458446692655418, 255
0.501688854419875,3.381481108832551, 255
3.5051585458714225,-9.411858984245008, 255
5.435388687001403,-7.3833502711236125, 255
9.27432339507235,-0.5565463560757102, 255
4.170302322920744,-7.5978318903745645, 255
6.10611434917627,-1.0119139434147435, 255
-2.287069149661958,-8.240669685219784, 255
-7.496501653960097,-5.339151159433147, 255
7.692094011671681,2.2683675208033485, 255
-3.4289998370217774,7.821800173497987, 255
-6.685367351328287,1.175084551459717, 255
-9.263146811485196,7.51257840735364, 255
9.915412854151779,-4.999321286058276, 255
-3.5417852739844875,6.046256038342747, 255
7.688059888650663,-7.611719772763759, 255
-6.399721184762457,3.583951341518329, 255
8.07101349526961,7.842681897155689, 255
1.233987108850755,9.318120528134283, 255
-6.1160590852426715,-9.118800205214335, 255
-1.2727054978805423,9.625702258106156, 255
1.7568603413264778,-2.642105095281952, 255
5.289927011497657,-3.677351623981626, 255
1.1688300140601715,-8.591658869944832, 255
7.641634121920937,-6.223771151678548, 255
-0.27751523803490663,-8.60662006475735, 255
1.2814038096280544,-8.350585105937494, 255
8.694770528551683,3.88252944738322, 255
9.702329622922733,-7.475580161956879, 255
5.709456308065173,-2.9932483936016325, 255
-1.3141962868749175,-7.58768228879287, 255
6.116117612258904,5.809597741260898, 255
-8.202027777689063,-7.354508394636627, 255
6.420805470598562,8.595114457428124, 255
-4.200121691406364,-1.8848727553302425, 255
-1.5642560932788907,-0.17322156033856473, 255
0.2843759185707633,-4.2501452830200055, 255
-4.748085860981419,0.58797233365717, 255
-7.393188102489415,7.56326217311123, 255
2.8843186447952824,-2.5139522538961323, 255
-6.437169122227333,-8.950939955104786, 255
5.790426401521863,-0.49354870435382026, 255
6.9104483886442445,6.112665576718722, 255
-5.219495399316911,4.807028629993811, 255
-4.847116696620639,3.8466281582941946, 255
-7.746604185010028,4.731729377576475, 255
0.4072137708717616,8.155324146651502, 255
-8.486816750622786,6.854451984668476, 255
9.20655452294216,9.347367117569995, 255
-7.822247861344655,9.115709328130709, 255
8.244042789289526,1.9293938320097084, 255
-2.0950533048474274,-6.565163788484492, 255
-2.8454757670531254,6.116253409716975, 255
2.801287794708278,-9.367930909107969, 255
2.7597215583697725,-7.584608066576937, 255
8.578604059727219,-4.742849666863151, 255
3.3529245216828087,-9.215134848270935, 255
-2.1451467407714064,-8.027389599256773, 255
5.539096380367072,2.312952904531354, 255
0.48473070571988863,1.7140984108005668, 255
-0.5572062770542274,2.679333772640298, 255
5.740871266023701,0.7567320332747798, 255
-8.888290522469324,1.5540285302167582, 255
-8.023038287279684,-1.0948925309960096, 255
-7.918312479912776,3.0426046618010627, 255
-2.6445227943280365,8.218768647605433, 255
7.755273240950757,4.295334290759103, 255
-7.650977460930144,8.75949703744708, 255
7.8813324887930385,-1.1039129447660017, 255
1.3514930574420259,5.796559996475239, 255
9.491204334899233,3.0345431499659004, 255
-1.5952437252436837,0.8829211437539346, 255
-5.179970383202708,8.375186661000356, 255
5.753162494012205,-6.411902581854719, 255
-1.0948852181623803,8.333363369756384, 255
2.605565214425262,5.319425379486329, 255
2.813988251575566,0.15206756517424225, 255
-5.455860966007238,3.8923042046356677, 255
-5.088916333049709,7.61688815216559, 255
0.6433040491513893,-5.216278577989044, 255
-1.8256518658921905,-5.848169199602151, 255
3.0000122793527613,6.650476657276471, 255
-7.79166965081137,-4.978240742415261, 255
-8.960021561905805,-9.530143321813899, 255
0.5472753778214319,7.383908007235075, 255
-0.5278461438154363,6.832846679713871, 255
-7.151478328942417,0.9963396005922611, 255
-1.5627462269768149,9.655736995722798, 255
-6.028455997992889,-3.0986398170928586, 255
-4.228401440863168,-7.07385614267632, 255
9.873547674984046,-7.804789242768555, 255
-0.7382589486469282,7.576686002423088, 255
-5.680398497556503,9.30994063662601, 255
-8.74816932267396,-0.5800739391430412, 255
1.0531032705484655,8.197593778838975, 255
6.985497970660482,-8.128663558365348, 255
0.23737008404595805,-9.457664929907201, 255
-6.417479475872494,7.3987540201341915, 255
-4.575182853524089,-6.064976308925781, 255
-7.959042975935111,-4.099291265281623, 255
0.5880937647076756,5.070066831835476, 255
5.40432319496454,3.7024708342847283, 255
-9.448575206830654,-2.4671036952599117, 255
1.6668715412113677,1.002268870782789, 255
-8.509705356254404,3.5507328272215304, 255
-8.09552632769963,-6.321864010627413, 255
1.1948452978717032,2.7526108756543106, 255
8.958193794913733,-5.550023963594777, 255
4.734145830360328,-3.2167835338401325, 255
0.6494777786498496,4.186398474784195, 255
-7.1794371807742525,-8.59093634717574, 255
-3.8598277225584576,8.597083433563892, 255
-8.082832336110854,-2.017406014793977, 255
-2.8817497977392463,4.061232806188688, 255
-0.620440858720908,1.5264206975771817, 255
-6.373778032203488,-2.6943374731438086, 255
-6.181491186671564,5.418571159687794, 255
-6.395567755312337,-9.44901503675511, 255
-3.2331258938177143,1.4091446506183658, 255
0.6039459939727525,-1.192026824409485, 255
-9.528999346916496,0.7874465951123373, 255
5.170095126295651,8.484055896191137, 255
7.899971325949746,0.41234748453863546, 255
-3.5735759710691433,4.5053611500534885, 255
-4.126468939614258,8.408945477445371, 255
8.516097176571073,9.646378224663149, 255
5.126226664768582,-3.351992109228248, 255
9.66508003899878,-0.14077099816679883, 255
-2.217268420332335,-2.299470088632578, 255
-0.676218550243668,-2.648631899828084, 255
-0.47526786857978465,7.1825233293932875, 255
-6.922370584513764,0.589046693824784, 255
7.226035316280125,-4.780399141224416, 255
-3.842383088113241,-3.042166198916383, 255
-8.01304146989086,2.555972341743658, 255
-2.343245788263461,4.786225767360081, 255
2.2747973729942945,8.321585633486894, 255
-4.364968598614178,-4.3265725451039305, 255
7.06065651390729,4.391714202902683, 255
1.2442325479484229,-1.152982762820308, 255
9.349271780765758,-3.004553926823716, 255
-3.8566787432037675,1.8028248523609065, 255
4.3860824104042315,-5.373507119326182, 255
-6.269960880472665,-8.380182916351389, 255
0.5273910591900766,4.018629846614379, 255
-1.8617275355895124,0.04336981316578914, 255
4.519442624864807,6.188337594059281, 255
9.40139143633672,-1.9577551947437488, 255
-9.119968957727288,1.2823740940553652, 255
-3.2413291533337985,0.17479161672534538, 255
4.6996226235947205,-2.1610925488474475, 255
5.418830795344153,1.816855536756396, 255
4.83088409662251,-5.242889522383257, 255
-7.127917690222116,9.586948594775468, 255
7.849929027622103,-1.7333336926467382, 255
7.675061793519081,4.31783280047304, 255
7.943679512840795,5.721934488030369, 255
-4.431617490461139,-9.994128548202104, 255
1.2622134488278576,-5.309064969001476, 255
-3.3619541262143438,-9.50597653593496, 255
-0.22324073074646833,2.4955338508816265, 255
3.429828899497684,-4.1406446729686035, 255
-9.208918232052453,0.9094840217315774, 255
9.80132432289853,6.173295537897545, 255
-5.701278611298957,-2.4552352581909904, 255
-5.871470132797083,4.64349018785569, 255
0.13992387505832582,7.776767571668486, 255
-3.986667033747853,-2.4160849285158985, 255
-0.4214698213649051,0.526459625910924, 0
3.025045079989683,5.0134621807650674, 255
2.4944527546719097,-6.293646350807518, 255
-1.8098670756822912,7.3420170245761405, 255
-2.8763771175915824,-7.23119251786642, 255
-8.77978211014514,2.631674239437931, 255
-8.421024137357893,7.452737741412776, 255
9.570274706704986,-5.575580049533427, 255
-4.983939950034408,9.903815249829336, 255
-7.058603978196687,-0.43707628092199613, 255
0.12194172758216837,1.1662333813376353, 255
-7.999730711450182,-9.023772425283838, 255
5.3070181456651895,6.424980407291724, 255
4.734913943270724,9.492025854015825, 255
-3.124234059450261,4.104639826617317, 255
-2.146112635156772,-4.473118867492296, 255
3.3341618423385775,9.395021174506422, 255
-1.8155774283679875,-3.0681444350272375, 255
8.028124294378085,5.4724437309685765, 255
-2.7083991336221462,-0.76954512144213, 255
9.205955771804238,-8.366223403323295, 255
6.215474638807098,0.10606707488034317, 255
-4.467217333948989,6.009798339382126, 255
-7.7717404215885555,3.0617686897590897, 255
-4.738776662449404,2.352768089218298, 255
0.8910691067219201,-5.998341076915201, 255
-1.7451892848564032,-1.2767834772780269, 255
-8.160353777560971,-7.956051807105899, 255
-6.451381682463461,1.020221563892692, 255
4.983699888683917,8.110049178690815, 255
-7.478626943685434,-5.8199759430365265, 255
1.4360610338911979,-2.614563399248624, 255
0.798413276627679,-7.9858785046400165, 255
-5.337182012135317,0.3547251729867753, 255
5.046631986381655,-4.823427630268338, 255
7.70997662079192,-7.282121594742959, 255
-2.7185869269953056,-0.8687079434469958, 255
2.9354205799767,-2.6157260793209414, 255
3.707466734112666,8.194542748922323, 255
2.1736902333680934,-4.578572908426402, 255
-0.18863574576316822,-7.30021518731665, 255
-8.559568457517141,-8.346505283480855, 255
-1.7459231924017526,9.103656504425913, 255
5.205771119905782,-5.621940708272126, 255
0.4481324766999286,6.156694528524511, 255
-9.529225988425855,6.405611237144875, 255
-4.546760864778503,4.6400419700878786, 255
8.804813075241725,2.2908925075166167, 255
0.8029779895061253,6.355686488589324, 255
4.013158538110851,5.872574750588466, 255
-1.2267011815776776,-5.833010141116805, 255
-7.364046082274265,2.064246466365443, 255
1.0787551420535042,-7.554802912498415, 255
8.291699384226302,-0.8959532089773319, 255
0.43496245803379097,-4.310444436076326, 255
-6.033478711959823,-7.715499345309038, 255
-3.92102280472203,-3.936694257464703, 255
3.8730683282139395,-1.0044989448390602, 255
5.4715354264912825,3.6708995560675817, 255
7.481780516541438,-7.0640373649476444, 255
-7.0764808248444355,-0.27257592647766415, 255
-9.542943855332753,5.15172172810253, 255
-7.404659069667647,7.107769010680734, 255
6.134392140232954,5.8207559479730016, 255
4.845832107054424,1.9042448715610494, 255
-5.238434120450632,-1.9137172170257717, 255
-0.5315142534146879,-5.19995290549268, 255
7.177613287859259,5.722108916208333, 255
9.706310511550974,-6.2869855704487225, 255
7.093799218057015,3.433677097092092, 255
8.821736764320782,-0.8553901408853744, 255
0.8439350885137049,7.256408888061362, 255
-4.988465116430265,-0.7272410165443883, 255
0.45094926124276213,0.7111922908590742, 0
6.100089281056604,-4.248245359132509, 255
7.420677079254009,0.21544418445519398, 255
-7.365000622722393,-4.444559124759568, 255
-5.716407330445463,2.486353641555368, 255
-2.5300197963735265,-0.7042736678642836, 255
4.335496264076079,-6.488932337511302, 255
7.299246797276751,8.568445350296304, 255
-1.2083903656871104,-0.6846659169953533, 255
-9.478249329289085,-8.792741206397373, 255
5.365717941110013,6.49143452163581, 255
3.298285759735954,3.966533212239721, 255
-7.275352925779474,-6.38030013727493, 255
-5.246400095766852,6.319732248457168, 255
4.31167985472683,-0.9681499781999019, 255
-4.875995529834034,-4.026741167640875, 255
1.2390478612453553,-7.8865781855398165, 255
6.195083276324837,9.617007060517427, 255
-4.000442431631308,-3.0880274135371515, 255
7.081568515741665,3.3772919766190626, 255
-1.8656107980121739,2.1571596781497995, 255
5.748728684164375,-0.08547923675635438, 255
-4.4697034921048,-2.94249971853527, 255
5.184689616387999,-5.612223562678878, 255
9.04868089571104,-1.2557780650690482, 255
0.7962287266073815,6.5296048632949955, 255
-3.065038335437567,7.716158278559533, 255
8.25110229716837,-3.8877187764926653, 255
-5.591468006041557,1.8134719630439982, 255
1.0581383616436604,1.0131680566719368, 255
1.040794630693842,-9.818342285282252, 255
3.4086789089738474,2.1301230463954433, 255
-2.147562357563279,0.538040855503235, 255
-1.6692304586150204,-4.509027291747916, 255
-3.1357367724381824,-2.1668881144726537, 255
-8.44293127694699,-9.497220381166787, 255
3.0050502317591317,-9.215549114831136, 255
-7.156538693878154,7.803161636898508, 255
8.425025789415198,5.175541274082613, 255
-8.797483602409388,5.395848058620032, 255
-3.219994334655718,-4.301202482714153, 255
-1.0391911325099041,-0.6720273116918403, 255
-8.432396687107438,-9.306516667614527, 255
9.861617226321872,-4.328687581683761, 255
-4.260192825043356,-0.9941321442488142, 255
-2.4412299405314464,-8.262427806063242, 255
6.017552145824684,-0.8722837196162487, 255
3.7632404997263897,-0.0839485601756671, 255
-5.109554401956897,1.616320156220585, 255
-9.302591083651727,-0.5198245431403308, 255
-8.42095755828478,9.237000344328145, 255
3.1350200356707525,-9.900909415063976, 255
8.670377617454225,-4.566071081707241, 255
1.0018766951616254,6.363593688505105, 255
-2.2146541828274273,5.87846327699552, 255
1.5759668678672156,4.274613015070848, 255
-2.8392638958105687,6.874998982810702, 255
1.3293556495434764,-1.329287710278816, 255
-7.781810398463998,-7.3064212219833795, 255
3.570207590124639,5.406060958245098, 255
7.070293826692094,-8.473114034730465, 255
3.594343003774963,-8.93717902909545, 255
5.210992350013232,9.337083995176066, 255
3.328292976988113,0.9351531669038451, 255
-1.727878652598429,0.09825664179411042, 255
-3.6898469250392125,0.8124473520617279, 255
-1.2570121280145017,-9.553270762714089, 255
-1.856146869932191,-7.609787236420413, 255
-7.420214149880707,0.5393818872618219, 255
-4.6001042808489405,-0.5926540362352313, 255
-0.11172399726253879,8.348599128001425, 255
7.298954530566679,9.498541852330145, 255
-3.5795219355260617,-5.0576888200787495, 255
-1.1136520642869492,1.6958061044480033, 255
-8.71132666852368,-6.769434992292855, 255
0.8439310744136197,9.723358976825725, 255
-7.195231910250753,-4.871436823642215, 255
-1.1048437234997905,-0.4816889748886446, 255
4.244488764994415,-6.134847180922211, 255
-9.978105582720643,-7.132873126184198, 255
3.773099551875987,-3.7356319597778658, 255
-1.2126232683815275,9.046912441304396, 255
-9.863031756901384,0.5037565547473832, 255
4.08937251799779,-1.9653318951731347, 255
9.759135323452753,-7.672773874097391, 255
-8.38915082441053,2.935903461130934, 255
-4.892972119704888,-0.5141025457383641, 255
8.601107379054405,-1.625167976785871, 255
0.7435271375528085,8.506957917763309, 255
-8.267586336127229,4.548538656973422, 255
-5.133720147307237,-7.828533311166115, 255
4.144653146185373,1.0286548394927824, 255
1.0361692958303195,-3.0536826906087526, 255
-8.420904955174894,8.477749625403632, 255
1.0322403431704412,5.9639801647049175, 255
-5.339536117777371,6.039422170481135, 255
8.367941897822075,5.398289723414306, 255
7.8946529067954,-5.01238474545687, 255
0.8694518023933959,3.004314219727755, 255
5.4392429891556375,-6.12583983882002, 255
8.026760548781265,-0.7238928526110655, 255
3.035294339399144,-3.468171088644409, 255
-4.737880368648193,-4.345600654961867, 255
-0.7271785525937524,-5.477478459432286, 255
-7.822461184809269,-8.682572191913815, 255
6.076015595726265,-2.983663579674527, 255
7.546547314254838,-5.740301704642632, 255
7.502972389946326,6.723113857967537, 255
8.021251586688429,2.130626903783977, 255
-9.212387659512348,-5.590096535310895, 255
7.157335323415619,2.7129783202881015, 255
-5.807367849606592,6.394644398256062, 255
-8.98841322417228,2.7076415300668106, 255
-0.655658928737747,-6.372758886463301, 255
8.674800150261625,-3.929436173396052, 255
8.615123230435916,3.2808305042479358, 255
5.143131480855779,8.304187219605097, 255
9.326221795834954,-8.81473454008469, 255
7.572309830747908,0.8444457435637513, 255
4.634558486334042,-1.550021341307204, 255
-7.548359740567722,0.7281958288375829, 255
6.629293060921299,3.904814888842518, 255
7.962196371823126,2.001005937289303, 255
8.96613441293993,-3.4386846547694443, 255
1.345203029015627,2.9170558096402406, 255
0.5274141828515226,-2.703065793040846, 255
9.851084823585232,7.4053256377819885, 255
-4.7063650204077945,5.117612240732477, 255
-2.415477166162119,1.7835546760363528, 255
3.8801172633686587,-9.349934505358213, 255
7.66449961346656,2.0956661242350734, 255
-0.49779198584966444,4.719193005476491, 255
-9.221106468919452,-4.213967946242214, 255
9.41144953517329,7.490220406659553, 255
7.16805418126755,3.4736368068910366, 255
-6.449926042515505,0.30458400730856106, 255
1.6654660087326043,8.170393317229006, 255
4.849177267544144,1.9837794960597837, 255
9.75418008935193,-7.278879520756069, 255
-8.511540062005613,1.4829753198595679, 255
3.998879456145419,9.406146299090015, 255
-7.064030509172124,-7.143692673123803, 255
-8.993826971648033,-3.069256352959167, 255
1.1654215481477834,-5.109435108396694, 255
-4.614315815261549,4.0951122641155, 255
5.887226555043663,9.903738404724471, 255
-2.437115705300541,-7.796052266692284, 255
-4.548329253999093,1.6037536706080164, 255
-8.036114943988856,-6.854016429578658, 255
-0.5953844983265721,-9.622734777612385, 255
-8.472925849202648,9.991276856943895, 255
0.805530885561943,4.864202922487561, 255
4.427330402743383,-3.5744601605080035, 255
-9.208393098967466,3.9878828743999772, 255
9.626389979644287,-1.8338618821373665, 255
-8.819341986258344,-2.5392285450801637, 255
3.283834273353559,7.023931455217401, 255
6.468542123452146,-4.159413205870943, 255
-1.4816811357197572,-4.395905774757338, 255
-7.317461655389648,-7.641624485915559, 255
1.4676123724218613,-1.2970889307546543, 255
8.775433479644153,3.0443079305416294, 255
-4.596666636945503,-9.174557059072574, 255
-8.526134942406024,9.378176907449827, 255
-3.238611570987457,3.3733308129883195, 255
-3.2456068560714453,5.933533073603678, 255
0.10757013542771077,-3.4347904591979166, 255
8.431761811392875,-9.69777981529187, 255
0.3749285898975252,-4.891396916030201, 255
6.033355033517026,-1.143684272614685, 255
-5.772006798580785,-1.6049410958195978, 255
-1.508695590951394,2.614538728597802, 255
-9.898191430611158,-9.221855899232574, 255
-8.793098067559399,-8.648659660424121, 255
-7.03757165018547,9.726941034122568, 255
1.212950347046755,-7.741105466994238, 255
-1.0369084929549643,-8.803555522964361, 255
-1.453995022112613,-8.900448973969567, 255
-7.939387718409828,-8.084134665775466, 255
-6.985076052734341,-3.461352629958066, 255
-2.998357738446604,3.4090975053754224, 255
9.289717542328845,4.657168085240507, 255
3.7330919683299424,0.12476903142139051, 255
-3.5228992797475245,1.457295455429243, 255
-3.79800462058882,3.482780003534959, 255
-1.6137384727153687,5.298363729497533, 255
-3.3729869616244983,-1.2534245832495134, 255
-1.965069007093856,-1.2079849085007606, 255
9.027804027542942,-1.1636504508971601, 255
-6.341487855954808,2.0583640407562065, 255
9.090049630996212,1.234821390921713, 255
4.06354944226052,-8.597198489021709, 255
-5.013146003329085,4.570517861424676, 255
-4.80818104880695,-3.8505251277069963, 255
-2.0058423243127343,4.385607843832178, 255
2.733071065599251,2.132903531490836, 255
-8.48630228063434,-8.886476211517731, 255
3.731135150825615,2.499627899397776, 255
7.173552613287736,-0.7615799780250079, 255
-1.1219312415417555,0.5959452851938671, 255
-8.213018832480063,-9.779507010673228, 255
6.537366002816892,9.034149393774019, 255
-7.63315333548142,-9.742043232712678, 255
0.5780162266025908,-4.845862194955252, 255
9.266315338882656,-8.978454653644564, 255
-4.801461068037032,2.865207270120866, 255
3.7707419731831937,7.0510284296942025, 255
-6.050470963264935,-9.823004166407701, 255
-5.381314965277502,1.3464359595078044, 255
-7.980055704652544,6.632169306558787, 255
-6.021646960866298,-7.20811867007056, 255
2.194042145689611,2.8704930540698292, 255
5.989263938026086,2.7085328355687626, 255
9.269707101958527,-8.813225791938798, 255
3.8538915331537,2.6260394735059975, 255
8.906665121274607,-7.359111769957947, 255
0.6580097271245915,8.466346219220732, 255
-0.5911646172845675,7.7689888779338325, 255
5.569434320096816,4.77732865690159, 255
-2.8968103137862027,-8.535378059808421, 255
1.161641069272342,4.874893934855219, 255
-7.445041624165332,0.10845176207624263, 255
2.2684131891382897,4.117973108566321, 255
7.7308546171840185,-0.8814961546837665, 255
-7.341931239912807,7.0447434778752935, 255
8.600906014248043,-1.2224099805532784, 255
9.72847813061908,-1.359187182614093, 255
8.081803181898156,0.6749292057007317, 255
5.052485926871441,2.13992856591436, 255
1.7056786860335613,1.578413295949865, 255
-0.32053306144745974,5.18536584353388, 255
-8.167119943840778,-7.8858456238642916, 255
-3.905177272237137,-0.14047833254375774, 255
-6.816059748958601,-2.0310499408663834, 255
8.355563617483302,-0.6309081918589499, 255
-4.93840912282611,-7.62513581744539, 255
-0.12207186052246577,4.240679007079214, 255
4.347327284216885,-1.9267198314589784, 255
4.881638724084333,-0.192510706417659, 255
8.982206348656167,-4.631514645061474, 255
3.0842720848569805,-2.264456748307553, 255
-0.4271763910692261,-4.105847110442584, 255
-8.594227739757269,-5.470086648212367, 255
-9.03991550427821,-0.1745973899150819, 255
-0.5159112740300476,1.7241770559824303, 255
-4.689796438482643,7.6148452137630365, 255
-4.626056631199107,-5.366145349219542, 255
3.3035352294936295,-4.2003729814128015, 255
-2.082327610562926,-8.550932955423342, 255
-9.919475506884423,5.86994562608805, 255
8.38648097339312,3.847754514713298, 255
2.247296473992142,-6.816381396459709, 255
4.349336300211492,0.18903306529434438, 255
-4.092157262407438,7.055126076266156, 255
2.8964517574679896,0.8561510586763141, 255
5.900732403075427,-1.7029703190860968, 255
2.578386589224401,9.135511220819573, 255
5.31726478728741,1.4654434616079666, 255
5.610661905362415,-9.302146458368647, 255
3.5104852311788157,-8.86811708269553, 255
0.11062571247622444,2.9713739589263444, 255
9.921218793635017,-3.9994883667696657, 255
0.7317427939537353,-0.35799524579359954, 0
-7.16244478461828,5.6536025497737885, 255
0.11757680301007589,-3.3163682909400993, 255
8.27934359507595,-0.005631270800439125, 255
8.438488559450057,-3.6680640691999455, 255
5.188519534734466,-4.848475650186477, 255
-8.769665362487997,9.877769368573727, 255
-4.334523875143015,-1.155722914663782, 255
-8.10073453661358,-6.960328079272298, 255
-2.0136934763111043,-0.927497694236818, 255
6.4926241388245955,8.970025015005572, 255
4.805054084558979,-2.3848056712904313, 255
7.363121786286733,2.987289274712964, 255
-2.1774419841227015,-1.1354469307297084, 255
-5.478768335500681,-3.495668203103479, 255
7.000962925591519,-3.433602984498254, 255
9.553777574832061,6.76988442062968, 255
-3.9126975196107434,4.585847971221606, 255
-7.274026335630397,4.959118269480591, 255
2.727462567843297,-0.5019546020068084, 255
-9.068127453677926,-8.012106416332667, 255
7.507958912919118,5.562216470705463, 255
-6.672053072122573,0.5282377829548341, 255
-9.889103875282157,1.0259601045724587, 255
9.69598320364079,2.1151576017737987, 255
1.2508360728816186,-9.892869992758417, 255
1.124722650478759,-9.95743178376377, 255
-1.3005189425375399,6.524420213039232, 255
-4.480428537316694,6.927512751768102, 255
5.111830679286967,5.796908793956913, 255
6.9391014844164545,1.7634444502475901, 255
-0.05387054256794421,-8.814956954291915, 255
-8.731190547560955,9.568708780790196, 255
6.059725376214622,-2.497887889943435, 255
4.63632416699555,-6.417237605403994, 255
-8.558799896776021,-1.9453709461177944, 255
-0.9191520064978391,3.5268567729901967, 255
-5.394767475447953,-3.623425453106604, 255
8.435647026705237,-1.3702922349040598, 255
3.589928297627882,-4.715600200695778, 255
0.5529097484221772,4.619283829267804, 255
9.724552047275274,-1.8168390210286827, 255
6.988934638163183,5.869878809304552, 255
2.647223592460783,-8.890208060823221, 255
5.544408635174687,4.06456173815277, 255
-2.2983768784407825,8.711581540933015, 255
0.9235535269455788,4.301594643246844, 255
-9.67629474023612,5.049726788164294, 255
-0.7740352869037981,-8.363455902927894, 255
6.89726609576946,-2.407285325021462, 255
-7.291809029274359,-8.368833020793133, 255
6.557260878452404,-1.481687868795003, 255
-7.819916798430628,-8.400035250888486, 255
2.539546294779205,-6.5235181751234155, 255
1.1204977006954202,8.542617122051606, 255
9.853108404831477,4.980442910415912, 255
-4.708254374309768,6.042460693032684, 255
-0.7151657789287942,-1.3153753028042452, 255
8.698910235210974,3.599174669513779, 255
-7.679656926769556,-9.202956470626265, 255
-9.244623787995916,-7.51547912567829, 255
-4.0315671856516815,4.058574193960032, 255
-9.910371594411277,-4.561083939510294, 255
-8.757812646150406,-7.14492612075353, 255
-6.917564732321313,-4.084614841086037, 255
1.1685907539572504,0.23021714832782258, 255
-3.0930415068864825,9.753202837602615, 255
0.7928777223424266,6.600257545058735, 255
-5.556750141509122,-4.717055839788582, 255
5.829548502891129,-3.6239868618580084, 255
-6.885442982578649,-1.6669537645163768, 255
-8.415002812147776,-4.752222262618204, 255
6.297416682316047,9.55127823971976, 255
-0.31216157016544344,7.540294056386703, 255
2.912384596856189,-0.3903883035605631, 255
-3.0248931016441087,-4.77089602634228, 255
7.402098675970663,5.203547467281254, 255
5.614923518218379,3.080340063366041, 255
-8.108528533760524,4.352705639476488, 255
-9.38519438784069,-2.1077403290539642, 255
-7.935188700188453,-5.274811360816374, 255
-3.7944799225944026,-1.8075299923032944, 255
-1.0361232194164245,-1.6429180325184731, 255
-4.236569410352693,-2.6909829977927284, 255
5.222929933834138,7.616738063171574, 255
9.530541059307499,-1.7731989762918143, 255
8.270448139357796,1.277687973302168, 255
0.7710380747974064,9.09655791514978, 255
-4.56779746633297,5.2344059917220775, 255
9.20729047456388,1.7910816511649799, 255
3.1132192950178332,6.3412771969169235, 255
3.436474376650585,1.086718987891203, 255
7.943940175330056,-1.329402146378131, 255
-8.029527652287644,0.18290149208758777, 255
8.105308755192915,2.9626695243726893, 255
-0.5420619245526517,-6.538563247174983, 255
4.852675549809353,-2.7350969282154747, 255
6.982096174490238,-8.37310515649281, 255
-2.8355695806825327,7.40341946487171, 255
-0.6958510320470683,7.516433790046786, 255
-8.410363336261693,8.87606088275043, 255
0.3120485037446823,-8.72430475725735, 255
-6.03451390978734,6.277100034547512, 255
-0.6202516097845905,-5.506946892750674, 255
0.9361310797598161,-8.591119913919165, 255
1.052391109508262,-7.199639048475244, 255
-3.1087735654284465,1.1946464731624236, 255
2.0824432464334013,-8.6378421361447, 255
7.791737387585304,3.1272509073229475, 255
8.217928053508608,-9.716839618148029, 255
9.425839021617403,5.3623322637743485, 255
-1.7310237472388312,-2.4486968103607936, 255
-4.680621831607354,6.888082726379064, 255
-4.364249331931694,-1.6093471459530875, 255
-7.567511603601651,6.783354497366773, 255
-8.839781111696773,-7.987155486704807, 255
-0.042484686988132125,1.374264290227119, 255
6.2981373685229975,-1.3113254855648968, 255
6.673214646146668,-0.9425341779238732, 255
2.4874370614655295,2.907120781770164, 255
6.583486639861917,9.126921842445142, 255
-3.162905567597094,-5.417559961497078, 255
6.9142136426815455,8.397329665389076, 255
-8.56331612256647,6.231731195181222, 255
7.283743453968022,-5.181409475215775, 255
0.19962753665527622,-1.5614565233420237, 255
3.663532076180429,-1.7061598934637878, 255
7.63962244621581,-9.34510775735726, 255
4.534567198973736,-7.489753211229154, 255
2.633113076273659,-7.428193082395358, 255
1.319220932728518,3.086086051902061, 255
0.282003162066907,-0.394103444377528, 0
2.382108893153873,-8.723070447473454, 255
-0.6119605753619677,-8.94937866552275, 255
-1.3702042590389691,-0.6138144898686022, 255
-1.4279351337504202,-0.9235430974537255, 255
-0.668181955310331,-7.661305287854352, 255
8.986169804637218,3.444476421290437, 255
-2.9261788167251375,-4.988742401411126, 255
-6.998998784042634,6.702304258448496, 255
8.554024718626998,-3.1138090973533616, 255
-1.1381629661518318,-2.05802248873336, 255
-3.5774977376860058,-0.1483860489074278, 255
9.493157302223182,1.6818379880849328, 255
2.8866706598326264,-1.5572687175008966, 255
-2.770738245579107,-9.990103646908953, 255
-2.4690905164275145,0.7354105634529695, 255
2.8505714342504973,9.665178004968546, 255
8.215532837373132,-7.013546596047339, 255
-2.2846079042235274,-3.367906950711335, 255
-2.7768626019186264,5.145602156936173, 255
1.590927151997544,-1.6123488834525226, 255
8.90920781222874,4.866163903180043, 255
-6.628419552422951,-8.672138768539243, 255
4.455267283818678,3.0025591227937305, 255
5.315827605715233,-8.685953880294468, 255
-9.338265182375459,3.013385654644205, 255
3.3570818650841012,6.226040833888035, 255
-1.857038198593015,6.706457157811446, 255
7.952889355197499,3.048172333224299, 255
-7.614479004450583,-0.3286015792882111, 255
-1.0894123968904061,5.879967830676998, 255
9.598424225340668,-1.5672611733608157, 255
3.4029516137578515,-5.676334339824174, 255
2.438946920179623,1.01969462513134, 255
5.962714174157453,-4.61236628662922, 255
0.12113297327308103,8.343607449123414, 255
6.229243734187627,7.770947535998587, 255
4.957412886768573,-8.145913129766914, 255
-7.749512840472727,-6.551506782644816, 255
4.281206028281064,2.802525354704528, 255
4.413424518677921,-1.3051282603321894, 255
-4.628494174155813,0.5823974136648964, 255
-0.9432745270366905,-2.8198066983744763, 255
9.684482822671836,4.814681266991032, 255
-3.496485159079037,-5.968276340037422, 255
-5.971337211960542,-0.601994525161814, 255
9.928881131923053,2.4956594298389483, 255
0.9859448351154025,3.517760996162968, 255
-1.2772163274797137,8.832256409291187, 255
8.251573356364087,6.556598916830588, 255
3.5631832842947215,8.779945040966098, 255
-1.9361733030159751,-0.39581755099499816, 255
8.324882825737014,7.664561970179264, 255
4.772663182418263,1.7931135908039337, 255
3.676837758504428,6.6264632455548025, 255
5.846506470895834,3.2966913806129305, 255
-2.341616725754201,0.44703276173755135, 255
-2.164568853199917,4.805143681793387, 255
1.7616383354511473,-9.896277281941991, 255
0.030029059773573508,-7.372160452290779, 255
2.1597625329641836,-7.26076195078601, 255
-8.479855197847057,-1.6757487272113352, 255
-4.150305927141506,-9.473787595276512, 255
-8.498806782970561,4.406444372253716, 255
0.4670910702393023,4.7349348598501155, 255
-4.848704749815869,-4.835421893697715, 255
3.104407707382604,0.3484326671384288, 255
-5.760237101578669,0.10268516172489583, 255
-9.050417033203876,-0.7484323601758991, 255
4.11390345181788,-9.589448537671625, 255
-5.064247414565328,9.457945388855794, 255
-4.240290162972276,6.558944139217068, 255
7.909474148405582,-1.4565316039452174, 255
5.016173184740698,4.539126191464554, 255
-5.114119894865478,7.895954987401193, 255
6.477049053951156,-8.078440539654517, 255
-8.874010773633547,7.539315138556283, 255
9.310617177347869,0.6833618744460441, 255
3.731753326883725,8.803611766172782, 255
8.371550830444153,0.04416126337722659, 255
7.776728293783208,-5.229075311089257, 255
-1.6665639307576114,8.244487642689585, 255
-1.476019638497661,2.9198243308823297, 255
1.5841311001647735,3.1281685089951967, 255
-1.5890700742748152,-5.043157940182987, 255
-4.224902359540115,4.320981403509492, 255
-1.9541657430988817,4.577095838217918, 255
-6.555271428320488,2.988648717181313, 255
3.336348370902815,-9.372596578623488, 255
-2.8551961278190685,8.09746982166185, 255
6.870254481812882,8.420879962903232, 255
-5.764009863518405,-7.952422444275491, 255
6.288189761008361,8.926709733036297, 255
-4.750849981941013,-8.463551237271469, 255
0.024202056130455674,-8.090023813091559, 255
-5.582269614901037,6.477806678917219, 255
-8.510139792174101,-4.135948969576752, 255
-3.873859490255274,0.7857993465605766, 255
5.899263939922822,2.5510627503091996, 255
-6.544961557775948,0.43353640104354874, 255
1.7727248200823595,9.828151985445, 255
1.8676204875942108,5.560099786326596, 255
-9.526152636512995,4.076352010848339, 255
-5.130698880152935,1.6491488113763157, 255
6.192685658531264,-1.0787742458176748, 255
3.1964741340833207,8.37238746181584, 255
-7.601050705919274,8.76642677301188, 255
-4.744973232179792,-1.2424397305178765, 255
8.350363939434583,6.030339714394305, 255
-8.055918164238275,-7.237716497985851, 255
-5.9983607561404035,7.998937981135565, 255
2.7329376347732914,5.979542781401609, 255
9.419130845245341,-7.278162077450679, 255
-9.117973006420323,1.4187601080534566, 255
-3.2614667137174784,5.590708002253109, 255
-0.5751495113022109,6.979682902002956, 255
0.09771972214961266,-8.631655683391115, 255
9.095464466525996,9.245737154291621, 255
2.265206177763874,-7.836932401590319, 255
9.265353948024785,-6.398484967358935, 255
-1.1862998366112016,0.8027546847524132, 255
-2.2811224866884476,7.232387031746143, 255
-9.96071054764721,4.516352643679609, 255
-9.234010718198057,-0.31590452816952563, 255
0.6147258503914177,7.570512653833429, 255
8.97729620458572,-8.998110942173449, 255
9.33712184361342,-4.232538342574852, 255
-6.3980128612477465,-3.7331690916564364, 255
8.899477767743434,7.297419620129748, 255
0.2566629693380502,0.6877454525939477, 0
-6.706405179396915,9.700102644789705, 255
9.260618686088396,2.4747523564565164, 255
9.448718303575646,8.1296431373314, 255
0.15689337251094493,-4.940468640047384, 255
-6.424995808659435,3.30984279879309, 255
1.4770654403953074,7.67034897065324, 255
-6.300742172165026,-8.487072459932437, 255
5.338544756700532,6.9001861230555654, 255
-4.062319740219693,-2.6693353906054895, 255
-9.338383887575352,-6.695005055388965, 255
2.409188452766749,-6.72942310550132, 255
3.4246143624208276,2.3080518019450977, 255
5.298816701679655,-8.143503395557643, 255
6.597925003524182,5.467000863995606, 255
2.3414358675333506,-1.8138441882490461, 255
-1.233703705595131,-4.460926199038642, 255
1.4319623309400669,-9.11483875820398, 255
1.5907415907684914,0.8954777517194206, 255
-8.006162078142012,-6.581207429253711, 255
-5.57137640957632,2.203157931501032, 255
-1.4900620586154254,-7.343324034363334, 255
-0.569884742427039,-5.254694276137117, 255
0.0012536767398234616,-9.483522274748315, 255
1.5253948908096575,9.655311185758094, 255
8.999956196761588,0.9878888890372135, 255
-2.852031968821178,-0.9618105876944512, 255
2.352538521754635,8.585755559884056, 255
4.843288222557973,-2.6488236223931416, 255
-5.552094643226091,8.779610733673461, 255
-5.258101955672592,6.908939985694602, 255
-8.00100066174968,-0.522062132224395, 255
-7.05951557429999,-4.962431166187439, 255
2.2593329084935867,-7.441788403744402, 255
-6.367424095253995,-8.15944313133987, 255
-4.023209679008392,-4.887127911994995, 255
7.216739188554694,-2.0676281418744313, 255
0.2924151907303969,7.285358612909029, 255
3.5652629858155844,0.9664766659903989, 255
3.3211460897103766,6.972958699685854, 255
6.337766530061803,-3.43662475955405, 255
4.978569219880688,3.529429588144664, 255
-4.457621367018483,9.300961392462842, 255
-0.4368133819964175,2.6842916708785225, 255
-8.505184671631945,1.2438875334501116, 255
-3.8857968221118337,0.44399269594742385, 255
0.011068719697785667,-0.967717317463519, 0
-3.1865862858253706,7.395381520793549, 255
3.886168687964487,1.9679560727192342, 255
-8.119392156748512,-3.7644152312289663, 255
3.1324908429663267,5.7182141450070105, 255
-5.233881467860431,-8.328936966890863, 255
-0.9832830338477727,7.264691180730306, 255
-9.4484946431393,1.0319956736379847, 255
8.502367270031254,4.480261533292417, 255
6.014469181296786,-5.986644092504494, 255
-6.324724071468964,7.721232145620029, 255
9.115887525951788,-9.254618231866603, 255
0.6583609612049308,-3.353127953606889, 255
5.410402817891228,-5.517654602392323, 255
1.5099771095048133,8.232340065618171, 255
-6.298671183895841,6.250257532828126, 255
3.275158534850531,2.30434990385508, 255
7.673464505088322,2.7123699912423227, 255
-9.626189598776975,8.864356944969945, 255
-3.7594405065653724,-7.553386978529886, 255
8.682175507368651,5.747667667467589, 255
5.347551855548582,-3.8280685009933784, 255
-8.138907605024139,3.701824970002983, 255
-2.0814822509605957,6.371207440737184, 255
-6.509896284419048,-5.906272250699942, 255
-8.825447472823086,9.90210552401189, 255
-5.403459458045257,1.1471911528429395, 255
-6.831775583878164,9.186232570719607, 255
5.857289526189087,-4.5717576291420485, 255
3.282214816267391,4.181421597535076, 255
-9.131952405692868,6.717870495158319, 255
-6.466936958327556,0.9378998892408301, 255
8.336031248595383,-3.2827841548359116, 255
-1.2998052602398076,-6.269089912168322, 255
1.998181152773224,6.232871785863171, 255
4.21699499863321,6.878390806146626, 255
5.044761582076005,-2.649043672833149, 255
5.429704272729287,3.4843882673590123, 255
-4.856857563936874,6.413415650679273, 255
9.340077340019246,-4.028957971388976, 255
-4.96528033589827,-3.864034206872038, 255
-0.34863760694994994,-9.89289450403163, 255
-7.01778076411073,2.764713907941019, 255
7.031890559681958,-3.201627014316795, 255
8.414471554330024,-5.379212784330192, 255
8.795296051285671,-5.749354372251267, 255
6.418804879705583,-4.317004236951865, 255
9.47474617071665,0.8208267853205591, 255
-5.6298203777614075,-2.2157864731037495, 255
2.243612331074516,3.853571368424852, 255
-7.774026690987101,3.538729851097962, 255
1.3131874504878667,4.277056729213875, 255
8.486624516750709,8.649303984806402, 255
1.6731377853248084,3.889171046083245, 255
-8.326469002318914,3.8398033878530473, 255
3.685156125392833,-1.145494113136543, 255
-4.555256080827048,5.608673740360315, 255
-7.148120268466633,-3.731332553321785, 255
5.257396096232821,9.615698489567446, 255
-8.69798347288086,-7.076850143840172, 255
-1.1923424426748888,-8.59554473912091, 255
-1.4978933479614387,-5.880397485432669, 255
-8.929294304086406,-0.6058320896088389, 255
0.4840792290163325,-3.0618721616127464, 255
-9.925270298215189,4.58751768548489, 255
5.215775560597681,-3.512382204688473, 255
4.523497607939216,-7.952834086540845, 255
-6.100688292956455,8.299605056047625, 255
1.1763103967148592,-3.9724896448896763, 255
0.6174878352005368,9.388298444042722, 255
-6.675847161625603,-0.9273715488599557, 255
5.057898443439342,4.881957452309411, 255
8.943993503624426,-2.7117673059274905, 255
7.057497494275438,8.49882706883729, 255
-4.9198000400672175,-7.8522634932903586, 255
-8.286007592007238,2.008054971702297, 255
-6.772730738386528,-7.58403501596314, 255
-2.540840015113714,8.142953677561685, 255
-3.4447848023858434,9.042401086372934, 255
-8.73302668809031,8.653668273810325, 255
-4.368873594305813,-2.182504140104724, 255
9.380799241915188,8.236773538144803, 255
-8.09155531068523,-8.649161793019875, 255
1.721168401760485,8.33150183410827, 255
8.291212849426092,9.932156336967857, 255
8.478654545901769,-3.9426932417819494, 255
-2.7804835235962173,-7.994864021917292, 255
-9.230282500260596,7.670874477031969, 255
3.2930260680811596,0.9104503585249297, 255
-6.4273338880960225,6.33275532642331, 255
-0.6258134527194699,-5.018732350233717, 255
-8.945533560864199,8.721197588966984, 255
-0.07069840591700682,-5.309037009516686, 255
-2.8439832027757728,-8.219395319512653, 255
-4.324306345649411,7.2468825726364905, 255
0.7720261015892227,-3.2849085599116057, 255
-4.462173397725442,1.5275233623273898, 255
4.258537675852139,1.125441687252538, 255
-4.731466210144903,-8.133035221539625, 255
-8.57083842055018,1.165574575627872, 255
-5.876908724572876,-3.3069000014636662, 255
6.621576364800713,-0.7821953988007007, 255
7.128141255850476,-9.364851741078603, 255
8.88274273648895,-6.410993979181501, 255
-4.5181473992485355,-3.532108602816564, 255
-3.8622397911926036,2.604543529820944, 255
9.907070389326961,3.120841965560192, 255
-7.153014103497228,9.685531492694743, 255
-1.2821337290771666,0.05765805965078741, 255
6.881181123317305,-7.537697438080848, 255
-3.8709428203994793,4.895251726985677, 255
3.9387987861214953,4.627171179015207, 255
-6.8606863985354405,-0.00824074377766948, 255
6.168629477158774,2.307481548849225, 255
-3.077096609682444,-8.119093408221703, 255
-3.7335262433107026,2.251059620902131, 255
-3.1830191086621635,-1.499623400999079, 255
4.438000860210105,5.588368234081809, 255
-9.451177409196507,8.63402606416404, 255
3.9528076269687773,6.514498149684339, 255
-2.3906854477237927,-3.544833544727137, 255
5.25803000708536,2.857945161592374, 255
-1.6745457429911799,6.517124935668523, 255
-6.82697112387987,-5.676795384266022, 255
6.283208465984835,-9.190323399066285, 255
-8.404935014645359,1.937687983126903, 255
-3.306381236742535,2.903635669645592, 255
1.6183259733598945,-9.504284272796454, 255
0.5754621760215528,-7.791081984485684, 255
-9.036743952801237,-2.644967048647864, 255
-6.240392294298673,9.414638805298118, 255
-8.010159744693965,6.222064022597134, 255
3.94932313215579,0.2150907988486228, 255
-4.203746925341023,6.283093078207621, 255
-5.980336853587382,6.180347757527976, 255
7.105562603516418,1.0860085958358106, 255
-7.280716637256434,-1.297626220141959, 255
6.72806191629526,-8.797836397251466, 255
2.578573128253691,-4.618788675924068, 255
2.7465126487329172,9.838654182600074, 255
0.9330714817791748,-4.075836312873761, 255
6.225742309713947,8.379003901717471, 255
-7.14925086505132,-6.791866192542651, 255
4.4143032786692515,8.77405818417703, 255
6.763444471170107,7.821778613477129, 255
3.3206508826831183,-4.873088210408191, 255
1.650375150271561,-9.718754905363845, 255
-6.110175820715218,8.183408216473037, 255
-3.200668037063849,-0.5898964520961769, 255
2.376644415035692,1.3716097090800101, 255
-6.774106628937673,-2.215862625096891, 255
6.577035097344439,4.791030049815976, 255
-5.3085384538449905,-9.4383983327948, 255
5.932920566526418,-8.680227894733983, 255
6.181023340471448,-0.004156258372621124, 255
-1.2860898420158318,-4.016462140853887, 255
-3.3670711564911615,-2.9082694128269253, 255
-7.74230543878417,-4.562284698981138, 255
-2.8458718035221935,-8.809912270734621, 255
2.1639901169234257,4.286800088268979, 255
9.195056130448748,-0.5561589006956051, 255
0.6030417995207458,8.340175548314207, 255
9.196522790083655,-2.1208324219525387, 255
8.35026884243646,-4.97239288058561, 255
-5.622789499131226,1.3927786875820836, 255
4.7732590276626645,9.351051618176633, 255
-3.285762086427213,-0.7364028807719123, 255
8.310420604442832,-2.0998768311264033, 255
-7.004803283072933,7.410954506672361, 255
-5.540508919033622,9.678300851802796, 255
-9.26873633880243,-5.720687163812601, 255
-1.9468789645450695,-7.824503010303401, 255
-2.6430457243089283,-6.941145441358509, 255
2.1492366672924472,-4.71500378848612, 255
5.978664281794332,3.484140388117167, 255
-3.9845765827765174,-3.5274922778334865, 255
-3.401775961178952,7.8948261420071795, 255
-4.500104274296861,2.4730662722838623, 255
-8.232320865279192,8.438577950077644, 255
-1.8917382460834808,-2.5212133935732677, 255
-6.166141179224686,4.801642635282402, 255
-3.775843647224237,-9.347544368515974, 255
-7.115256997481476,-2.0125095749361943, 255
7.86107880494804,7.423647134745828, 255
4.483836139556754,-8.593296158977745, 255
-6.648030503257791,-7.486129242334247, 255
3.313370498699861,8.594789917018808, 255
-2.1281338583337472,0.674922643995771, 255
5.429654219149192,9.859506049935952, 255
-5.213695782969707,5.817612490480773, 255
2.1324028841500784,-5.434896337134236, 255
7.737347162918965,8.26064457295442, 255
-0.9533905534942555,-0.7586911893345061, 255
9.495295367927202,-3.450298533647926, 255
-9.429231170551244,8.407481425936659, 255
-4.962120604379416,-1.3365767700593967, 255
0.037814765445233434,-1.475181820694484, 255
9.202989097673278,8.301512747852758, 255
-8.20155707926244,4.943878017097774, 255
0.7858159317321611,9.3646329912469, 255
-6.128039915951882,0.9853132653001957, 255
5.107344036387442,-5.839983496205399, 255
1.1249606208611134,2.769387669027015, 255
-6.063944247858133,-1.4671594656383409, 255
7.79035827039549,1.527565879219745, 255
4.478673947835318,-3.1647261020269823, 255
7.985356708184742,-5.613688725639941, 255
-7.061885613907785,2.6524288244572407, 255
-1.6875523246296886,-1.6336782214209897, 255
-2.706351344788887,1.226300726723693, 255
-3.9716707623586593,-2.857570678245125, 255
-5.926287062227962,2.3591336160040797, 255
4.862821980077857,6.228409690027398, 255
8.800101181568177,-3.960568038906298, 255
8.890187582695013,-0.5563556560232534, 255
7.350662368721444,-7.955877011441654, 255
-0.40805606685543516,-8.268753516687648, 255
9.274553936821118,9.049619460517565, 255
-4.477461559188254,-0.8149884809608352, 255
-6.969584843153369,6.8963089343994035, 255
1.1705885434813705,7.757137511891319, 255
-6.874300449814061,7.844739980056641, 255
-8.80212143118988,-4.543435618688889, 255
-6.586856730170156,9.964434698003004, 255
5.245240861393029,-4.116540971582281, 255
3.2390467278978914,2.9158869303847403, 255
-9.969614015057612,4.261710119355481, 255
-7.794451622322407,-8.852632021394625, 255
3.977133838494014,-3.558885682505535, 255
-3.5580635547618282,-0.6301961894135459, 255
-0.6562310898643098,-4.078798073655712, 255
4.608255709320009,3.624915377082134, 255
1.1819314943525416,2.7209871981301994, 255
2.8661763811115737,4.0048429823273874, 255
6.45799387212724,6.495411455285524, 255
-3.398274737922753,6.558974368704849, 255
1.200546173515347,7.202363962218158, 255
0.46191964229792326,2.8075847793164677, 255
7.128307469180765,-0.20711989807988473, 255
-7.333907866321212,2.5557497249129, 255
5.499811314024383,9.818918208890246, 255
-0.15769582175651564,4.422986623789985, 255
-2.7763968669315027,-5.530231000887309, 255
-6.41623845489856,-0.7360640390624091, 255
-9.281874620870209,4.858376111352012, 255
-8.93544869038601,-9.268867442789643, 255
-0.2525526654769443,-5.1811012809941115, 255
-6.375832498973972,-1.0304563442908368, 255
-8.928588536060571,7.8570302323992465, 255
3.1927837473182556,0.30723329495680396, 255
-4.275203337964264,-4.039989603870091, 255
-0.4550079062326624,6.864818760861702, 255
-1.9488660661948387,0.03396027668544477, 255
-7.723684564917443,-5.593620285412035, 255
-4.57516438497742,-7.135834334217477, 255
9.372986391784039,5.1690075811334815, 255
5.456495219814261,-4.299066659164179, 255
-9.712678310635726,-0.6161956962702639, 255
3.175475670939548,-3.3617023766189114, 255
8.002919871410242,7.622228163381777, 255
2.1580052440629878,6.931342067878177, 255
0.6381806766291369,6.511785338353569, 255
-5.85787515503897,-1.6812122076665013, 255
9.752297598708765,-1.2281207245512036, 255
-1.8804744740061459,3.4180697100113218, 255
7.235704050226296,1.1467097192486158, 255
-9.533102305282675,-8.786997431919442, 255
-0.28033061449077223,-2.7802069685535757, 255
-1.9803006278832687,-3.424672552221601, 255
-5.124810014617616,5.1382246664442235, 255
-0.370057775922767,5.5775675759375645, 255
-6.534823711324411,-3.8015136077613043, 255
6.201181145849489,4.323362076283972, 255
-1.8953268646165515,8.00563053412169, 255
-8.912431092446099,7.4824389692830415, 255
9.522434591907697,-9.119139880744234, 255
-8.930043101293176,-6.8552049624493545, 255
-7.678994905744094,-1.9487693883329946, 255
8.981032366618532,9.521056555369878, 255
-5.961461475563881,-6.7627915931166545, 255
2.8773874108188338,-4.113029109182635, 255
1.7691496069603474,-9.423702200281314, 255
-8.513638918826125,6.6032240899738746, 255
-1.1068873032500193,-1.1208071405498785, 255
7.807500798450796,1.1847254361184731, 255
7.62359014988931,-1.9785478143441892, 255
-2.048638545217303,8.099097339053461, 255
-6.529322906704696,-5.858565904905133, 255
-3.1257163862121073,-3.810321816243272, 255
3.5956349557950134,8.664368244781976, 255
1.6480049644264696,6.095491916151165, 255
-6.860774730941621,1.8845781282041791, 255
-0.2640684956736692,-0.8774324085485858, 0
-7.453680891169334,8.00811492636209, 255
3.939671346912002,-2.1949895408477493, 255
0.732577026286025,-5.696141324493958, 255
-5.88099858836676,-1.4028668846262633, 255
-8.037749918664801,-2.59252894670722, 255
-7.670289865262745,-7.779268272775841, 255
7.583276838956216,1.6334678347011256, 255
3.2717105192359224,-8.552500531538957, 255
2.064706412518886,-9.639230467974542, 255
-4.175344038186886,-7.820642677563758, 255
-4.229134740467211,6.643789130504498, 255
7.753120549791632,-3.732090632129368, 255
9.615113140727154,0.7019469593228678, 255
2.7769338569319295,5.146589820113494, 255
3.5617727371471357,-3.3195285827567496, 255
-3.2423086541133816,4.131423097959537, 255
-7.598812883287833,6.40172318724262, 255
-7.930157465087002,-4.802348023181482, 255
7.506028472443951,-1.9136060756818338, 255
8.800402320070965,7.287802682681342, 255
-3.6458086704410864,-1.9863388607033468, 255
5.7799721068072145,-5.468273587363974, 255
8.944706568268835,-3.6596426109130213, 255
-0.8415843977111948,-7.317040911736501, 255
-9.19386508860747,-0.8952414339200576, 255
-3.22081613193693,-7.109194525088441, 255
7.142357314585688,-9.066546393676017, 255
1.210789298399904,-2.2506681312497, 255
3.9957435745847505,5.8555019427607125, 255
-1.9562864539815976,5.271311510796506, 255
-4.872749653626314,1.5500099029079646, 255
1.9765163493679871,2.568586072216899, 255
1.7926883509055163,-0.46221396401066706, 255
-5.063593402914639,5.562672705142111, 255
-9.05825166960923,-5.507533073761426, 255
0.6121688443263302,-7.082119786078762, 255
-3.395891250344933,3.784527879190078, 255
4.303490679137411,9.03131408047869, 255
-7.405877199311417,-9.46994607330127, 255
5.8224910955594655,7.378113669550494, 255
-5.5059240520869235,-1.93214780114487, 255
-9.848184591437706,-6.69935423919068, 255
9.653448487235863,-6.715578428901678, 255
8.456331338499105,4.977849456373235, 255
-3.6692615855619977,-8.481433467221557, 255
2.7610132163217536,-6.7847601136997255, 255
7.523355527323172,-6.478493135194901, 255
-2.6380201253708684,1.365452745897283, 255
-2.8326055328463458,-6.098878871427329, 255
-1.0479975855111903,-3.8885867437596584, 255
4.160940186890858,2.173276377421004, 255
-6.137620786151478,-3.056536946083135, 255
2.8758259067931213,1.4811885899752184, 255
-9.512104092891638,5.387401825933653, 255
7.834498282708402,3.4532710555013235, 255
0.12842609391480408,2.496176040188459, 255
-0.5192036452913129,-8.97656856836866, 255
-3.7910920521517566,-8.186228208092103, 255
4.289954364479048,7.669369331638251, 255
-8.524392422275822,-8.125648269356944, 255
-6.824448554271882,-2.061235523000695, 255
-3.298384985362386,6.445808536397319, 255
9.291617563014501,4.355417443911538, 255
9.21766804383531,-6.549339699685426, 255
7.737224436461094,3.9380209469356746, 255
5.341684374478232,-2.3627794172873635, 255
8.465293356938638,4.330379967683605, 255
-4.676435838896298,-0.3995161688778541, 255
4.282932963850893,-6.498001589135869, 255
2.8954527182775855,-7.1082510788824855, 255
6.7184114388924385,5.809120649483008, 255
0.5783665202205075,8.674564635651947, 255
6.809676684720213,-3.1511518388157285, 255
0.45792391354873985,-0.7969283553971724, 0
8.4921858847297,-1.443532376944411, 255
9.359312535408456,-5.146916513989592, 255
0.10896789642423066,0.455724238046356, 0
0.3507270603204873,0.34303188575431065, 0
7.053529990259079,4.948688086807991, 255
-8.672173385393805,4.651892731990294, 255
-0.44207630098525996,6.310304338538767, 255
2.4162953747382225,-3.091710558927856, 255
-0.24144762951638477,2.755270600118136, 255
-6.509991314698659,2.6271238669951984, 255
-6.903296928791594,8.19628965545482, 255
8.127140526134099,8.314589651184399, 255
3.896655314310113,5.514208215468411, 255
-9.444293192548203,-6.9935973019955995, 255
-3.6304571798607306,3.1133774731008845, 255
9.485979454475423,4.914115203683982, 255
8.873719011693115,-1.0500080905884364, 255
-2.873465132106121,-7.55302532641974, 255
2.605124853827764,2.2199850242906933, 255
0.14518549206355758,-0.16475343284783506, 0
-4.179501032448998,6.042337073923068, 255
6.415189395809904,-8.776358583563749, 255
1.69942658561175,-6.88358980264108, 255
8.55213818599092,8.64974206336396, 255
-5.981029856098932,3.2464733552198837, 255
2.3655819113591736,-7.785901267991195, 255
5.453651598182445,8.411087934808275, 255
6.787361182112743,-8.514580063544015, 255
-6.23325980537814,2.8370129322499125, 255
3.6630517166166765,6.739696351341429, 255
9.780381775030872,1.828360164492505, 255
0.4650913363643472,-7.525476153313493, 255
-5.135713865815186,0.7132303612018802, 255
1.013184445101686,-6.408359105861732, 255
-4.663420863986154,1.577079166987378, 255
-8.62465095046176,7.856514077043514, 255
-4.957839020348384,-8.237522993310213, 255
7.2159271708687385,1.4534175138880627, 255
7.020494405665669,5.689945750363252, 255
9.75351502338465,-1.6491827623449158, 255
-6.673701854879228,-7.429052599468859, 255
-8.661206164424351,3.5795637300609187, 255
-6.963943626340416,-8.713670192543377, 255
1.9438318840538606,-2.4210401563753976, 255
9.181634631508654,8.755336431965677, 255
-3.954380734794478,-7.53807912118825, 255
-7.396370053347852,-9.079033978298359, 255
-8.107841318922379,-1.7495922378329354, 255
2.531136630405326,-7.218590401622751, 255
9.426580527679437,8.36725117498829, 255
-3.197468173746705,6.348251757387356, 255
-4.393092100119591,-2.968306722065572, 255
-5.162390239897983,4.757943522322341, 255
-1.732621097963662,1.7617547767130226, 255
1.2271829957289189,9.591631660404097, 255
6.616798481966914,5.144109665425026, 255
-9.399464380190924,-6.305897587070444, 255
0.5467081704651697,-0.15436847391103115, 0
-0.21526027236070178,-2.460490234973351, 255
-1.3917466779418302,-2.2365219560050287, 255
-3.266451745179186,9.72324443712704, 255
-2.6415659546475467,-8.561819035440346, 255
3.2609855717532366,5.87972973832839, 255
9.878031212092385,-4.466813418672826, 255
4.9464846157517215,2.3551159673694535, 255
-5.708672530721028,-6.599928652001525, 255
-6.646402587117026,9.108774760844792, 255
-2.425054370432127,-3.1769904491310585, 255
-9.494283913142356,-7.822000930836586, 255
-9.55378939802255,9.383511277353914, 255
0.7450951038472056,6.974793788851393, 255
3.4577523561424925,2.396966522986258, 255
-3.9866040271064644,-8.705009787117055, 255
4.204809560348075,6.441281353277958, 255
-3.9059953281283777,0.7866639658413561, 255
1.1086474652069196,4.0846214377586865, 255
-1.8144726986358108,-0.4785818023758104, 255
0.5072619464744736,8.913840492163555, 255
-5.059083801294761,-0.7393806554592981, 255
9.025475060125604,9.156626446789144, 255
6.900390706891528,8.257966085657603, 255
8.86650487421807,8.417602213383418, 255
-7.403974202363135,0.47575502457689645, 255
3.5917541221295775,2.8094792751053514, 255
-3.7796629787645752,7.802381456188218, 255
-5.327389406001995,-4.735839948002312, 255
9.214781215113824,3.759711718333241, 255
0.13726858952666632,-0.6371676400905812, 0
-7.948429052946087,-3.440247219892565, 255
-0.8896984854308148,5.057018985732311, 255
9.78403038137261,7.328004159556723, 255
6.995168527052542,9.66287816126956, 255
5.040742984330134,-9.669593403785676, 255
9.521021158251454,7.541237296627589, 255
-5.1016877217006895,2.9777492433566053, 255
4.737772513019859,2.533539094397799, 255
-6.06778754231823,8.614732781793329, 255
0.9030612638727202,-9.413053031323614, 255
-4.617031967779899,6.3989480152240645, 255
-7.571716808079589,5.994456383211924, 255
0.8244255085160734,-9.987417517263633, 255
2.24517418259164,-1.5453422611725127, 255
7.8983467332300705,-3.81816588267964, 255
-7.314566528281423,-0.7880167457584157, 255
7.613061427406723,0.4519615139109039, 255
-0.6641065945073024,6.922839637338718, 255
9.70757606748339,5.036518711514255, 255
7.551691938534756,6.0643120707667535, 255
2.095161699752179,-6.182339029385386, 255
-7.84384913327491,6.575604061658549, 255
-7.090673864263941,-3.414367186549045, 255
5.728264830218656,7.481417648671222, 255
-5.317503008315501,-7.06640115563342, 255
-6.329226928784792,-6.3079892009879535, 255
9.431340890634022,-2.410739716141654, 255
-1.6794537584017384,9.99255048834888, 255
3.4293335163400123,-2.99462703939086, 255
4.92363649046089,-6.182007123552172, 255
0.5280828684609578,7.753855694959963, 255
-1.71353222942564,8.31979856118571, 255
-0.16800227167719584,5.390621013986403, 255
-9.536518839538665,-6.315138775694315, 255
4.518665580752588,6.841327523265953, 255
-7.385305647877578,-0.6367897414523132, 255
-3.0744362039867905,-1.6999598917379863, 255
-8.048059686027253,-7.3397882385635, 255
8.705168771646836,-1.1887956096999357, 255
8.919409870023237,-4.758400397495555, 255
-8.827085131405168,3.789701150937642, 255
-7.031740060905616,-4.439574635931384, 255
3.0044249312189475,-5.1751786127247446, 255
-9.711871989076142,-0.4892972354092944, 255
-2.957555157467546,-7.96762830722926, 255
-0.5480611783875577,-7.34987711338346, 255
-4.359367761129489,-7.4355665823843005, 255
7.775096230453158,-5.025814707982015, 255
6.95652094619475,-3.3050632851585338, 255
-3.3121494787600314,8.541172267973135, 255
1.5391870115048985,3.9434942464748968, 255
7.925694044902421,4.449477624942531, 255
-4.200255010544538,-4.721818301603065, 255
-4.463737106758621,-0.7595475647766357, 255
5.257575749890757,2.762103781950291, 255
7.30680022932162,9.450446115696309, 255
-8.862353538180809,-3.289560376035851, 255
7.700958786322879,-2.209804943299403, 255
-3.4264013885869797,3.6021547619145373, 255
-2.11113995003565,8.875265239628348, 255
-1.4230348802407562,-8.15079975580992, 255
1.9755051508411476,3.35408725624821, 255
-5.817287633005302,6.454671344686332, 255
-6.309374042846498,9.101556538410172, 255
-1.86305952578304,-3.8232521691763015, 255
-7.8258179897808855,-4.190389189215358, 255
-3.628775257122994,0.7113378864343751, 255
-7.292264531190891,8.42637405395342, 255
-2.527382161292115,5.147579364253204, 255
-8.423007877300945,7.4851158907074975, 255
-1.4830563311290827,-1.2278412162229095, 255
-6.989788384485303,-1.211583501634495, 255
3.557568739219093,4.651629114351866, 255
6.04251931312459,-0.37641433851101347, 255
3.937931873333964,-5.685583576889561, 255
6.2788437911299795,7.390114648235311, 255
-9.094394027450683,-4.5578454051899335, 255
-7.0950209729875,-9.618099741757064, 255
-0.4019009310902071,6.722149689768543, 255
-6.303317799453849,-2.5857216020413354, 255
1.33257344166279,3.65518300903088, 255
-3.145926910205487,-2.681902833292373, 255
-7.333563632770728,-2.9876993356477044, 255
3.1310026698214024,-3.5721825332080037, 255
-4.560080257207502,-0.8455495902147714, 255
3.7017540868847476,-3.273975664982842, 255
9.682032773952386,-5.990019913429673, 255
-7.885029123623635,7.900253249107294, 255
0.36482549653186425,3.1419273883985497, 255
8.996360215840681,-1.7342516001750106, 255
-8.29632240576255,1.866396159491721, 255
-9.3716388139799,-7.3377431250938585, 255
-8.167484666714769,3.342825319647819, 255
-5.783676610453153,2.6263261013155805, 255
4.947621770329764,-4.668387420041682, 255
1.7242097748616896,-1.5549679207367753, 255
-6.417368405225387,5.251300264559299, 255
6.749833024338244,-8.980429739415019, 255
-1.498728271476784,-2.0354738922004634, 255
0.9631067044927413,9.65741436295005, 255
8.74387035224155,7.540834554625299, 255
-4.71934272493264,8.402826065279562, 255
-2.038805174715918,7.397602456482129, 255
4.402677682051268,3.334040927020876, 255
8.981578194608247,-1.5043102894793066, 255
-6.740756610660135,-3.0345092262865663, 255
-1.3867510032425017,1.433186690127073, 255
-4.947877336463904,-1.5829508795428797, 255
6.265267209025712,3.370925393084484, 255
1.0451090437103527,-4.673138767100533, 255
4.863167425101443,-8.53555673900717, 255
5.893460570924367,2.2745180950756563, 255
-7.1704668542599315,-4.358202831979683, 255
4.312125488933816,6.242722765057831, 255
-4.461726875831684,3.300665149320137, 255
-4.514466488463986,9.476926364612773, 255
7.293707070489674,2.848395292623307, 255
-7.908067404505643,1.6159110677058521, 255
6.510538267928595,-8.7848845252568, 255
1.6867462481822706,3.595559739768863, 255
-2.369717070138977,-1.9907763597478034, 255
5.7175230226431495,3.993715892934773, 255
9.344169173317091,-8.873318050985725, 255
4.461234441122453,-2.8404480307576607, 255
-2.8827634527670316,4.1679777325734655, 255
9.35790970153709,4.0158492880488055, 255
-9.22910022214429,-0.7619178858223492, 255
-6.3312349187267465,0.7799477386722327, 255
2.916345198570598,4.775642087202609, 255
8.526081955791444,0.08237238931558011, 255
6.927374831409004,7.443475732802092, 255
9.71345574691853,8.729407801552757, 255
-0.7255469357504225,3.209812690295495, 255
6.568742687206164,-4.5564062349449275, 255
-4.347156120878026,9.06048390862508, 255
1.6871108577153322,-9.210030188510776, 255
-3.461380668301506,0.2616169849152996, 255
-4.95249100376917,9.224978206805652, 255
-6.762213853298736,-6.407368555280661, 255
-5.563513616404549,-0.9476889376794162, 255
-2.4063321832178497,-1.0436397830530826, 255
-4.462974027385083,-2.6866335964170585, 255
7.650349393462129,-4.605738548845608, 255
8.69892923662626,8.546553451767977, 255
-4.413121508772068,6.942170727933849, 255
1.9027833939695444,-5.398190034918729, 255
8.582216429704253,-5.012452253982751, 255
0.14382068941952397,-1.7573175806435355, 255
7.119667842181055,7.777891530558037, 255
-6.534214136680799,-9.41107534932528, 255
0.9806212440976125,-0.20258128173680667, 255
-2.346755576612911,-8.715270497061562, 255
8.953795776920689,1.3926849949336546, 255
9.41973792150257,0.6257606422101496, 255
7.881077738156353,3.9030890850737006, 255
-4.570277275791213,0.8068268678683577, 255
-9.866858694182527,-0.2078226006415349, 255
6.457249560202179,7.200526634677445, 255
-1.7453816925204872,8.286414063007062, 255
-9.81127387689263,-7.7960695922255745, 255
-9.954095348913182,2.2955772914262784, 255
-4.360655757975211,-7.913443136213132, 255
1.6303588125880601,-6.840233527538054, 255
-2.127356294973506,-5.519341603474793, 255
6.194063325923544,-5.63876306362888, 255
-2.082739716056075,-4.617431032233242, 255
-7.638600157568389,9.613821117599983, 255
1.6603426792759919,-2.7889661567843183, 255
-0.07989618260676501,-7.978715517585934, 255
2.873620159111221,-6.335729524638099, 255
-0.5132904743646254,-2.492125931526501, 255
-6.044528341666259,-6.822276986533997, 255
-1.2891478183313616,8.1733876097863, 255
2.34932273039729,9.16866558226284, 255
2.866685151354753,-3.7153980493761356, 255
1.8171267210445823,0.3745302818649634, 255
-6.696248999184691,-1.0434437800229155, 255
1.7037802482913893,-0.09790012026902595, 255
7.444863595165717,0.6270104302415991, 255
-1.6443673871626743,3.4340522126537145, 255
4.3085331368155515,2.747385653912925, 255
-1.2849908627966151,5.399315651432882, 255
7.7630894196222116,-1.3046174831954218, 255
2.064013438166457,-6.434345973250042, 255
-2.955112868917105,-6.330112619038393, 255
-4.291637308032506,-5.379998067219464, 255
0.590121523840546,6.048078329424477, 255
-0.2290575857364079,5.418195284411562, 255
9.225601773568997,4.789450762983403, 255
5.845138994589803,-1.2036229527109263, 255
5.8810504516883615,-1.8920835503554674, 255
-8.798592903798774,-8.042041143591604, 255
-0.24275408993990055,7.426018929134692, 255
-8.53153848073968,-8.803022757519173, 255
-6.636085489214157,5.402395632573338, 255
0.9141382104541389,-8.064252225375881, 255
9.578256322076847,3.880803853677886, 255
9.123260500276881,1.4952819184541717, 255
2.014914685988785,-7.1576908772861465, 255
-2.8861412491295564,-9.811852423461065, 255
6.92543367030029,-8.853357478064707, 255
-7.200253540036032,3.1680476864089755, 255
-5.450399837176501,3.7900477260264136, 255
9.227861260266636,-5.438213132611233, 255
-7.249115811997888,6.355069972486845, 255
-7.289358301123034,8.141494280391598, 255
7.201065938359296,2.9075253870390494, 255
-2.39646602928768,-0.44855635767436297, 255
1.3027161189796193,9.303189592170234, 255
-7.0956990706081235,-7.3839036551103, 255
0.653780640137045,-2.588414291083991, 255
3.694979327961132,-0.21092869758829913, 255
-2.8562895478331267,-7.8863907748400415, 255
5.212923719148161,9.657580488545314, 255
4.80493411489282,-0.058043123232547345, 255
8.995533702695553,-0.9384444220592041, 255
-8.479161077424223,3.276664088113348, 255
-1.8656472841178395,5.8588644948733855, 255
8.053998763094935,7.681954012880823, 255
5.248065192310145,-5.530284320813452, 255
4.867961733203055,-5.333674156965074, 255
-2.672566274680821,-5.154643303460644, 255
-0.6547889576116521,8.566355114274078, 255
-7.357060971918461,-0.34742878070333205, 255
1.5547081817518844,-0.15727570803448998, 255
-3.224566141670138,2.9065416258620473, 255
6.750015984429446,-2.973860666335268, 255
-1.5603428829789845,3.560940992041189, 255
-9.737681160894965,0.35791261013422293, 255
-5.923656325931512,-9.525381133081474, 255
-6.294784348815041,-6.927061872960001, 255
-2.3588677565824145,2.855545768764628, 255
-7.3024215352786985,-6.271346987585074, 255
5.719549207295245,1.7829350676445639, 255
8.292036412015825,-6.250959405509191, 255
4.4976335456726435,9.508323394953383, 255
-8.408243873066468,2.450863962638561, 255
1.3672648536994085,-0.7701453685422273, 255
-1.197675476688305,1.686968186837717, 255
-2.0836989660812417,-1.5419524516225103, 255
-4.840614065291042,-2.875104654595326, 255
-6.459875756154481,1.4302894893181843, 255
-6.965522234631076,-7.681869159881725, 255
-2.034814356363772,5.164482787490972, 255
9.609899453447387,-6.389494584119131, 255
-2.2435430707020902,-6.601129351693826, 255
8.626206462712634,1.1871548716929539, 255
-4.2342088680602785,1.241334615509686, 255
-5.619730196368408,3.342189366699227, 255
-9.546566182004243,8.963159060754588, 255
7.980909774063292,1.284526551584836, 255
-3.245740248500182,7.3566742641483245, 255
-3.586171164055867,-9.29193003047751, 255
1.4421378143879675,-5.384226050845267, 255
-7.530619275967563,-9.551167493707776, 255
5.7027827388788115,-0.9602775305618483, 255
-5.828803108189713,-6.3282692601463, 255
-4.929298923780547,-6.09909663821975, 255
7.098901228601854,2.914548036419802, 255
5.276222208812502,-2.7271032203242873, 255
2.3909207089294426,3.4585708623772113, 255
3.379551074407292,-7.9183330215132575, 255
4.6249292373136175,-9.038801514137745, 255
-0.9866683168453356,-5.560116007523092, 255
-4.892534085937057,4.2284302401756015, 255
5.244836424896679,7.960644050626154, 255
9.736819086351577,9.239636510581189, 255
-0.31627006777999256,3.982155357655163, 255
9.518797607176065,2.35198608861203, 255
-6.01222723661746,7.785598422806622, 255
9.977126846583417,-1.5825940545853037, 255
5.2642862063768625,-3.0195649275444296, 255
-4.354925601378479,9.982554540916158, 255
0.7344220226017342,-3.715335113691232, 255
0.969489152674301,9.38533750571452, 255
4.8336226008845,-5.779404488681042, 255
0.06483837838407958,5.811175602524335, 255
6.349234430434471,-7.915460492156042, 255
-1.3874436057051653,6.659559459103342, 255
6.555552769028466,-9.987811957158229, 255
1.0015819603030263,-8.141495674707194, 255
-4.665574581710916,5.883695037992281, 255
-0.10549997737402173,1.5017558007562712, 255
0.032632417182545836,3.6946032314652655, 255
-1.7204853361037387,7.221724169026661, 255
-2.3857455736383564,3.597716606182047, 255
-2.2815539457023988,-7.812213974636853, 255
1.745289288558654,3.2005963190911046, 255
1.5771509099818601,-3.8857972153438762, 255
-2.880712851154321,9.588505637273641, 255
-3.0632107820092997,9.081964017351677, 255
-9.402069910077751,-2.9769138356747504, 255
3.743185451456938,-5.051369640781214, 255
0.4685538156158344,-2.115110212355864, 255
8.143080617684284,-4.2033120291696395, 255
-4.991828945186594,5.862721324339105, 255
-3.8465087666509,7.9004703778655205, 255
1.6171765045977544,1.9761541129878442, 255
-9.085215285801072,-8.946982148278371, 255
2.689964153969278,2.7632838230464163, 255
9.751192171315694,-8.66699458862457, 255
-0.6323197128634348,-8.818416786948191, 255
0.07829228707676705,1.590650396175711, 255
1.7313690356091254,7.744080841958823, 255
2.9581478067412945,4.478853781136243, 255
-2.1476938931125993,3.09718110971467, 255
1.3839540013528957,6.6956913978810775, 255
3.322729016926049,-3.2817746970012625, 255
-5.212678069641621,3.22424515899165, 255
-7.490727209740515,-6.581774681898825, 255
3.0827295093511786,9.277400800891233, 255
2.022374949628503,-1.0944624336990199, 255
9.509723528728646,-3.0780419991467163, 255
3.0707587936081904,-1.0736143979274875, 255
7.925156878246916,2.7519675130216203, 255
3.2420382293682373,9.034468854744059, 255
-5.558351216102357,4.715667647196991, 255
1.732479351081654,6.533307461181103, 255
-0.691236782454304,-2.9514901012178862, 255
6.155132118061431,-9.556639701329434, 255
-6.998598167555368,-4.3234939449315, 255
0.03671833941054459,-6.3185497486747515, 255
6.530582085171066,6.320442473889553, 255
-9.846491980392745,8.920782334130667, 255
8.201827779139805,-4.293846588598673, 255
2.294615774400871,4.91505894783562, 255
-2.1424989605645344,3.838453755803176, 255
9.502727052490588,9.519685523874948, 255
-8.73522170878859,-5.555560473980153, 255
-3.3802454657656007,1.6841544523699596, 255
6.919733988045721,-9.552323032420581, 255
1.7898278378657473,-5.263474361034635, 255
-0.3622763902377564,-5.031076828101046, 255
-3.4717155084756834,6.96259253556709, 255
-8.938770200597837,-9.296407181855988, 255
-8.873965301938757,3.9207094524588513, 255
2.066532216202294,-6.121295745630471, 255
-5.402093634907632,-6.096502974379325, 255
-1.7566224418056215,4.665984706954589, 255
2.3293565359748403,-0.30994694825493774, 255
-3.914459882822971,-0.6822333523980575, 255
-0.2729150830134426,3.062573014948226, 255
-4.626139411804948,3.9835170662193224, 255
3.5923061255358046,6.248974394614471, 255
0.4289229158075951,2.6665180293182367, 255
-2.4653406675437317,-0.7439106811399512, 255
3.90085150340542,4.003717668221622, 255
-3.569874648292471,-2.5847345106676407, 255
-4.116630331317747,-7.143665687925644, 255
9.72736508734743,-6.457578864815194, 255
1.7248839307272874,8.340761257544166, 255
4.50771826739793,1.6407333915762052, 255
-5.896301519856899,5.789282358783545, 255
-3.1358978682669054,-5.735273390937287, 255
-3.596830998934357,9.526509146199395, 255
-8.578012808599171,9.554954958732417, 255
-6.182103580685792,3.984434961574017, 255
-7.233084934239173,-7.112574006584243, 255
8.81408990918844,-5.727127744135656, 255
7.657190491455015,-1.7178599145258229, 255
-5.827630000750517,-1.0368391439779394, 255
-0.6432766560179637,-3.3362596527793915, 255
-9.219717916136137,-1.7470663788018541, 255
4.441896242809014,-2.2829406285568528, 255
0.8718255235926904,-2.71978090286421, 255
9.841648276826099,-4.711599805863278, 255
-5.096961356615948,4.0782613966886245, 255
6.784761078795128,8.761288660567754, 255
-9.629116215028278,-0.4683274205719563, 255
-8.601921661903397,3.772695237488799, 255
6.591529353790968,9.467703382018296, 255
4.551327260546014,-7.119387903383423, 255
-0.9064237855210386,8.34529767977632, 255
4.295670125652897,-1.560741293284691, 255
-5.074288603951618,-3.376941430912039, 255
-0.014016656211392586,4.972291905482869, 255
-6.676391516309737,-0.5242988724734854, 255
-8.299660799451097,9.366788564403276, 255
0.6386011464352919,3.167721925008369, 255
6.601431820330294,0.20425183918038492, 255
-7.030585552202218,-0.17710104637750845, 255
0.11357841018688042,-8.93499970195252, 255
0.09470533855668961,6.276058404982965, 255
-0.0831436567450421,-4.454734632892212, 255
-9.238146112579937,-9.73482550626695, 255
-4.237882438837513,-5.527906496894426, 255
7.09894707475965,4.925973020245877, 255
-8.26205323218943,9.56172538353335, 255
3.0750167650560236,-3.373581022098291, 255
-3.613249545816597,-9.843636099007465, 255
-7.897904974882691,9.099411064315191, 255
-8.391184531777744,-7.680091464210534, 255
-3.1177555471684215,-8.021684310782009, 255
-6.1035047053207725,9.994938861584522, 255
-5.991876625416799,6.7477521716621816, 255
-6.3761178772771405,-1.2670276961417173, 255
4.390839667372045,5.919291801017314, 255
-6.103767508582882,7.454442032530057, 255
-1.4707510369915884,3.5374787645821826, 255
9.790581451208304,-9.869521178465936, 255
-3.211776446161969,-0.010966269437343357, 255
-1.6663958648162804,1.5520968086869562, 255
9.227002867786933,0.03557020848356984, 255
7.947589226922041,-1.6953978248748847, 255
8.798962721452913,7.915704378961927, 255
-5.729655247381038,-3.3778316402278152, 255
-9.675886023422786,-9.010615089536664, 255
-2.01283505341733,6.853412558291211, 255
-3.9382586118761136,3.854676459072742, 255
-9.108825651069935,-6.81855402762912, 255
7.61317470525006,9.428179425743494, 255
-3.041665269563099,-4.583219579240687, 255
0.5656579004966993,-0.27416009322560697, 0
8.611814162336128,1.4326955293155397, 255
7.949546071181118,-7.159758025659899, 255
-1.0091664093212138,0.2138294437475441, 255
5.68017005403242,-7.269871195406113, 255
5.909030921707048,7.007055337715244, 255
5.120349622437853,3.131841488431455, 255
9.574730539808282,6.030091802447654, 255
-3.4822315344150905,3.411494922416413, 255
5.42526066391294,8.801824961808563, 255
-4.835822758176782,-5.7246039914186175, 255
2.1805956347753703,-6.752028471824292, 255
-9.785064271093786,-4.084491320367871, 255
4.237603302908962,2.0173993393650687, 255
-2.0630935327741584,-4.290313624313611, 255
5.841646788533604,-9.982286589565096, 255
-3.2888228646827162,-6.2062008158755315, 255
-4.25053921203403,-1.6628901793434743, 255
-5.835553818439083,-4.918422634965891, 255
-3.3701707762363036,-7.484575143923797, 255
7.338108192312301,-7.958720572928694, 255
-0.8442092202054745,5.8911043511750485, 255
-7.8772141652547845,5.844841724305956, 255
-5.876622432178424,5.7525820721943575, 255
-4.397034114392337,-1.1982939647885953, 255
6.41542925587877,-6.769084277719804, 255
-8.07915081041891,4.128270666985756, 255
-5.8110134687774,6.400011546800936, 255
6.784057474052105,3.680525415129159, 255
4.6354550654053455,-6.757011774459594, 255
4.175981461413418,0.12847508949296937, 255
-8.725379458654196,-6.2563133922767395, 255
3.0380701858610344,-0.23876978563975904, 255
5.772696618737477,-6.846487764937994, 255
-1.8888097701334452,0.12117769094814435, 255
1.840484219798915,9.531157776432856, 255
3.2844201299448095,5.677886317260102, 255
-9.768038384919953,-6.825862621946859, 255
3.9325317753310394,9.570944352146252, 255
5.209651722420354,-8.09690360931632, 255
4.2157394743011025,2.429852921969207, 255
4.013028027345753,-9.510049811049806, 255
2.794492139462344,-1.4494073014066533, 255
-5.6908096377789885,-1.0708498454550792, 255
-3.5843629242281256,7.934148053507933, 255
1.8154034658728957,-5.255334131593865, 255
8.409769030084313,8.013815341993656, 255
-0.5887967775815923,-2.504101942724038, 255
5.551707459391036,-1.3827227024821234, 255
-5.428344693547487,2.6034099945703204, 255
8.713080376336357,1.0926494830311118, 255
-4.471543351392415,-2.9148540546007196, 255
-1.7473403022674265,-3.2741914931416893, 255
-9.04429899447707,0.14378647835624037, 255
1.7765566034652593,4.609423802580746, 255
0.9692377798895375,-6.804582244784867, 255
-4.933206081628216,-9.787055405362729, 255
-6.133842355220014,-5.981509978588379, 255
-8.742179547149993,3.708066943331776, 255
6.462054212967416,4.961788354204405, 255
3.8956090254827984,-3.0296364825803686, 255
-7.936056513159255,-4.569385874155114, 255
-9.42268096792089,8.00460138828636, 255
-6.879001724412017,-4.3005643613394495, 255
-9.54846244813063,-4.079048348657759, 255
-8.802447343152801,4.854027361640089, 255
-2.3424657099832285,-3.601529131194523, 255
3.885920417234633,2.7846362850978057, 255
9.331422533423488,2.2944783807111833, 255
-8.265427276566552,7.911984369610273, 255
-4.614715259102253,-7.9265155269935335, 255
8.409996587240933,3.5639679459355555, 255
7.098302253270727,6.375050798920508, 255
0.9660270525980863,-8.962041943980307, 255
4.211377432625582,-7.685254473371678, 255
-3.913475458966773,-8.658546144711238, 255
4.465525660744374,-7.282729939720809, 255
-5.070414402549037,3.5175964240245037, 255
6.127587787843858,5.387168920154707, 255
-9.415953342881307,-2.8270915247469386, 255
-7.272509229528121,-7.487131295366678, 255
0.07785156608588295,4.060923496140482, 255
1.145724959121468,5.428761772616896, 255
8.037653969034515,8.489053355663579, 255
8.828408869279396,-1.8248543511815427, 255
-4.724043255449422,-1.01798291447653, 255
-0.9148582792455233,-8.442674444098046, 255
-1.3575131407527472,5.133774046892764, 255
6.063428559523153,8.775884427864622, 255
-2.0295463168216905,5.191712677236971, 255
-4.813718796643958,-7.753919397149485, 255
9.51906164291325,3.9161354758795497, 255
-3.6429618129246126,9.483055003204377, 255
-5.4997596842162855,-1.1262183625216338, 255
-3.7094306356111995,4.5369534143091155, 255
1.8252549875917001,-3.6554575113532817, 255
7.1855595660783855,-5.492356735543815, 255
4.524664097633234,-1.3601631962031018, 255
-8.266665237531791,8.853903723687168, 255
5.753438964920374,-0.2611795189005086, 255
-3.5682034454662297,-9.844976528233131, 255
8.797052883208107,-5.194434136971409, 255
-5.54525175620279,9.251972343469447, 255
-4.74508420105807,4.40288248406582, 255
6.186401450462057,0.482405663243874, 255
-3.2114036904324994,5.847154525438265, 255
-4.14311552530231,8.973583102814374, 255
5.754079853806893,3.8415619062033244, 255
8.657614401929528,-0.8741164196446931, 255
5.469075422458484,5.7481088863439425, 255
5.696812355358375,-9.21188153710814, 255
2.925772011969773,9.274348322549631, 255
-5.4085205990033325,-6.427085255031184, 255
8.210131996654972,-3.900208821751474, 255
9.5849407504024,-8.056045075230344, 255
9.180542404777988,-3.0977101467868025, 255
-1.6253482255380511,-7.329997483555097, 255
-9.669493855724962,6.414290594677297, 255
-2.302233984591222,9.418886963989852, 255
-7.170398883621423,7.505072255017819, 255
-3.6076502179225267,-7.265657932640563, 255
-7.0207707733847595,-1.124428037196214, 255
-1.8209454349081078,5.836911351219587, 255
4.8469246597373505,-6.656809904176297, 255
5.848860868270087,1.7649148262085657, 255
-0.8702239365506141,-0.1367659755556776, 0
-0.962295882977287,-4.537313150615354, 255
0.7426731860986884,-5.027975996489149, 255
-6.486608877180327,-7.609773666906299, 255
0.840345687457928,5.929213939961215, 255
2.0715888539154363,0.7664955067763639, 255
1.008429876382614,-6.813026952367245, 255
-0.9769203938453135,3.9732489505843347, 255
-2.3079619448968014,-8.708191119594774, 255
5.718556890942445,-0.24876977354419338, 255
6.1285442920505915,6.00903865401115, 255
-0.9928221452768611,6.751803420659709, 255
2.9823678990781115,-9.83161426578286, 255
5.776953186470795,-4.511432221832797, 255
-4.457091749794413,8.200545723719454, 255
-8.500966148979588,1.1201670147798577, 255
-7.736931747051587,3.068681175510191, 255
4.4794518673160475,-1.5517290232142678, 255
-3.0908215673676303,-4.154627991616165, 255
-9.116541451883368,8.320262531012432, 255
-8.988488059607098,-3.576947259923571, 255
-4.468739083441586,-7.811182137327613, 255
5.6310904094879355,-8.106492043191194, 255
4.031188524277789,1.002205700859939, 255
3.4422684025438617,7.417561865575031, 255
5.8138532067963915,9.408102860368643, 255
2.5936686487624083,-2.8208127952446755, 255
7.152278128306236,7.342851867572019, 255
4.089237856971476,-0.08347549308541247, 255
8.829511037936609,-9.73979645369063, 255
1.8344912676159542,-1.3260579466384375, 255
-2.7002327892862894,3.2978254960902333, 255
-3.844146324662745,-2.564119196269452, 255
6.600880503077882,2.9749898724854607, 255
6.407270241693592,8.744687849132905, 255
0.6995322808810585,2.583947253995012, 255
6.497102847522292,-0.8836066641169626, 255
6.936958383324807,-7.321611003401236, 255
-8.466024565164169,-5.057909975795796, 255
4.0818353795502595,-3.03979852056826, 255
6.274791444502561,-0.3422845037709834, 255
9.330705427446098,7.090505636996941, 255
-1.6146300806720948,3.5328496719951445, 255
-9.59017901042692,-1.4880111264518696, 255
-6.761744903229278,7.00895943214848, 255
9.648349043402725,-6.211788136648099, 255
-2.1359041733768613,-7.788159253985558, 255
-9.740106027673065,-4.175793638116025, 255
-4.972813451314158,-2.3966510153522735, 255
-3.6139445873874143,4.716025033222591, 255
4.07109815219,7.193721708738501, 255
9.964643903110037,-0.48500203217935756, 255
2.7642609603618933,8.97256070240418, 255
2.7239699162549353,-8.791817145275893, 255
-1.1072659672481997,-2.998474950382379, 255
2.4383588416293023,-6.872502978368074, 255
-6.140758424394801,-0.4038825875405472, 255
-5.605745082306372,8.361375362781516, 255
7.771742879625016,-5.419615757228615, 255
-5.181078616394923,2.8654368447396905, 255
7.5484014361211464,-0.06609725716671022, 255
-1.1648542017939985,-5.176860231263447, 255
-0.02990642987682257,5.265152230170342, 255
-4.126893771878684,-4.924814739006349, 255
7.693700245493925,-7.587267388217091, 255
-7.899373017842737,9.269911112006682, 255
7.645759776862722,6.436635673361831, 255
0.9738398350260606,-9.746928141157303, 255
2.237626825316468,-1.1626694835318059, 255
8.938421962579703,9.386639926407494, 255
9.35523186307313,-7.178856129529045, 255
-7.480067188965316,-2.758131760414651, 255
-4.398103660761381,1.4162510009060973, 255
1.636368067047357,-7.462430512191231, 255
6.7896638937054306,5.603699605557047, 255
-2.440979019666793,1.1558797430024725, 255
8.893859346369414,-0.518603836839377, 255
-0.7912513034107711,-5.1978187925922565, 255
4.462372660341851,4.945781520893998, 255
8.814256223071684,-7.188431124378245, 255
-5.390023617245854,-9.945669041722125, 255
-7.481773187798053,-0.8496691953205762, 255
3.4780763649529796,6.668169327342362, 255
6.334904232215596,5.864533341361412, 255
6.31174484281339,1.443776424743879, 255
-7.69350574966812,9.798007592693, 255
7.67556006029503,-7.103619625258495, 255
-6.222723492023842,-0.3449548166909864, 255
-0.560356256681187,-4.869474884952341, 255
-8.329914781336766,-8.97838414513167, 255
-7.904290980556661,6.949436387966983, 255
9.167271294904115,-7.138313636680696, 255
-4.221302304063881,9.366977458330844, 255
-0.17961301264380225,-1.6354828143528408, 255
-9.810725774145833,-5.19504102955711, 255
0.4670833012849922,4.906077073984436, 255
2.043841796264495,6.623769391252715, 255
4.732200952478456,7.456817661701287, 255
-9.931746562355347,-7.4980034417790336, 255
-3.5246306920458874,7.73387175803942, 255
-8.278007174473856,5.176904642112509, 255
-1.095111559322529,6.943772852933883, 255
2.5745272280818483,9.099492465303832, 255
-7.875955906226868,7.446440734130931, 255
5.470855167306613,-1.880524256635205, 255
-0.17914500744432793,3.7655997275811774, 255
-8.718947334006693,8.053769906399154, 255
-5.9076133717117285,7.103126128440426, 255
-6.825417492553938,8.686093714244347, 255
-9.217804034607278,-7.6007120126067225, 255
5.32260498562974,3.601278347267872, 255
3.6527358518202107,3.5223173487670767, 255
-7.047325680749075,9.118925834475448, 255
-0.3329731666506497,-5.781593682674435, 255
0.9393115480642997,4.498925764512238, 255
-4.408047421487473,0.16784537183355042, 255
-3.520950754533281,9.704971990698844, 255
-0.06756325444166755,0.17681865545727504, 0
3.944543196864231,-8.194866983788298, 255
-6.772179287980253,-8.660842017873245, 255
0.4984028100200426,4.349664508935845, 255
-6.024487957980574,6.4410808309842125, 255
-2.4593383788435785,-3.4155031515893786, 255
3.2526534564858984,8.711005541096334, 255
6.506978232184807,-6.6339992459160975, 255
-0.03441118241350516,-0.8721008674466919, 0
2.3524460284907374,-0.9785566011332776, 255
2.4104672096822135,-1.704241282750445, 255
1.95730074179896,9.426446448665558, 255
4.990869538235518,-1.7429536828200831, 255
5.212409813707993,3.2741759052971737, 255
-1.771441191263584,1.4459751132624437, 255
-8.072308713004471,-7.647800518783086, 255
-7.974929829478102,1.6489922891975723, 255
2.2127823687131,1.686772686073848, 255
-7.90387881161436,-8.431089665412426, 255
1.069997731794409,-4.584461995493179, 255
-0.2304374204917572,-9.08469921425693, 255
-2.6264436752750164,-8.833146957118698, 255
6.571595061725798,0.18749634651858216, 255
9.365226317758903,-7.251751149987675, 255
-3.6832098350877507,-7.780333667950822, 255
6.32259594209291,-3.7087580688313038, 255
-5.894952278073104,7.622305731974034, 255
6.6535881468655695,-6.354925390293711, 255
6.337484637984247,1.2165924505593608, 255
8.630842513157791,0.641904673501486, 255
-1.270681162942724,-1.4624298318005415, 255
0.020135693710521707,-6.686804024299162, 255
-0.565268888542299,-9.234514698686578, 255
7.865587927702883,8.930478824128699, 255
-7.546105757701085,-0.7584596238284398, 255
7.582959977202929,8.438402577249256, 255
5.910149058415499,-3.777491725358299, 255
3.9107041509291385,9.06084208500555, 255
-5.072891336105851,-4.667390835625982, 255
-0.8861922771320145,4.117585354362083, 255
5.559360783394155,9.524081407937246, 255
-7.748189839127921,1.1303355253680607, 255
7.121239790924186,8.079649547322205, 255
-6.023989997805743,-9.312607230777353, 255
7.618523777317435,-9.614043747063244, 255
1.881007005254716,7.185885414151578, 255
-4.016635056724784,0.9285635037873252, 255
4.329291960110378,-7.288260449794186, 255
5.049341423047569,-0.809496537733505, 255
-9.817859712496332,0.9419484380155989, 255
-9.458614829576732,8.600545107015495, 255
2.022222121375048,-7.831406445982756, 255
0.1755734673293894,-8.164509824291628, 255
-2.1808614344651778,-8.34346403367552, 255
-6.619202207721704,9.383286664393285, 255
6.974184229463301,-6.18770973874335, 255
9.721634546860429,-7.293821127819593, 255
5.546033761786921,-2.2973954729058548, 255
-0.6760691118170996,-1.3629345501261518, 255
-0.9259443414291155,-6.950226677216234, 255
9.531707841145277,5.247295254143262, 255
-7.167849857990478,-4.568396686287319, 255
-3.8054324746532036,6.4864020274245, 255
1.645480546019142,9.145443123027224, 255
7.1710937885189345,-8.019869040691784, 255
-7.623457025320539,9.240630512043971, 255
-1.438868682652089,-2.101495796951605, 255
3.218170940416549,-2.073612651417454, 255
3.1666768983813185,-6.792901920661894, 255
-9.539631648032836,7.898244356623266, 255
6.536946766557165,-7.75928465989624, 255
3.41828286468502,-9.463430960702947, 255
1.1797244635755462,-5.021586562947132, 255
0.5798050732464226,-0.5657883437375304, 0
-7.752055896824885,3.0202979656372726, 255
9.117717902205943,-7.0029687806952, 255
-5.441084147895352,7.775291028803551, 255
2.471202720802715,4.071049458163781, 255
5.551176685337257,-4.157755676362111, 255
9.123048913996634,4.788287784105169, 255
-2.7215892193588465,1.9975375899585952, 255
2.0289953528559366,-5.234087814221713, 255
5.0547522405869465,8.70672588332721, 255
9.476855028897305,1.9815641788290765, 255
-2.3497573096448443,-1.2159988375969295, 255
4.044277806572163,-7.686272372537546, 255
-3.7135812079005737,-5.010114337696805, 255
3.6649001160140173,4.218994643193385, 255
-6.169134457219336,9.869056469717282, 255
5.29169850580872,-0.5391464051577621, 255
5.365455749120304,-7.556974154958949, 255
-0.7228840189000572,-7.976753289505137, 255
1.0366588064941737,-0.17701642468169076, 255
-3.7896070322638113,9.272345306142842, 255
-6.029666477200553,-7.866540168138192, 255
-3.9508568227308594,9.349547391301819, 255
-6.634115364156439,9.080617856027853, 255
-1.447557757242322,8.655629476840158, 255
-0.7682392363476289,-9.153665059983156, 255
-0.22827264567682448,5.627622764731159, 255
-8.988213952715906,-1.8464685522036088, 255
8.35106226889247,4.2454602699697315, 255
-5.0715422250712505,-0.5984809935026387, 255
-4.958361947579419,7.198013682100608, 255
4.619684746278621,-1.2129638612380962, 255
-6.042708230233709,6.938751415257162, 255
-5.169239041340408,3.365507483476444, 255
-4.613014522862244,8.152568259441711, 255
-1.6660819077290316,3.375576075357378, 255
3.9042515425254436,1.2153918565452653, 255
5.686379931669352,3.3943360717741573, 255
1.544599431861446,4.269759870050571, 255
-5.525362227759201,-3.3901794175939077, 255
-0.46663046030210964,-1.1939434044694863, 255
-9.236639431221072,-6.324486170316059, 255
-5.010518049868635,3.2538209167931242, 255
8.42857247098495,-1.0677429507840852, 255
-8.097111333938399,1.7211616396227658, 255
8.086359782475721,-8.154792472135481, 255
-1.676284944234661,9.400822153615024, 255
-8.711286104477852,-0.8689573775168817, 255
-4.3907757613662834,-2.739212943234861, 255
4.080018662701777,-4.560034959894637, 255
7.0711729797266685,1.4773563087403723, 255
-2.949578747139327,-1.134121887480294, 255
-1.4764267984050115,0.7458243097778379, 255
9.202855106665996,6.217767603518176, 255
-1.7398624069272408,-0.03154390006921659, 255
-7.403793863377266,7.426444745865428, 255
-6.155285066854601,-0.9759829512331653, 255
6.016509967876225,6.65094058241667, 255
1.5878870395579874,7.059959391055262, 255
2.058087685510891,-4.717138759184049, 255
0.7075388317872733,8.285198872363747, 255
-7.804666790814805,-8.480394833167516, 255
5.159776957334003,3.6030054314741946, 255
7.910548939047718,-6.435589660856003, 255
-7.199992378548458,0.7096812131632628, 255
6.861098383934518,-1.5932546900930777, 255
-7.21923306870369,-7.2451409487136464, 255
5.957213694094568,-4.748029208883498, 255
-5.965080043117492,-9.494731990871932, 255
-9.83288967166407,8.946610401043827, 255
0.9657686167719621,6.717144424335956, 255
1.3475002889690622,4.3666056744360375, 255
-6.600076068926435,3.0705044644203934, 255
-3.7831255588428796,-8.693512019521059, 255
-6.393494968854161,-3.0235048886099953, 255
-3.791492681414807,-7.495164747726857, 255
8.768430539312828,9.820174093374913, 255
8.179708513186156,2.390452154082208, 255
-2.881077678481323,-6.788594456432384, 255
-8.73777401191556,-1.194143729175284, 255
7.62090382742284,-1.10741093676463, 255
2.7347923737990634,7.448894631416444, 255
-9.922849143537709,-8.59968412920242, 255
-2.738256584977652,-0.4879348858889454, 255
1.735639318313,1.7482237082038292, 255
-4.232695268430728,-4.406902425897199, 255
-3.926906426744412,2.1836723977668377, 255
5.744568734033734,-0.7955061758383852, 255
1.3908820400316522,1.2641971019497067, 255
-4.331623008642412,4.171122876524498, 255
-3.3758437733902387,9.221428600422687, 255
4.846332767401833,6.50278734461423, 255
0.36995885569941933,1.5410464074233072, 255
-1.2928816756326018,-9.762179340718603, 255
-7.467058387930628,-8.323440248227978, 255
9.42794174773664,-8.80566760013053, 255
-4.836485122962286,0.4467432713042321, 255
-7.261368433751474,-5.335910191758659, 255
-5.874394756131163,-4.626636414972745, 255
-4.683739024890016,-8.969404026171311, 255
-4.990868414830936,0.5132222805815516, 255
-2.0397782232399875,6.170346486034177, 255
7.983267034824646,-3.2155053354546244, 255
7.024031611401206,7.979437480708064, 255
2.3958003164957518,-8.267964907786995, 255
4.805800969874101,-2.4556198603509216, 255
7.718575084636775,8.377757858508698, 255
-7.8392855554595675,-5.889816390523981, 255
0.4886089391884383,-6.072574782502427, 255
6.6035642139508575,-1.1135866966796577, 255
9.555219351543254,1.2577472435354302, 255
1.3547243164470135,9.053248676246358, 255
-2.09345394548442,-4.14617689515474, 255
-2.492746752154127,-7.775953797905901, 255
-1.6194587645930305,9.441897267704057, 255
3.4801761206918513,-2.89486690676779, 255
0.3131641042510829,0.6835297105311646, 0
8.480578768847952,9.382468792943541, 255
6.228570295836732,-3.756507844140513, 255
-4.7281548184062405,8.14877898549815, 255
-2.992161481129534,6.833797914982846, 255
3.4136315600811944,7.083833370607383, 255
5.661664899866562,-0.9467377791967575, 255
-1.1701023757823332,-4.197663726645706, 255
2.3844618261640775,-8.632994971119036, 255
-9.004213832116077,7.408445144228601, 255
-4.540253597783099,-3.046186676221085, 255
7.629334419395619,7.537658698567981, 255
-9.263459199179856,9.769810020244535, 255
-2.2583899050192873,-1.0017475216006861, 255
-2.369552628262703,-8.286817350961272, 255
-1.5377941286307895,8.807671195444165, 255
3.7214655798758383,-7.1863793639549804, 255
-3.1615719048815087,8.44738856496327, 255
1.2507295436011958,8.943322055925588, 255
0.8985666444754319,-9.62965187346887, 255
3.0544204286338346,-1.8404798400937956, 255
-3.8735739732256054,-7.832173793795924, 255
1.0112059560369993,-2.8413572039097374, 255
-1.1134148427185675,0.33316226073010213, 255
7.702413813781138,8.937966832177992, 255
-0.4182934350099359,-9.166793033313423, 255
-4.375167802863693,-1.9320107506783568, 255
4.230680606914008,3.3164875566358987, 255
9.15994030162285,8.964928567128652, 255
1.5224842469140896,2.249625117917235, 255
0.4506805859178833,-1.8939117566121944, 255
4.188327040735388,-8.583002260425602, 255
-1.7712235257316227,8.51784684447287, 255
0.43404196562881125,5.17085496174419, 255
-1.0058069319306124,6.494680479277157, 255
-0.8675930156884366,-6.81687346012632, 255
-5.504557373349101,-8.320532643288532, 255
2.233928146723345,-4.467518758885555, 255
4.375284647441962,0.921678149746679, 255
9.459483408329003,7.392019375885308, 255
0.33345571420573883,-5.668383911882875, 255
-9.458848123475123,2.9713841634629077, 255
3.535558129544267,-8.170739779069311, 255
1.437649516905335,4.55480893111061, 255
4.974014435922198,0.9527379454602745, 255
-0.3150600830984889,1.5936991429247112, 255
-1.1823444469932056,-7.216663719644114, 255
-9.298116881122144,6.9597858289908885, 255
-2.6030254766624683,-3.2895840352374606, 255
1.8912763226384204,-0.5811965597436259, 255
-8.16423273956717,4.844145787955092, 255
1.0866541963607013,-6.510769296228793, 255
-8.60861308662682,2.9486711711859073, 255
-2.052035590423853,5.977683246631738, 255
-5.034609482596839,-1.9374883174287678, 255
3.145864210423257,3.0599936448603167, 255
0.8158230611072685,-4.502317733944472, 255
-5.568745421028522,1.0989480946296641, 255
1.2293657983616697,1.618479849507299, 255
-5.184456964790298,-1.8115728508816638, 255
-8.521316565551873,-2.8917287670721903, 255
3.75675812883639,-8.956173584051898, 255
9.506306379675166,9.976193833264524, 255
-9.048206579385417,7.007046432984353, 255
-5.612944469477852,1.4470378111636268, 255
1.9527506660793073,4.3440221402964045, 255
7.263900494095342,0.6284075382472736, 255
-1.0658293365771936,1.2435674054056438, 255
1.5618448572630719,6.551837261763634, 255
-9.616084313894449,1.9726008494794982, 255
3.563516381276246,9.61532604757926, 255
-2.4093201106795137,-1.9900667195847461, 255
-3.1485138908594656,3.542465651470563, 255
4.15213952767224,-0.24282382728070928, 255
-7.80010500110129,0.9606383604129434, 255
2.41249531265977,-5.474840725934222, 255
3.0342369708875374,-3.0631890829510233, 255
0.8021190886875917,-3.718104426500231, 255
-0.4748449910621275,9.403871398575316, 255
-9.565054254217626,2.800350521191774, 255
9.348733237202023,-4.804827538331753, 255
3.393317876169373,8.919397694981491, 255
-6.396240221602669,9.609511254297352, 255
-2.6115126754312463,1.2132026836746093, 255
7.563768307087418,-2.418127533686814, 255
-6.514683577283575,-5.496093436219047, 255
-3.0097263839924393,1.3390254646378867, 255
-9.33315115187203,8.17635307207675, 255
-5.440522888570283,7.49416467653954, 255
-4.184841361317213,-9.727353281346682, 255
-1.2409241432527374,5.312943515693224, 255
-2.0434547270619685,8.223967292508675, 255
2.206729400328122,3.8965291310291548, 255
-5.72946877385834,-5.569087716692424, 255
3.597581437089225,7.059612259444695, 255
-1.10176136382419,-0.03402407238070637, 255
2.1262066954455427,-3.806062402733197, 255
-9.284328148783267,-8.430761023266653, 255
4.145462081280627,2.5455441210490726, 255
-5.969942374079014,-1.2892947113979467, 255
8.432749079750849,-0.3175335399493697, 255
8.412035135625075,-0.6113534165736656, 255
-4.947978544929108,6.072899842390505, 255
9.107969892710937,0.21904763042415887, 255
2.181626595547989,-3.34361187885613, 255
-1.9799282516498131,8.42749724529654, 255
6.079927653086749,2.453531819045958, 255
3.476901169948718,-8.71049154671108, 255
3.5999155485359235,9.321968264602155, 255
2.3042875980878215,-7.3745484275345845, 255
-5.382704732996338,1.8194826002998266, 255
-1.3143686508454984,-9.923735734071546, 255
-6.424485624296352,7.15550199574993, 255
-3.238685092074183,-4.236053933647462, 255
0.20453590233563546,0.38733647430646734, 0
6.0448673089776825,-5.587877448812404, 255
-4.878003878403501,-2.153470948942056, 255
-7.3221877215099,1.294838853567466, 255
-6.088898167793664,2.983538029803178, 255
3.6417983042270645,-6.001300081610861, 255
1.577762473907832,-8.059947738589129, 255
5.075637274437204,-6.165268529097066, 255
9.163851461059956,-3.0036101984115433, 255
-7.639961624223421,-4.804934645760963, 255
5.704471259971795,8.331185134537908, 255
1.1818634489528002,-1.2432915912896174, 255
-0.5606894665697375,0.05886775796969701, 0
-7.501388087146235,7.22903158541185, 255
-2.736956805907049,4.739709110577454, 255
0.9760024856992455,-6.7465180620300185, 255
-3.282512021382016,2.0221049802332445, 255
-1.0430622770839886,9.911539160419387, 255
7.254928311275119,-2.5648726003383064, 255
1.270327550261861,6.87877624863826, 255
-8.45765709804737,-9.28731269579088, 255
0.2426218218396876,-8.100211753864961, 255
-9.605863719807004,-6.245396091962987, 255
0.10000874586513397,-6.473962846475447, 255
-2.7579879389645745,-1.5232111658508352, 255
5.9221441667736485,-4.2176645102232175, 255
-3.7001820651716333,8.728763485120659, 255
-8.257809588508486,7.08047808915871, 255
-4.598656964607725,9.401966867993135, 255
9.495087981513272,7.687907978481562, 255
-9.968750978077667,-9.304186805150334, 255
2.3420086615590314,5.762635803103366, 255
5.9935213265468885,0.1606630504092763, 255
-1.4074128542127067,-1.8077668817459482, 255
-8.229376444158728,9.659266693357218, 255
-0.5912709045896474,-7.664887443389099, 255
-3.9203361379410246,-9.189614855614124, 255
-9.690727074360854,-0.9151707123425172, 255
-0.2921232402958278,-7.267685636722505, 255
5.436879879619994,6.059662485795162, 255
-6.5175212052647735,-9.206542642402278, 255
7.360200101196806,-1.2184755213034464, 255
0.3009576014324935,8.153186535482867, 255
-2.950138635093995,-4.209282509761188, 255
5.1748046050340015,-0.8675932943601516, 255
2.1564556780231428,-4.677037693734405, 255
-0.7034981555526301,6.976940515451812, 255
6.426306224166979,1.9697715719962652, 255
9.786757460305736,-6.901140169030652, 255
5.215092570244364,9.924590779304456, 255
-4.622091578573821,-3.432250072061165, 255
1.3403743020206669,-8.401129210067833, 255
0.7433984802668014,7.128475742855219, 255
-1.1953046059822157,-9.619238941199713, 255
9.081476221547991,2.683368412006736, 255
0.609164804013334,-5.2729238071566575, 255
-2.539308282890243,2.8347177024507566, 255
5.486024124453168,-7.271066311011259, 255
-1.1336714779762573,-4.215084494230437, 255
6.449787019490337,-9.597981421402862, 255
9.018255964651235,-1.9157141760612468, 255
-4.823149060544354,-3.7089318357476326, 255
0.21794157401718017,-1.170718702724125, 255
-3.4305389991842894,9.993820093202473, 255
3.3540123332026095,-8.711536078141403, 255
7.303495116035773,-6.190272604233698, 255
6.525575791782046,3.9768869006294416, 255
3.6803641926355564,1.8673523911044079, 255
-1.8470935745371992,7.770784293469781, 255
2.3816282027151843,-0.43798700841021443, 255
0.3419089544891989,-2.3527053007226932, 255
-0.8084520684596725,0.4968134460361533, 0
-5.695677399328161,5.167664427231662, 255
-9.20882404536344,-9.68810243264719, 255
7.666291070891965,8.58339723849324, 255
9.569950886577757,2.379485667088213, 255
-9.713266243402977,0.8350372543163722, 255
-1.7961594422708913,-1.0366965020732515, 255
9.54458712522056,-8.206189341924413, 255
2.180681238540604,0.5744730060334398, 255
-8.158611384821286,4.178179956194622, 255
8.333284907386119,-5.753259120894379, 255
-9.793437168989191,6.158961970349409, 255
-5.587952694616312,0.9339962164523481, 255
1.306618166922462,-3.9898347323651295, 255
6.322951945016733,-8.90629657216595, 255
1.8647469610664569,-1.7265481140732835, 255
-0.2886906985164188,6.214856571214387, 255
-0.1003665215023748,-1.0058663394345917, 255
2.553909526366592,-1.607661982145574, 255
7.328950305378296,-5.116087787150816, 255
6.252449214033405,0.08710487132961298, 255
8.764165054346208,5.398736599105568, 255
6.442600617651809,9.044679473664885, 255
0.013447831819330958,-8.727684017448961, 255
1.873415391749786,4.620356144153421, 255
-2.1188496910920396,9.461599968753166, 255
-4.56774203365335,-6.644329950751966, 255
8.200728351552169,2.4648813098184945, 255
1.1025568671931847,-6.646798823513671, 255
5.889826809298757,-4.854481403823215, 255
8.445799822561892,-3.789701134256667, 255
-2.189948828035398,-3.890785976303439, 255
-6.497175114207405,8.604852261755362, 255
-2.2220463364776144,-1.3436133493683116, 255
2.16100974646171,6.336830556392943, 255
-3.4040168000375726,-9.694502985267908, 255
4.1731411421255,0.610769687080218, 255
-3.3810790441150136,1.7678037071305006, 255
1.477793210790054,8.508069384154535, 255
-6.957130917686111,0.9063222634470858, 255
-5.548231497601792,-9.858260091718734, 255
0.07946324991845266,-0.35033433546715465, 0
-5.395199565960853,4.899747174615483, 255
-1.297386597389334,4.253472670979663, 255
6.887151226291202,8.473480671680186, 255
1.7863316334894073,-2.0341323596371153, 255
-8.403773800390425,-8.083072073413206, 255
-9.15680014270541,3.8091796078147038, 255
4.904394774591619,-7.703123775762817, 255
-4.436215684869104,7.657419937517421, 255
-5.735507379322011,-0.8246357066017378, 255
7.036690562876487,4.193715326695905, 255
-5.37337959438315,9.501914162665173, 255
-2.9930560188696838,-2.4399617315785083, 255
-8.888648903454337,9.410252091214769, 255
-7.224444130111987,3.905335004262909, 255
-1.4249522570290267,-9.874919855158497, 255
-8.482330254326612,1.2297150605369378, 255
-4.210530533176826,-2.5291832744470533, 255
-4.760315670036778,1.2419027209974018, 255
8.871947628921738,-5.13842305352521, 255
4.177258132933543,-9.423749790074211, 255
0.28472166695350154,3.3186632291342555, 255
-4.500675983650789,-9.841373415851187, 255
0.17024597886953785,2.4554736085213325, 255
-2.5162704655320116,3.1578795661231354, 255
-2.7426459817524185,2.545631663005512, 255
-3.0669894859343945,-8.092596257527276, 255
8.420868034217225,8.718048613466848, 255
8.434669041566082,-8.153951908073157, 255
6.705144380468184,-8.781812649642424, 255
-6.538754037379382,-6.3530514965987965, 255
6.171186727671454,4.663518984693342, 255
-4.4426584304729495,1.8345204238112913, 255
-3.2877903629838308,2.063448005231919, 255
-2.4587841002672395,9.958123887089961, 255
-7.006118504023688,-5.04867984480351, 255
-5.607567492957635,0.7255140638981352, 255
6.433770257297105,-5.95758497086374, 255
-3.781415648130702,-2.119512655470075, 255
-5.298796779198371,-5.437245414386787, 255
-7.269874844718021,-4.276598188653821, 255
5.397903347506151,9.436014184507101, 255
-3.4049124794030394,2.7756904907075004, 255
2.4397800532361362,3.086884096354085, 255
-2.284279420087638,8.385866069241569, 255
-3.536616740213554,-8.629850507824157, 255
1.8056062644130435,9.912599403302874, 255
9.979821391138106,7.299485426246498, 255
-9.08420297807292,6.59368438122446, 255
-6.363558529122373,-4.677028789744746, 255
2.849564368870512,-4.524319449310681, 255
9.029932637608276,0.30886270568251284, 255
-7.994841213703767,-0.7892447991610769, 255
9.589647934779169,1.639319960047514, 255
4.683295916358617,-2.8964414055445253, 255
0.349352657296059,-2.6240510017544683, 255
0.1950853665590575,-4.30822894445093, 255
4.979632892072495,9.278527885288248, 255
-2.177326857814446,1.0978046953500389, 255
-8.226913161064061,7.5935533343904424, 255
-6.503997124273493,6.840880888248705, 255
8.71970088167155,8.501389063766123, 255
4.484592647412516,-5.863787401365743, 255
-3.099485367166956,4.710314338171546, 255
-4.907537574203468,-5.741415073165319, 255
-1.6568906654654256,-2.5443552108545635, 255
6.0561402030825064,7.63626043830671, 255
5.006594398713604,1.7085159210716547, 255
9.144108727378804,0.2637583578701346, 255
3.85099996301134,9.123121522568578, 255
5.484978528835928,1.1057633143779384, 255
-0.2988608745359578,-4.25337880433355, 255
9.68308111519379,3.9370512652920944, 255
3.269801240074665,-2.5850366489327676, 255
3.793591703355501,6.389946866109813, 255
-7.514399015422965,0.8808887001601473, 255
8.428993148515872,3.5637765610141834, 255
-1.434953297253113,-5.021799364561776, 255
3.2548573833378125,-9.76700621569831, 255
-1.390121832663274,-7.7960511317242105, 255
9.759378126012404,-0.09586622202320072, 255
1.3317143983184359,7.871910286184235, 255
4.177452501214125,-7.521352885776549, 255
6.336285603847568,9.875305234680468, 255
9.935648967604507,-8.164575765291914, 255
-5.719315295163183,-8.363601053315232, 255
3.5004519156720253,-7.5181936853312, 255
-7.384993006755158,-6.383375757994198, 255
0.5349715513461106,2.035610908265795, 255
3.0684430604039683,-3.6813931888113665, 255
-8.814819208996196,2.2944870215316904, 255
2.082651436275258,4.306272640337802, 255
-3.610687666496264,-8.35095337156104, 255
9.052709583052739,9.772555082517123, 255
7.327964929921375,5.008297547031857, 255
6.459159988257291,1.001600601704185, 255
0.9834651862061321,-8.47417478564468, 255
4.290125145447114,-0.013362976893372291, 255
0.8794327634778014,-8.57519976728932, 255
3.333020515135116,6.09638636458806, 255
4.669063675479157,-3.273985747113901, 255
-9.134621975495758,-8.849752904877842, 255
-8.269150290722271,0.3548391201400687, 255
8.693953722542638,7.074895326038117, 255
-3.8733087533501003,-8.452519362180265, 255
-4.078523449842775,-9.788288322758438, 255
2.274195234346747,-1.2140549851305877, 255
-9.80854130241691,5.306528490332152, 255
-7.581170853142627,4.295790790014367, 255
-7.247075859752212,1.9790209150129883, 255
2.0445483863862925,1.1276048592077004, 255
7.4159159860569694,-2.355940111078354, 255
7.905529022816626,-5.656800240232749, 255
4.820810086396133,2.6945284134560037, 255
-7.680418997629188,6.004513359528435, 255
-5.147505020191643,1.7268806148486338, 255
5.748304556806492,9.704226436260647, 255
0.5574506606972136,0.22671986605334382, 0
-8.189745772118338,2.329826811288262, 255
-6.851857415058649,0.5417830937445185, 255
4.13279470619517,6.289958076495704, 255
9.988582250505907,4.968312867501812, 255
-1.8682139769236237,-4.6714963480532194, 255
8.732835053985806,3.457410662666078, 255
5.323176672227714,-1.346455830928484, 255
6.6926770285208015,7.0069166848044375, 255
1.957825823357295,-2.1757714994788095, 255
-2.436260754108832,-2.0546768767567887, 255
-9.011400698520927,-2.4338161036279455, 255
9.840299594676935,0.611905266308499, 255
-2.292232644823433,-1.4616956825071377, 255
-2.8374149494672896,-1.7528188403939318, 255
-9.713120094916846,-7.9990863155891585, 255
-4.410219563409412,-1.4817913752702019, 255
0.5201074149889813,4.658111164930013, 255
-5.210719219133089,-4.9014440654168485, 255
3.740758493188288,9.61820806911933, 255
5.9921154970457735,-7.346506941262268, 255
9.150763794015734,-3.7001631225677434, 255
9.806055616391678,7.494823453220118, 255
6.157475114192014,8.554005939008071, 255
-4.46524272278449,6.790370510496601, 255
-4.946790152927994,3.8323640901235105, 255
6.554992947449691,-8.530037113839853, 255
-0.5256489644349465,-8.598566221333089, 255
-0.40736254643850245,1.2711312588726855, 255
0.999935598020059,-6.345578268896772, 255
8.950381109419677,5.646570223147503, 255
-7.6812437518391485,-9.619599610919353, 255
-8.073851445474745,-4.214057526433059, 255
8.634695992392427,2.6725966996368413, 255
-0.7308503825922585,-9.462042575029876, 255
6.878860493053061,7.881122944785819, 255
1.2595754741263434,-2.5342598743934523, 255
0.4348004280521618,-1.3270614311964053, 255
8.626053993992052,3.135915048959731, 255
7.788657382901754,-7.344856514539937, 255
-3.4802632888965697,-7.796941248702309, 255
6.873536595873858,8.659131861793131, 255
0.8542924059342898,-1.8046977225999434, 255
9.313556264271522,2.153375488006903, 255
6.961403234285733,8.693460525673224, 255
-5.539124787610659,-9.228087633511873, 255
3.85096236265543,4.025319378785275, 255
-0.692192326723438,2.315864430190315, 255
1.9989267052544353,-0.35637382648637406, 255
-7.894617457274742,-5.126654890959372, 255
-9.202116882182235,-1.3053369899729184, 255
8.267314288761604,-3.4607691304281047, 255
3.3723072513467205,-7.756408372811469, 255
-6.842263587597673,-6.461991994746381, 255
5.398232075148412,4.647987527806489, 255
-0.4954922349802722,0.7842918069024112, 0
-5.837497288871911,8.548695465555063, 255
2.286176154065524,-4.18432724630605, 255
2.8060351090900575,4.442131817883684, 255
-6.2310481142307195,9.256730933324533, 255
1.4977546367487236,-5.187158976614931, 255
-2.966194667711446,-0.9360377434222187, 255
-3.8409510989550233,9.209883888626187, 255
-0.4877676463854854,-3.5250058047731976, 255
-7.709445566229396,1.536329027509142, 255
6.2169673004325325,1.8931469415462168, 255
-6.4974960182171415,-6.838793192172963, 255
9.95858658848491,1.1500493317509992, 255
3.8229200220076116,4.88418850922759, 255
-6.317401072648073,-1.4226763016235715, 255
-3.129885544691482,4.441629710457475, 255
-1.456879976558918,7.995084351884298, 255
-6.298763054889919,-5.600651278189619, 255
-1.1504778040036268,7.542304008854014, 255
7.692791246520727,0.6581649468526862, 255
4.806652789963806,9.622340546068802, 255
0.7806738491118264,4.346501972547559, 255
-0.7114217010923429,-8.761196425269533, 255
-0.0767347568615051,-7.468819501242196, 255
-2.0286299037966256,-3.358287563987579, 255
-2.4236668453139476,8.601807134733203, 255
-7.121250560925829,-8.84002960417762, 255
2.1325019096025972,7.316688676008859, 255
-2.4647865102458617,-5.220976199713805, 255
5.993942278426266,4.106840970259757, 255
-0.9958461454384917,-2.2099418527951364, 255
-8.425071788764809,-7.904314542051436, 255
2.413898971536291,1.9988874179502574, 255
-3.851297074036955,-8.180116961072626, 255
-8.723437946236928,-0.25217838942956483, 255
4.632814822179409,5.097898308947137, 255
9.835162762171837,6.798466798094427, 255
5.757452615921881,0.9173718955434236, 255
1.8257155558166875,-1.7126001925479617, 255
9.541740950598982,9.762653948678327, 255
-5.5758194645342485,3.9324623352973056, 255
9.012729299602842,-1.7355225728435393, 255
9.78474809006163,5.698485715732307, 255
3.3212370245943656,3.1521268614927394, 255
-5.712399873795951,-1.5172044699079272, 255
-5.335013161979861,-1.3649528781645728, 255
6.217182179321362,8.314659837978486, 255
-3.2659155907770447,1.9212032637647862, 255
-9.601789100719314,3.7886761347381377, 255
-3.2028620821908245,-1.709829807041432, 255
-2.4603020189659963,0.8818418972884494, 255
-4.3976844075741734,7.568033450748686, 255
2.2040096196761105,-5.336932971604282, 255
-4.689292234269815,-2.6454492387435096, 255
-7.486637664225563,8.45480249512132, 255
8.410775425814549,-3.3163360311901897, 255
0.6945407845538618,-8.759056196121415, 255
5.680931459969258,7.978685625518111, 255
-5.275973430040077,-2.4764811297501073, 255
-9.528404615673537,6.021766450436115, 255
4.3199754227781355,-3.667142421104561, 255
-6.832232545436918,-2.8620824498369863, 255
8.545607584452458,-5.574843864134904, 255
9.970197784072454,6.978266094042201, 255
4.681508831799446,9.135751686116699, 255
-3.04807917004921,9.717353447690137, 255
7.852279372735115,5.306930452502812, 255
-7.283946741253187,7.709263093825413, 255
8.812950542272947,1.7356916071315691, 255
2.7253228209132807,9.81906113096834, 255
4.774306752969917,4.144974770808009, 255
-0.1815407302974954,-5.1193384529374, 255
-0.36293029322777315,9.396054001554575, 255
-6.547819415890284,2.4749121237465044, 255
9.540164337864422,-5.483198549870602, 255
-5.31233354873814,-9.070540294694691, 255
0.3294812916781087,7.375588862289479, 255
5.733930615590255,9.689763759070718, 255
7.910276032148651,-9.42891752169613, 255
7.505418640035941,6.58624930116401, 255
6.603278968146316,9.074601837511455, 255
-7.338770110508879,7.138677219747066, 255
-2.654324248702114,5.544432946823676, 255
-2.456006420551267,-7.991756768524714, 255
3.1467002084867364,0.029374880555758764, 255
-2.6479745878427385,7.407660182529469, 255
-8.06373711266282,8.911632012685644, 255
9.480257833533802,5.419942353968159, 255
-8.784055439440436,2.2270029074968924, 255
7.334148299978946,-9.629129692768517, 255
-6.129068204928874,4.96150517377427, 255
7.222365415302015,7.82634905605957, 255
-3.8067640947558123,7.009298669253042, 255
-3.6375674190190104,-0.9905821754901201, 255
-3.9029160572940995,-5.013207555984227, 255
-7.2982506822604565,0.6312891179449576, 255
-3.601019129193645,9.284611901218714, 255
-2.419026194391602,-7.888873000884864, 255
8.501539951511056,-0.8198721140549541, 255
-1.632134614778595,9.773635473880557, 255
4.412750797172674,-1.3746404300813868, 255
9.361182049032962,6.991760314403596, 255
-7.377313039655508,-9.775624877648148, 255
1.3565514648931405,0.6513113825937076, 255
6.104509713465344,-0.8027739680532502, 255
-0.5921262805375438,-1.0478217887221781, 255
-7.946972897483602,7.144622428376547, 255
-2.4888727235145396,-8.199677867663365, 255
3.0572811813055,2.023718110436297, 255
-5.024150354993846,3.709410054681957, 255
3.7136109535708,9.270762111488125, 255
8.739413247466416,2.237650943946015, 255
3.499353864172086,9.925605763052175, 255
1.2635696265945473,-4.1001869766534575, 255
-1.0732672145354787,5.085988141006158, 255
-2.483278150769439,-9.34717858971132, 255
-9.275396286305675,-9.935424719776956, 255
8.148085626913716,1.1736324499766138, 255
-6.053325418960698,0.8775678211621791, 255
5.9527012630492635,-3.3853849844023864, 255
9.189938139289787,8.130220538224254, 255
-8.003881602205121,5.833970928309835, 255
-2.468095015388494,7.292382444708569, 255
-7.674731988326872,-3.4094871852422504, 255
5.086829216997494,-7.991244044844857, 255
-4.612184790234581,6.992274618892395, 255
-1.6646863157552954,-2.8630150635576257, 255
7.117127762865245,0.07756865545972502, 255
6.694868080218054,-7.393974140738773, 255
-5.727607183129062,3.607811636791652, 255
-2.434145121925333,-8.747799709396443, 255
8.880577641889719,0.06402960710517824, 255
9.107671086072166,3.081357538025131, 255
-2.7205999531246476,5.203183248913659, 255
-4.845089671042624,-7.954143669693046, 255
6.969911660987854,4.636548867532493, 255
-7.314335679935276,8.081202096577538, 255
-6.2134552414634765,9.88648648586857, 255
3.077503596645945,5.081084333269452, 255
-3.858300117708695,-5.775271098187562, 255
8.157961663170916,-3.8518835129630613, 255
-2.5886778884454813,-1.614511483731194, 255
-4.471431035175977,-5.052436784310879, 255
-5.66351871745354,-8.485626480086738, 255
-4.928174819147404,-2.3528237842535127, 255
-6.323167246477965,4.052476552107384, 255
-5.693852251405527,-0.2008143058209093, 255
2.75513644070951,-1.464197996518493, 255
-8.985644847916408,6.700111190296639, 255
6.908468067767238,-5.723113588912419, 255
-7.925735051001244,-7.690873559769605, 255
9.797556574365533,-7.035927860100715, 255
-1.8987755676185554,-5.458230374007941, 255
-2.5189832487786656,1.4182747688927382, 255
9.862424193955725,-2.6491874237005675, 255
-9.437486604665043,-0.35183663438150603, 255
-6.830206408675412,-6.147375046298437, 255
4.526941435459133,-6.26264785485056, 255
5.76121845483096,0.9885997333064385, 255
-5.385351863305845,-7.016276502437702, 255
-1.924188593435014,-7.732137074336167, 255
-2.405034268924684,1.630383078813356, 255
4.078151647994151,-7.764207297396184, 255
9.066934981153018,-1.5474146874528962, 255
3.4937767621679487,6.3547336064189075, 255
-2.777282586436516,-1.3492089875609317, 255
-1.1766303235510005,-9.802073522506562, 255
7.106355383419228,1.5522131128302963, 255
3.7731059169632317,-4.78657025704792, 255
3.387030113993248,4.005625056818673, 255
-3.4916331084405616,-7.942801697493236, 255
2.6743579194101947,9.287875833427762, 255
4.529548566905888,1.505526650714275, 255
-9.430611465022965,2.453809140272112, 255
6.221189213633721,-8.739330307216344, 255
7.6244147464082594,-1.2274076035296986, 255
-0.48771609854417974,1.1403042878338603, 255
-1.500451448937227,1.3820234554491133, 255
-9.189742982502057,-9.838338366752692, 255
-1.5947322048356583,8.26418174282206, 255
5.660475654563626,-1.7383212289073864, 255
-6.306153174966827,-1.5264633071886617, 255
-0.3229801088355604,8.55078094071387, 255
0.6099276477967841,2.190332896098779, 255
4.727780348996355,4.584458821987148, 255
6.860121635490906,6.20103591873211, 255
-3.020809528030048,5.086011134320794, 255
-2.62473253717282,1.43014816598701, 255
7.6467287393046774,-9.163208024670153, 255
6.0003812936131915,-8.897529952298752, 255
-1.935417233024026,-1.9680444325827544, 255
-0.5564657743091121,3.239168180028578, 255
8.526787273286782,5.609929922641527, 255
4.949626418131434,3.0850332569592975, 255
4.162551643739512,8.923582758492582, 255
-1.0861113435801357,-3.175580436391245, 255
-5.4771795983486875,3.2609561617160043, 255
4.848346691732557,9.432868291055343, 255
4.096632404746757,-7.5223970424216535, 255
1.6952695489046832,5.51107525449898, 255
4.668318189408655,-6.852599256252468, 255
-6.336060594973363,-2.1694977462706566, 255
2.7091563602349424,-7.111331753277044, 255
1.9021793252470136,4.949284950274729, 255
-3.9793995244508,4.038558698719299, 255
1.0327439557448663,-0.12618630559710553, 255
6.288095808407512,-6.278802092466207, 255
1.0363001716197573,-7.744299736867266, 255
-4.2701205220452465,7.865025536368407, 255
4.476442490734854,-1.139852177205631, 255
-0.4740362193631338,3.3031614858019793, 255
9.494363431407905,5.143251208472437, 255
-1.7082015218801967,4.875470098892762, 255
-8.39787113193868,-7.133660982352705, 255
-8.283476391826529,1.510715440180574, 255
3.4555108919848294,5.7402748159010315, 255
-0.04093430835088796,8.106615282819654, 255
-1.0061998143170428,-7.446421487779606, 255
3.5256547636921116,-1.9028147545420442, 255
0.7325617623207314,-5.393081492885619, 255
1.0179904376435172,5.020292054205665, 255
-0.4573293938590801,9.214228209122236, 255
6.82161830824414,7.089778920162058, 255
0.437156564108939,-8.271209933804478, 255
3.4162066387544456,-5.103802167712555, 255
4.848345735010254,3.5253061831438828, 255
-5.26983246342283,1.6468208470466799, 255
7.1452479721429505,-6.535189788838, 255
0.8136262575447528,7.1375485605817595, 255
8.965367651660927,0.41760751458494383, 255
3.0433875519146163,2.4326816557347293, 255
7.982689178607597,2.3105071294599977, 255
4.65697406751678,-7.753188367942066, 255
3.0753612287740406,9.724537841068468, 255
0.4021719100014671,-3.4017219097624096, 255
9.018589476247211,-3.3648936588603373, 255
2.2456597241438754,-5.469569086957753, 255
-3.4831073446846776,3.6547024490781936, 255
3.9769862327916634,-9.516837738434011, 255
0.35879027228866,-5.097178911246956, 255
5.17013292656209,2.3626024880437626, 255
9.76581989457842,-9.648976608134658, 255
4.397637625178458,-1.667852771061069, 255
5.388648503981006,3.0268111080289763, 255
-0.21831646205369815,-2.509908461023864, 255
2.7409102504974854,1.568779857438651, 255
8.552170388147754,-3.6077187067412675, 255
9.195718162291882,-3.254369939243591, 255
3.6792501073834956,-1.5776767681954933, 255
-6.052154362651157,6.860043017072279, 255
-7.986930838431161,1.8742708501557743, 255
-7.232155323928897,6.909066148753176, 255
-0.9703954246473572,2.3543731231086085, 255
-4.393056482065136,-7.045131989913402, 255
-6.348172037264512,9.785686765635106, 255
2.5627457698821683,-8.494916213359593, 255
3.1672291937845536,-7.6708358533028065, 255
9.037742525216569,-4.70696171936712, 255
1.0127817463622257,9.32416350551324, 255
5.369629006697531,7.988531078077237, 255
2.700718942405672,-8.295490423002494, 255
9.618509015711304,7.700397176551835, 255
-7.488750480521458,-9.548960994035994, 255
-2.0385527640560364,8.788658492095177, 255
-7.871487824130088,9.698118141005214, 255
-0.6147351343108127,3.7032707935927167, 255
4.644123124245773,4.349924051136334, 255
-3.148780191170082,-4.035383689493319, 255
-3.1007136117243856,7.1178161962124555, 255
9.219275009270966,-0.06525964864230716, 255
-7.87435253412164,-6.604816372516032, 255
3.304867823582745,4.202653671637659, 255
9.371804548198238,8.802490670713034, 255
5.277555504943919,-1.5211428989365245, 255
6.328278046942721,-2.4196311817055927, 255
-3.672828546810713,-8.947804562822263, 255
-7.4331344031381015,-5.576237180100647, 255
-7.366841303356266,-8.86593872998747, 255
0.9313922226242521,4.975309037231867, 255
-9.637604437994781,-9.817350865724865, 255
6.444017787775675,-9.665183655235484, 255
-3.9038818925327963,-6.810146024768318, 255
-2.45629881396908,-7.019438786985377, 255
-8.658379367168187,-6.835740966449022, 255
-9.831618797120145,-8.29865487986029, 255
-2.893382638827755,-6.196451388934403, 255
9.838304365836478,6.4731780496716205, 255
-5.832309672343743,-8.742553482602823, 255
0.6907666559845431,6.655283217848066, 255
-8.896832277961364,6.810445472829983, 255
6.276374779730954,8.040362800282193, 255
3.875627418972684,-6.446997123377414, 255
9.034042183691664,-8.592872232205176, 255
6.638606710616262,6.347681482258299, 255
-6.313681484090427,-1.9582834542492584, 255
-6.412066745992542,6.987144747344484, 255
-7.99451889581033,-9.714275317324423, 255
7.483886392136814,6.202966088430024, 255
-3.011714128045675,9.609036809464087, 255
-8.671892704701609,7.396989434545233, 255
-2.2953199083952285,-8.34240194500552, 255
-5.212776885186214,3.053068190559319, 255
-9.912034620415449,-1.5446902840144112, 255
1.4824537074561164,2.8437998233427173, 255
-6.44992653532907,-7.729838186782052, 255
-5.625466750057657,-2.8665728877564973, 255
9.363748692338824,6.57672317806264, 255
7.563454477390209,-8.215335589394241, 255
-8.45145081976294,9.106126737467179, 255
-1.020086860077745,6.713214130533032, 255
-5.357452611603202,-6.996286798037776, 255
8.450680183918674,9.265396568386066, 255
-9.40936535761233,3.6989215478500093, 255
7.7717360305159175,0.21419893103743703, 255
1.1832998650272017,-3.772654840100877, 255
-0.011749083720854259,-8.823275047081033, 255
-7.71857358668205,8.047709435487814, 255
-9.670937575315584,1.6124724692570265, 255
2.016875203221124,-0.06903477085016974, 255
-5.993277948870876,-1.3313774831937621, 255
5.232681021261547,0.3978185797461009, 255
4.66781943462891,9.930482046328223, 255
5.758773184087891,3.4936417610225217, 255
2.3974341506819172,-6.5452124249099075, 255
-9.353794319299936,-9.625955471201662, 255
-0.698963360589504,-7.1352923907047705, 255
2.589715172939078,-1.5160417195847735, 255
-7.855705003795794,-1.292146990393288, 255
4.082033670632391,-7.937168215867949, 255
-6.6971857326278865,4.553965244832721, 255
-1.5802632965547385,-4.3589507083758345, 255
-8.474230202103133,0.8858014800167631, 255
3.7036677263994466,-1.9183197524784035, 255
-5.7834517064001645,-7.874040599085155, 255
0.5470772658001977,1.5148912084592698, 255
-1.5665958241086955,2.438888265519843, 255
3.6521051607238064,6.229597384845462, 255
-7.566857559513882,9.048231000969885, 255
1.832905116781852,3.2055422222149943, 255
-9.131379560345874,-4.927715838571347, 255
0.6196414865817719,-3.384758176147775, 255
-0.4081889137024515,-9.598447627333718, 255
2.286914985797699,-1.5732597949208724, 255
6.212812416792712,2.1611667239063515, 255
-2.634212649770924,-6.961585953634213, 255
2.8422141464234034,-9.309972007908197, 255
6.149855638847168,6.672949319863321, 255
-7.560248229250989,-1.5707972149016403, 255
-6.017939505059702,3.0062195487878878, 255
-5.472878618453956,-6.120370813040717, 255
2.5454370128473336,2.3482986162359225, 255
-2.2730010051435308,6.194242891155614, 255
6.215724722450368,0.43085660792986147, 255
-7.980003859054019,7.2109416354613, 255
4.47029031787298,0.6636453556544204, 255
6.546300826664179,2.695341762419554, 255
4.919258857895191,3.0309357984053538, 255
-2.7749750679842293,7.372488899088296, 255
7.120644314206579,5.2295558365197365, 255
-2.527389996068048,-9.035411926836934, 255
-2.1173800908596307,2.4914945245592506, 255
-8.841834878277695,5.668534496450256, 255
-8.399059612652131,-3.3978637332760098, 255
-0.6682707177553322,-4.423938359972763, 255
5.8253410433413695,-4.277760947180305, 255
-9.371177538879332,-2.504701862285998, 255
-7.727935692726399,2.288348992872944, 255
9.22497723788123,6.57534407513505, 255
3.371276527233123,-3.5640813627615797, 255
-8.702397952809896,-9.663725395519702, 255
2.663362675255863,9.802511758317582, 255
2.1274919063089275,-0.07645577074896792, 255
-8.77833250335285,4.744858133614523, 255
-3.959187914992224,-8.896853825742808, 255
-6.3905159936212375,-8.734281436553392, 255
-0.27853208539397656,-2.4845547913002903, 255
4.167207225724358,-6.254708879967232, 255
-8.377568743973423,6.874776488206631, 255
3.7209171546498396,-2.1957994611388676, 255
3.5416591844046543,8.576053059214946, 255
7.552471516082726,9.084838175579495, 255
-2.2765017467427517,-6.7798998032615, 255
-3.3515554232010825,2.092936333708167, 255
-0.816161630083732,-8.217089778647413, 255
9.728336914901167,4.606446569777269, 255
-9.490263407069719,-7.079041713956753, 255
9.353405864371304,-0.8410167371996913, 255
-5.126656197347097,-2.0850819909664438, 255
4.784206136614353,2.808599366888579, 255
3.647204860982175,9.979531956113135, 255
-7.8152160843245095,-7.824176982537896, 255
9.371197182792258,1.7636970499781377, 255
2.8339799247422697,-8.98109774501798, 255
8.380089541411817,-4.040247706876256, 255
-3.9357496373957996,2.3605905210204874, 255
0.4341379412896842,-1.7628625170588563, 255
9.848820595951658,-0.12018553457007997, 255
-0.3804270798064042,2.294409469073024, 255
-7.908161765901786,3.2422451342672627, 255
1.8293801780473196,-8.902039118074367, 255
7.956951871483483,0.554095324475103, 255
-5.133085733303271,5.613345501565092, 255
9.75369789590735,5.692358943694252, 255
3.740736723191935,-8.733013779737771, 255
5.021865122145977,2.6169316404512326, 255
6.896767889437957,2.3716915503009695, 255
2.238122881753309,-2.550270597443822, 255
-7.8068305577266495,-2.3156596918909944, 255
9.574608612076378,6.527426234756518, 255
5.092931270994509,8.761240501769386, 255
-4.1275677493280565,-9.91737964516634, 255
-2.5405037173796945,-3.370578308656671, 255
-4.629694123317281,-6.508092877148752, 255
8.834003291578544,8.966981438016294, 255
-8.2445397671117,-4.1969747018025245, 255
8.547678734710889,6.0889035530054265, 255
9.294279793520591,-6.322968256312784, 255
6.435181749656742,-8.56201772907365, 255
-1.2432577179307849,-8.781523686982343, 255
-7.546289018500813,-3.9098957527948253, 255
8.170429190492541,0.33786187231170395, 255
1.5528585480783796,8.579883336841949, 255
-8.98105814715592,7.467441153002998, 255
9.094548527194497,-0.08932159504996484, 255
7.02794927761213,0.31103367461214937, 255
6.164016374165669,4.544384385483815, 255
8.443172317204997,1.8920486964839807, 255
3.6761109771358864,3.0518835505163295, 255
2.7734502776356784,-2.0801159602493424, 255
9.955805214050674,2.4735125775600064, 255
1.5857309612477994,-5.971410193956343, 255
4.871470960658041,-6.993115232068878, 255
-3.584126911992387,7.174507000849072, 255
3.172457267775119,5.070985700097646, 255
-2.415973947518548,-1.6257787862629236, 255
-6.467537172247484,-1.0117770530611523, 255
-1.5956071192429544,-7.269928446859042, 255
4.654013053240849,-8.403561188726146, 255
-7.020809762982488,9.598949219783972, 255
-6.681343297171701,-5.20006075047478, 255
-7.217200802578187,-9.789275807498283, 255
-7.443397904540998,3.5878465665778023, 255
-4.377016354736556,6.081143521703574, 255
6.433642660738197,1.6635058079451355, 255
-3.0559047920949833,2.891042291583151, 255
9.112895366970431,-1.3820059065024566, 255
-6.266255336775739,-7.014055893131239, 255
5.614165692690987,-3.0252624198046174, 255
-2.1024213512897694,-2.3942152840877124, 255
3.7238906943644814,1.9851533212862051, 255
3.8915423637828397,-9.236790138406148, 255
7.62200192038998,-0.07875033835020595, 255
-1.5307350057854645,0.19781922494902027, 255
-1.6011109188439239,0.7873430306989011, 255
-7.857964522286767,6.271484082310781, 255
3.5325522096121453,4.951874429364365, 255
3.8655983015712874,-0.9547849637513757, 255
9.696406288962056,7.864991548947376, 255
5.53315170341903,6.620884235565239, 255
9.010900537128599,-9.667730005205662, 255
-0.8779366138608076,-4.644241985181223, 255
-7.80390677706521,2.9348470994703, 255
-3.5679438048195244,-9.149843601518688, 255
0.4566468762065927,8.70848064342233, 255
5.798153547875211,7.243517750789824, 255
-8.471397811200976,0.4407997777200183, 255
-2.167854260123212,9.458844749999674, 255
-4.999181468774225,1.0847474278272013, 255
-1.6010080493387964,6.1443682790712515, 255
4.848552653533995,-4.852592215448189, 255
-8.028823664710279,9.373046123418774, 255
7.846748585495973,-5.157274272476635, 255
2.366449311584134,1.3320459865543022, 255
-2.774336485270208,5.288522039751982, 255
-6.826068210675205,-3.9317387231760375, 255
-4.648176282519383,-1.988233616949202, 255
9.69284867465927,6.007025421688553, 255
9.262440984097587,-7.535823172692766, 255
3.270414035597538,0.04538350793881385, 255
-2.3992109461214017,2.8408178448131842, 255
-3.9047871050672978,-0.5194110485060026, 255
3.759752376268162,3.5882780464496538, 255
7.78643822234158,-8.280338482371047, 255
-0.40832313957393396,0.042145357393232885, 0
-6.050881760343594,-9.69442216041681, 255
-3.0532630598577555,9.506453788784711, 255
-6.846177450165332,-9.66006044121089, 255
-7.671958575232369,-0.58580041514006, 255
4.896878880303273,9.171433187030367, 255
3.1752269503348103,9.515709523052518, 255
4.307114365021169,-4.275919922720545, 255
-1.2911461083482028,-9.740187034918872, 255
-5.116671985026155,-1.0197379768097399, 255
-9.181608795391485,-1.6978611258033727, 255
8.065406742074575,8.197432438715477, 255
5.03316181658062,6.73982117982127, 255
5.089010965079977,-6.167283401279457, 255
-5.092847098193898,-5.854417292899921, 255
-0.9653535668071918,-0.6596142079866105, 255
8.899864309947251,1.262922010817915, 255
7.112323832555589,-4.364574797761492, 255
-2.5533316425721804,2.927376757493942, 255
0.769628676302311,1.7116155253273035, 255
-8.756781099724275,2.772840106641791, 255
9.919499050885538,2.6859053493875393, 255
7.666639167162316,3.3792325886572083, 255
-3.472120020256968,7.621503847356411, 255
-5.92004044508549,-5.687616056686327, 255
-8.556166381943811,4.156273795039866, 255
9.976638338301228,5.317831197938077, 255
-4.575490376088249,-1.5118731262378855, 255
-7.705362545515719,0.8559352791822317, 255
-5.100988033022249,4.768808082547171, 255
-2.5225285466109977,-5.09042493183469, 255
9.389821041485604,-1.6983880594074297, 255
-2.438481251023874,-9.625471236951508, 255
8.036835640116855,-5.124712993519109, 255
7.912521205074597,7.137070483456018, 255
4.472233184444761,-6.2752344397351205, 255
-2.855948209042209,-2.4071649658695415, 255
-5.046283112459216,2.9063840774778846, 255
0.8076637034292062,-8.793777522875253, 255
2.3651751001423698,-4.920969273781326, 255
-5.5280338287162945,7.541383083681751, 255
-5.2697491383862065,2.4573548268705423, 255
-4.184544248253214,9.942075340405058, 255
-6.447490233217823,2.885595951018443, 255
1.901679766759603,5.730391733634919, 255
-7.87257078699283,-1.6043571666402183, 255
-0.6290406055591866,4.969364082813437, 255
2.886166457987793,5.675544631004392, 255
1.2125024291702893,5.9993259910680194, 255
-5.995357393047787,-0.95657104313511, 255
6.532646152263329,-8.366960036564015, 255
-2.179941937591792,-8.182897011738593, 255
-2.5905330593603466,-4.675500214519854, 255
9.286648781628202,9.2951478938236, 255
9.727940575272495,-1.9282669212953785, 255
2.5862045754864056,3.7443776719742274, 255
7.922151214908748,2.5304764197252787, 255
3.679082411428535,-7.0009958850915694, 255
8.77913439997705,-9.145809721404412, 255
-3.872232228493835,-2.542351024501759, 255
-2.199976552348475,5.221686273765936, 255
-7.199812994082477,7.7610997095067376, 255
-2.3924431419409427,4.303070247179468, 255
9.820466839330514,1.9465103478647432, 255
0.010125808126968394,-1.7943156206854045, 255
-9.30252335956289,0.8166283730423025, 255
7.454991144208055,-5.368586528922532, 255
9.408971173721177,-9.470789742117793, 255
3.604629609870498,-8.05842793848775, 255
4.65438748174661,-0.09553956674159814, 255
7.496115959756057,5.286333051733216, 255
3.589820771308176,4.052020787232459, 255
9.921781962770524,1.8397365125255298, 255
-1.4846057891126012,-4.125019131985086, 255
-8.752164649572174,-6.82005697746072, 255
-6.34180345523429,8.759263068716105, 255
5.144962253571103,5.633554642473692, 255
2.8367249710522113,-4.891173375463971, 255
3.5859260847792243,8.953605354992703, 255
-0.7527709415390405,-9.346953037011051, 255
7.939029360241953,7.278845931671988, 255
-4.325327718836467,-5.790479704859459, 255
-4.886132172231292,-5.178896379728841, 255
5.035102125700213,7.323902243078294, 255
2.660307864706432,0.022644939918608387, 255
9.469138729007376,7.642829036919437, 255
-0.33021097446479075,9.943301271602365, 255
-5.626736021196841,-2.094797538747059, 255
-4.574638056454255,8.62080617820401, 255
0.015296197473350759,-6.445696486166799, 255
-1.9774086726072682,-7.347918838070358, 255
0.9145034714920115,-3.7227220888450185, 255
6.428846679026531,-2.444615428155359, 255
-7.175751625263132,5.558750210280758, 255
9.02237931603883,-0.1068354002304357, 255
-9.668163624607908,-1.1860108511016687, 255
-9.115468259311523,3.069891604397256, 255
-0.48912809513122824,-3.3927048820082195, 255
9.09389281305829,-4.4145022172253, 255
8.109898421661352,1.139887531581298, 255
1.5799450190941684,2.305115083640052, 255
-7.931835118765889,-6.0096536368151865, 255
0.018197081886269117,2.897515326018965, 255
-8.489030990972156,-5.520324894158282, 255
-9.246094844488743,6.722857022885339, 255
-3.7508317707649734,-7.309096839770726, 255
6.683509187320709,0.36213271498883515, 255
-9.31816778608617,4.742708206865938, 255
-7.025913216108677,-1.0147977616410042, 255
-2.326879286239702,1.0918463331286468, 255
1.246772482549737,-3.257410513594041, 255
-9.643230852274428,-4.388407008590624, 255
3.7808078617212715,7.921111542326983, 255
8.939203136388663,7.771413296785337, 255
-7.557013561848882,4.5064886593413185, 255
8.286785677676562,-2.9598263778105967, 255
-5.7353020858028465,-1.3906488706004758, 255
5.5726045904255805,-6.675434051461768, 255
-6.480113265681647,-4.26277243714452, 255
3.9353411139369943,-7.843902941221237, 255
-9.948289911550606,4.843813429659651, 255
-6.667323056079084,-2.2818184575878213, 255
8.67589986063615,-6.00230050219219, 255
6.95011345271644,0.8129844530406274, 255
-3.1961154701117422,-3.429730967129336, 255
-2.0721709489025404,7.104556846034374, 255
-8.62119847584667,-8.46664146702387, 255
6.745694191935019,-7.4044088333818925, 255
5.85434931377131,-2.8210943205162735, 255
8.897266197927692,-6.242488448353112, 255
-5.627090067289881,-6.727497349806741, 255
-6.948567553208418,-5.617522237023012, 255
5.424270687380462,-1.9239077218631522, 255
-6.237996057665955,-4.997309642647267, 255
5.379554452418876,5.5457028411312095, 255
-5.588388631229448,-9.4442686740069, 255
1.8424113622699352,6.7122322641450936, 255
-2.3871083899454444,-1.6613304324448652, 255
2.848514092242514,7.797587006530943, 255
-8.89729597527669,5.853930972613188, 255
7.467992430020271,6.010945474144943, 255
5.382679626900568,-1.374890460959291, 255
-1.6340202402495372,4.755370303574454, 255
-6.414978800454978,5.939095998017658, 255
6.22603776766762,-5.663597030029233, 255
8.078961209683637,1.1327049304540253, 255
-9.223483464923987,8.9149267939645, 255
-0.44320972330028496,-1.5610373777602433, 255
7.139827520994885,3.4722213994826223, 255
6.824211725690624,-9.304341561274953, 255
4.684687165978019,-3.813991482841872, 255
-8.240903734234422,3.170228558971946, 255
-2.4146419917988364,-7.7705153560347355, 255
8.532006245962421,-9.406267045128692, 255
-0.09438957464486641,6.809710462603384, 255
5.613793759597517,9.6185687294224, 255
-6.282280984724027,-0.26119905971636115, 255
6.605475556351525,6.550919121130054, 255
5.900202293813608,6.62610704096868, 255
0.07990858714332916,2.851496742160222, 255
6.635177690764429,7.010164655877162, 255
3.2901003187754245,-5.6599612185881565, 255
-7.35733922441193,9.49103308265272, 255
-6.128720606111868,-3.61064513915829, 255
-2.9040434608523107,-4.516824415447445, 255
-4.667267308051688,3.9583897013572162, 255
6.686164622382886,7.866887157174261, 255
-0.9252085882633683,8.50763735319228, 255
-2.0438250873428876,-4.296621292204133, 255
-2.4042903262241904,-1.7057274805353586, 255
-6.857740169013942,-5.877808278197474, 255
-2.1723654230447824,-4.496530094824873, 255
-0.34036916404763673,-3.207404693011597, 255
-5.734280245550791,-5.7282870585308014, 255
-5.9109888430474715,-5.505192287917906, 255
7.236785243426837,-6.533956936172554, 255
0.8771444347575148,0.21199226660916004, 0
1.2470774698288842,9.747979286817149, 255
-6.4789295143210435,-8.231267042595592, 255
-4.448887880817676,-3.4035428347470154, 255
5.378969977942866,5.871729737189209, 255
7.057968512845324,-3.8041371226836347, 255
-9.443173809131924,9.448163472616205, 255
2.68088534196699,-7.069778396892601, 255
2.111315288281098,-3.285691327459559, 255
-9.538820386527476,-4.713288522806618, 255
-6.700969446137401,1.5154799639765386, 255
-4.46916743328474,3.1537770422743723, 255
-6.254830091930071,4.3891620875874775, 255
4.690025236972881,-8.653057892310441, 255
3.6475134016892508,5.849386710282676, 255
8.609267402495302,5.0047303783177135, 255
-2.2188843428794165,-2.5164575227531216, 255
-6.033458093626081,9.974940791332944, 255
-0.43614397049583253,-0.3513013033046377, 0
-5.8384674167082355,-0.46054854164781034, 255
-4.763170611897207,-4.171655005915744, 255
-9.096289223213693,-4.1433388585356035, 255
8.716541764110804,-3.5266778936646936, 255
4.8109258305422955,-8.419117412295599, 255
2.7758563262402127,-1.6466157431119495, 255
3.518250685175687,-2.2003420574443027, 255
9.470761650365706,-4.345828296361558, 255
2.6863831069731567,-2.378805778963069, 255
4.18407371506726,3.6837655907189806, 255
-8.317169675508973,-5.235902478144947, 255
5.112536421829137,-3.4306881545689905, 255
7.334916769450825,3.46430169215035, 255
-2.4014347019780065,2.3098970367517104, 255
2.6877070208382285,2.683337885104118, 255
-4.389124146660799,3.2420749227275856, 255
4.476620094058578,9.376829736955319, 255
-3.2923036515322135,-9.276779396685315, 255
-1.9369160537800525,-1.9655499798748206, 255
5.530060529680036,8.331408599931024, 255
5.539994681614626,-5.385537856070912, 255
-8.376815815684695,1.4767344808239962, 255
-7.159135619517598,0.08966635563276526, 255
-0.6842208548206798,-0.4996188943297657, 0
9.14706344034935,-5.564795872623504, 255
5.868428264026843,1.637750020816128, 255
-8.71758008266185,-4.6089073353317715, 255
2.4596106202224277,-3.672558889386246, 255
-1.9719037866931082,-8.761935777204233, 255
-9.397088685686334,-3.1304175657641498, 255
-7.147197349694851,1.3831060365532526, 255
-8.106424736661666,-0.4507642307882236, 255
9.461705428805377,8.359444400663335, 255
8.185948843675874,-4.362321603817492, 255
-0.4806242184559455,-2.963522260424827, 255
7.718062523551843,-1.2702058659321853, 255
2.403915276726437,-5.608027810180145, 255
-8.36354728671344,-2.997738804976258, 255
-1.0455069374372137,2.836023887430354, 255
-1.3865066283240104,-9.671405388841281, 255
2.8716329542693586,-8.226866722804512, 255
3.876587358855364,-6.916400037590873, 255
-7.9584391502123815,1.3754722052104302, 255
1.781067182316649,4.903615823374549, 255
-6.9318423255493595,-2.361748661900327, 255
-5.926325723354051,-3.4189039366899143, 255
-8.182552495272953,-0.07845091649638825, 255
3.0306692188735145,-6.1772527891986595, 255
-2.6811955963182292,-5.609082374667953, 255
-6.975542410698951,-0.8027156496571575, 255
4.982622623802314,2.1827509681325896, 255
4.592797880904339,-8.449520183101367, 255
0.1792464175130597,5.782448404468763, 255
1.9647077978183418,-6.531731464715252, 255
8.555044960654431,5.582334440796256, 255
6.045328725904607,5.545399280740934, 255
3.8392205318079533,-9.586413954027295, 255
5.251357346416082,1.8385861498129614, 255
9.951915400812492,-4.151548386713126, 255
-3.2148396443296328,-5.585212036478177, 255
-8.303311951019811,2.2206617281908763, 255
-2.1127162797842125,3.800145128182928, 255
-7.049889891669019,-0.7726710986308021, 255
-3.828647533271619,-2.737246768050725, 255
3.2334297639280223,-4.946125060010324, 255
-7.417788142055379,6.198792812714778, 255
2.453439437111662,3.2373566391770314, 255
2.902351578753116,-4.350438004496702, 255
-3.4136386218771335,-3.324378394193335, 255
-3.279737682084991,-2.425276834322645, 255
-9.434356859824684,2.6281743789266354, 255
-7.230980632092033,-9.854046951127014, 255
7.499503635004661,6.8667546405798205, 255
-8.646326981001799,1.572992666704799, 255
-1.3427225231251345,5.445669218644538, 255
-5.740077647733353,-1.270942514628814, 255
-9.05981169376531,-7.644320827641831, 255
7.374370418353557,9.559968902003831, 255
-1.9108850045286232,7.822245040567751, 255
7.267577256555896,-5.8208241156986285, 255
-0.8334475780795039,1.706019136731694, 255
-5.800742959847113,7.841792931066763, 255
-7.957527641573376,-4.865695583102882, 255
8.26670712227752,-9.534685041460644, 255
-3.8908166234638326,0.33640107827174504, 255
-9.830127133746938,9.313121558326586, 255
2.024175446502042,-1.3296373872800302, 255
-7.607274138927811,-2.4069848693547087, 255
8.23716895961476,-3.138023554269962, 255
4.925426587053128,-4.5784181687452685, 255
3.7823459787104348,4.507854868809346, 255
5.443609465704233,-0.10341397873616387, 255
9.664357926618944,-6.237718336661846, 255
-1.6983034177823555,0.2740204803022568, 255
9.722218332014194,-1.7614663084645308, 255
0.46992295113031446,5.877177790901328, 255
4.305895953800745,8.462896903249508, 255
-0.06363744565058482,-0.3048139728929975, 0
7.872349646122842,1.1170939457824005, 255
8.93200823184149,7.121681113768538, 255
0.5980116505058319,-6.300916825290672, 255
-7.258001357724844,-0.023371774545527302, 255
8.5718622648666,-6.319955396990102, 255
4.099975273066313,-5.993002029862344, 255
9.8945494232307,-6.336873590431034, 255
6.095515353180222,3.9563138433737706, 255
-4.308523584944828,-0.4505454241635025, 255
9.137460967844333,-8.344825037182428, 255
-9.127361631814459,-7.362240281577279, 255
5.506943050580691,2.929592188875498, 255
-3.719623075960783,-5.050389941758318, 255
6.297702570644429,-7.249905037819893, 255
-7.711335550898497,6.827222988997519, 255
-8.760393374895866,-2.1451704820205952, 255
-5.1358233790375785,0.8336948411368805, 255
-3.3235617264455026,7.025937764540252, 255
8.681197662804912,5.502966657218305, 255
-8.024488793196788,-8.973006920470896, 255
1.6375946939821606,8.039450639509965, 255
7.813193451679325,-6.003896497529109, 255
-1.2325040284210829,4.191873897379551, 255
4.130018274763117,-8.014062257727762, 255
-5.950450489206187,5.84073694140627, 255
6.112339571215003,7.473451679581732, 255
1.7877891472299225,9.047408851450506, 255
-2.03251060995147,-0.7881101386886176, 255
3.7207598161103412,3.5997515663237074, 255
-0.9320400465073071,-1.5227169979701483, 255
0.9739781123578979,-1.5895801659101831, 255
3.8619838599642353,-7.40603908088326, 255
-1.779173913541527,-1.190661128772689, 255
-0.13808195136487456,-0.11744486034587887, 0
-9.23027293840609,6.76450836135983, 255
1.8427628601102555,1.6910606303660245, 255
4.409569877410721,-1.7134545717209289, 255
-3.1020164800843357,-4.428152021805484, 255
-6.546614712675678,9.496832763970996, 255
-5.3571790414070914,5.371960141083887, 255
6.970822458395542,-6.203890079304106, 255
-3.0872369225479197,7.923501636133182, 255
9.916447159662827,0.3481087684791202, 255
-8.414635821036505,5.907902420015585, 255
7.916290008761706,-7.5725437061818734, 255
1.109101957448889,-3.974669616026194, 255
-6.50735336423288,3.6967113113068155, 255
1.475346585012975,-3.5683763182054618, 255
8.880519572611927,4.266395748758088, 255
6.330723088175585,-5.239803686523485, 255
4.708539753277366,6.659228792829545, 255
8.15207392335168,-2.124315572860949, 255
4.316082436441718,-8.047583757857906, 255
4.090995051210955,-7.61775515760065, 255
-2.493398173029931,7.473425423279959, 255
7.999141827769051,-6.747698665921257, 255
5.32684228713531,-4.0968836562886235, 255
-1.2442154276862496,-4.622163658065155, 255
-4.265695492880179,5.015419215038179, 255
-1.6644485368038424,3.4409637576385848, 255
-8.05676189167875,9.459204763144239, 255
0.9158658855629138,5.624602059076366, 255
5.40588165154433,4.410827047656872, 255
-2.047828377627125,8.036785287727103, 255
6.411576566760104,-4.355654000765097, 255
1.0337453581805605,-9.8728464981299, 255
-6.1216258969232396,-4.445767148448423, 255
-0.7371123427894926,1.83190107080787, 255
-6.46492291297961,-0.3568050974079, 255
-3.7244815147808445,1.856873005687067, 255
-6.482373403119366,6.0198589025167415, 255
4.475071018058653,1.0201500449634526, 255
3.8443348244326323,-8.927922736561944, 255
9.796667092358174,5.769643020872612, 255
8.275731592144776,-5.767362096254127, 255
-4.791013023713495,6.594438783622753, 255
-3.5129934081210568,-3.810245975048119, 255
1.6647601315669718,-3.031347055327256, 255
5.542060410333072,6.9830214350258615, 255
3.0192561865247107,6.78821872318926, 255
8.69714126232763,-2.8205228354577283, 255
6.581473092080373,-0.14086083490430923, 255
-5.1858147821791984,7.495800757724535, 255
2.584092870552663,-3.198637334329659, 255
1.9058022556854652,-1.9711258530771296, 255
-7.138584188324453,9.654721826666787, 255
-9.761131305126291,4.64579580167497, 255
1.2140332998829528,-7.944726131979046, 255
-5.39850159725908,-9.41570219406829, 255
-9.558453812683839,8.539145257295807, 255
-9.628038321054508,-6.879550421180268, 255
6.643167532442153,7.756862799418876, 255
3.5200416724583476,-1.2332721400680757, 255
2.5870841298452945,8.460720068143669, 255
-0.3661883160097972,7.2657451739420935, 255
7.493881606991291,8.326277837381568, 255
4.729655125935263,0.08324567270711114, 255
0.7886149748577296,5.712169621920358, 255
-6.833974970376349,-9.126487160484032, 255
-6.105072937817273,-0.17701883604487278, 255
3.4703677861940676,-8.239772523497317, 255
5.306732916099728,4.9437110335826855, 255
8.403324545999872,2.6664114590195886, 255
-1.6750765900178184,-5.463183525002369, 255
-8.23005258832353,-4.30000377617726, 255
-3.5094669856402305,-8.094928373887264, 255
0.31767654965996783,3.4270378586097205, 255
-7.2930775418105975,6.557430483759312, 255
0.967176117596857,-9.222113851115239, 255
0.2701330130849904,7.467696038875403, 255
6.47565773249497,-1.8925528592431213, 255
5.515931699944762,-4.899071379006625, 255
-0.7028986769565027,3.434054021259403, 255
4.711444185739671,5.450085282471932, 255
-7.421681671113651,-0.603538981171468, 255
0.3453361523930081,8.931130342548602, 255
-7.34892623397271,3.211496876723439, 255
-4.470578407213512,4.377666487134935, 255
-6.653329278686999,-7.564930075108576, 255
9.458037078896531,-6.164257544485765, 255
-3.481908479248796,-3.6470544645392895, 255
-4.405428289692866,-5.511829337184466, 255
-9.363238339182212,6.754591163571714, 255
6.515963526772865,2.9346067045656277, 255
8.284903404701836,0.455645452789053, 255
1.9946351385915726,2.5210477475250848, 255
-5.484534517411561,1.1220636204090617, 255
7.1545679562347395,-8.801509494898133, 255
-5.140624244813572,-3.079686226611617, 255
9.625937795260477,-7.851275740669523, 255
9.000408826652016,6.940934572027356, 255
-1.3422855039137698,-8.234021743793871, 255
-7.398713298785173,6.521799508603273, 255
-6.596159880133752,2.3013474061313985, 255
-3.1086410240796747,-8.420850761365937, 255
5.4849363187977715,-6.62040086050493, 255
-1.8026923758017546,3.7908361183528676, 255
4.817603222131634,-1.8697792865425367, 255
0.5335634226099089,-2.3429520918682485, 255
7.010275777916856,-8.292090529604469, 255
-6.724534805861264,-9.724541714424218, 255
3.3301694501033055,0.38916461344013165, 255
9.123938769254021,9.099245192897747, 255
-7.158402417902636,-4.186593901769962, 255
-5.910870972131601,4.014508070658582, 255
-4.048456885511779,-9.141275454815077, 255
-2.800299580964256,-6.553141221893599, 255
-5.140727248918067,9.854624689156086, 255
-0.49255680005241054,-4.074422340924741, 255
9.398124820920199,4.228501043940385, 255
7.054087533032927,1.385232162922751, 255
-5.954380922902964,5.476890759600847, 255
8.626789770090227,-5.112314846064305, 255
9.625938701054139,-0.7830312550773293, 255
2.8672463785453584,7.106325948948829, 255
2.9039914629744263,-9.490163705751801, 255
-3.4071103521967423,6.375003936309369, 255
7.984569058126592,-0.71353299754864, 255
8.17998063526818,3.466066740536224, 255
-9.249886265883154,4.21888870077332, 255
6.2751238630618325,-3.575997160612152, 255
9.084950000296772,1.3251404456969453, 255
4.729731991483625,8.00957785292741, 255
6.4279854670289645,1.8072992276186266, 255
4.32574699206773,-4.937739711538425, 255
-9.945969664197696,-8.446908966392797, 255
4.160154823320685,0.5139685777325891, 255
0.07710509853461822,-0.9226680209273859, 0
8.094495226157697,-8.615077433691871, 255
2.2699161618001895,-7.037035120969346, 255
-6.436911464126318,6.23647976312775, 255
-2.684871211477951,-6.797925864951029, 255
6.097485381271607,-7.138809213793083, 255
-8.795181005142691,4.261149694679984, 255
-0.6368680552470689,2.702490942349087, 255
-0.5497399542171504,3.1373937504053924, 255
1.2090747237903372,-0.4498867825617232, 255
-3.2737677343044735,9.49350167365127, 255
1.886213640069677,-6.670606260103156, 255
0.8299770110101612,-1.5895930380482408, 255
-1.9591388830194045,6.719818214976115, 255
-7.450746583748844,9.483282086913928, 255
8.213595197500311,5.667262256015128, 255
-4.066551976270485,7.444967437647563, 255
9.113759122471098,2.3559506191318, 255
-4.800801973176341,-6.39931603936944, 255
-5.418533881832048,3.629167382355627, 255
-4.4322533725541025,5.972544175586705, 255
1.3435427106028452,-9.342679919892847, 255
9.108619576126259,6.335381832095354, 255
8.27027391031438,7.966970728734083, 255
4.824053809421807,-4.578742045659405, 255
4.8884904560506985,8.711801582080291, 255
-2.4066417205548696,-1.75845797751521, 255
0.16737970871058216,-9.739123884436493, 255
-1.3614284159112682,-7.709647775541768, 255
1.2013667771900636,8.543600902534077, 255
-2.699410705752454,-7.5737007219232115, 255
-4.930181255017104,-9.53936333433848, 255
5.551690385894556,-4.231317422737604, 255
6.468882101272669,-7.070341760329932, 255
8.89980513590821,-0.16631357587546702, 255
0.13943204664212772,1.8270799586977446, 255
-8.912920105265416,-8.115596740721294, 255
2.07500631504705,7.934974806046569, 255
-2.6413173469193296,-6.677995500166832, 255
0.722024012998892,0.972977977688025, 255
-5.567476407084275,7.393861665831217, 255
-4.838042329336525,2.148324838523779, 255
2.079950780247966,0.4226170509708034, 255
-2.043978576103587,0.45850728736292545, 255
-4.907666622780935,3.9356641728075594, 255
-0.441916257359388,-2.232814617277567, 255
-4.925507863815845,2.91231512966883, 255
-3.825125405238783,-1.4574495704581043, 255
0.9595861375506871,3.3269790327545916, 255
6.508351591763525,-3.8293356818974633, 255
9.250628888885743,3.8551051661146687, 255
-5.371640766131605,1.8842705185404025, 255
5.46360036239825,0.5124667698356724, 255
9.913798947398856,2.8106851899505454, 255
3.5540216044556043,0.38482753780393786, 255
3.59841699762125,-0.3950287920101285, 255
-4.205814337025466,-9.281045535377427, 255
-7.937240218530251,-6.786719028562375, 255
-9.773949164826574,-0.7515244560280632, 255
2.2503796635302535,-3.8581411630733147, 255
2.1262684808199577,-4.247218255988541, 255
-3.6220006536218774,-2.4002784164672297, 255
-2.460913529153494,7.32432181587707, 255
5.8607096452140865,-8.679745266634942, 255
-3.206508759293312,7.721676115183346, 255
-3.880786567193213,3.7712837805267245, 255
1.506991576147911,-7.2553482578737105, 255
3.4366885963857676,0.5539978142175102, 255
1.6737568435919652,6.45920011104273, 255
-2.8486773354634742,-4.493235898968406, 255
-6.772139692110725,-9.357277488961337, 255
-7.069280939933396,9.166910611396538, 255
-9.930359126075196,-8.236983550689585, 255
2.4303115611310115,-6.846048403965299, 255
8.748693167772707,-3.9728640251308533, 255
-9.143829219114073,8.936668430194722, 255
-0.08670538592125965,9.870632589291791, 255
9.558648020584354,-2.40097549749152, 255
6.159386033120686,7.09163398671992, 255
7.513330162419685,-5.347558533309657, 255
-8.339605612953198,6.412637749023901, 255
-3.0323553666882113,-2.3792736492749604, 255
-3.8915525271106244,-6.284674710413571, 255
-7.22663702004712,6.016717757864583, 255
-6.099006508252258,-6.112959628222459, 255
2.0035481432594597,4.532602036507811, 255
5.505744643423347,-7.223390621553172, 255
-8.878521565620938,-5.855548445049045, 255
0.8974106190444093,5.391992694992052, 255
-2.41619666399441,9.175768054891414, 255
1.604207611241872,-0.9544523630860642, 255
4.098115505468034,-0.6087694861050146, 255
-7.135189252134007,2.7695681805519925, 255
-9.274865868486852,7.481486884121324, 255
7.019929852909328,6.170203596861565, 255
0.7825710623090778,1.9234945376534007, 255
5.74030971891548,6.9716980983696395, 255
5.077585895159213,2.7916430729436286, 255
1.8637288578989626,8.022926716422418, 255
4.855400553672478,6.41882887295063, 255
-5.141117919632552,4.7262405892317965, 255
-2.447452615705499,2.1731109581288504, 255
-8.899713975403422,7.573695917830456, 255
-7.690969486652914,-8.645143854822841, 255
5.9608914292669635,-7.181394581101976, 255
-2.1286847112776393,2.3513018920198103, 255
4.896460218434022,5.971441221660108, 255
-5.495208076127762,-5.696366344450112, 255
7.911750088168532,6.262667614722986, 255
3.193693382379399,-0.1511785248862001, 255
-6.750820580090259,-0.07258863910977631, 255
4.17010090290821,8.153815152851248, 255
6.762192901701713,-5.193632591065775, 255
-7.550257690831435,-6.671440741397561, 255
-1.0757164330175044,-5.783880806422266, 255
7.45430457304607,6.087000077556741, 255
-3.4392549090679436,0.9328298282181091, 255
-6.520062681802557,-7.85544848887403, 255
5.984940003687896,-2.0058921671547463, 255
-1.5884473426212509,2.171924342954439, 255
2.951258313310836,-4.519188989575669, 255
-8.666320292764901,6.581827842342811, 255
-1.9891646944062948,2.3024950319292348, 255
-0.945170003661902,-9.179377178619818, 255
-1.2392718970318466,4.394360063246898, 255
5.515853640940966,1.2366994090967136, 255
0.8095577897354502,-0.07629890558012598, 0
-3.41675539009461,2.054385716872975, 255
4.712367332502609,-6.629534308730798, 255
-7.6756197481723465,-7.700279493513513, 255
2.8591482730263316,0.6420373657117509, 255
-2.6517326261870195,-5.50284864513602, 255
0.407193893715629,0.40744465038912026, 0
-0.3017691502619506,5.867336693502933, 255
-8.833217585259671,-1.720549066711886, 255
1.2153644785753137,1.8836694156470521, 255
4.435277577146234,2.1798490978464393, 255
8.851519376788396,4.11614153890608, 255
6.085970527875851,-8.903977391610578, 255
-8.869253438918449,8.228345785636897, 255
-3.6572954782020446,5.882517133725514, 255
-5.410913093214855,7.580581896291136, 255
-5.118987627780978,0.48096317085718, 255
-5.9398434629557695,3.8847339181518965, 255
0.8076665915154493,9.039802884407951, 255
-8.172871812797503,2.9448045028644554, 255
-0.24489024086271982,0.23692422071444597, 0
-9.868470939570075,9.276054500571323, 255
8.225600352214567,-5.645445707336587, 255
6.884781021857119,4.804075321026831, 255
-8.558868622647555,-6.349323378093499, 255
-9.957913390064812,6.420026797442418, 255
3.169306873455124,-3.4271510280639355, 255
9.809542686813597,-5.556622743535948, 255
-6.134135766970834,8.125949661094658, 255
-2.5951248660433617,3.338950112953219, 255
1.9826935908105288,6.7764560989965865, 255
-0.8664121235815507,-2.4998950964956235, 255
5.976905165704023,5.757302850771374, 255
4.868283472785674,-4.962189114905233, 255
7.632430180436074,8.81020057261966, 255
9.853203603169199,-6.953129056958676, 255
-4.3273059931813895,9.485055263482106, 255
-2.2715381219322346,-4.133343843825168, 255
-3.09171735919894,3.1411803063764943, 255
8.145402763922856,-1.173607987548614, 255
-1.6075987157606004,8.280798675037978, 255
-8.270863507362819,-6.184339931951309, 255
-8.28878125130579,-4.616910698033179, 255
9.51900013928654,8.459295771124474, 255
-4.131973479828021,-5.017062245637078, 255
-9.81995719995812,-1.7745742759210525, 255
-2.326652347824121,-7.7656116640535355, 255
5.841187057537464,-5.125703625621587, 255
9.367765574778602,2.999324580751466, 255
-2.8858891756129097,-8.095277056176375, 255
-5.177763691393748,7.108163279307313, 255
2.5748475553053893,2.2642248832324796, 255
-3.306789657197511,-3.6286363651220688, 255
5.688589661342299,5.3620432475069855, 255
-2.0005082616278136,-2.413498006559114, 255
-6.021756559149452,-6.553985394529443, 255
1.8598716195030356,-7.137861843582474, 255
0.1393058059595269,4.887188613120802, 255
1.8370058757756027,-0.17020497401295387, 255
5.993497578061419,6.662053606738599, 255
-3.6392391272022877,-1.7675016843205977, 255
-6.309055920214575,-0.12880255228764526, 255
-5.576111172438816,-5.27256196084525, 255
8.267502842921125,-2.0147265844484448, 255
-9.917961201135876,7.665840234635116, 255
5.24256510323465,5.1095072292289, 255
7.603612949255869,-7.472540273896875, 255
-2.212365650090547,5.0814136883590795, 255
5.913442203691968,-8.799617047509331, 255
5.800507814541051,7.535834794384499, 255
-0.6317325131133185,-2.5012508133543943, 255
1.2560878916253149,-1.4611502646694348, 255
0.17600579622902401,-3.956233103620706, 255
-9.334737759090547,-3.237631955864984, 255
-0.3104452877793644,-8.870634784498233, 255
5.652523510387022,-9.680976093224809, 255
7.638901975712088,6.165769031965702, 255
-4.895127764851209,-8.757965333877744, 255
9.129743294997546,-7.681434022252878, 255
3.6862587597888368,-2.6206348722804584, 255
4.542124009289598,2.8870517376962006, 255
-0.29536885948430225,-3.2644204640039565, 255
-2.635388328278352,8.361686383414163, 255
2.055961558374996,-4.499588549783249, 255
7.251267943893485,1.768659143666385, 255
4.276711108024413,-4.978539806973254, 255
6.965085770000389,4.076859623133695, 255
4.697454526401025,-1.2819814099222775, 255
-3.621601636762584,5.398610954380448, 255
-1.3673275320202212,2.651798813678166, 255
-2.8287605967279887,-8.699574907648273, 255
-7.7298149238231995,5.618600627808057, 255
8.972103356572315,2.3663930437028995, 255
4.621520649461562,3.8933893871015375, 255
1.2569495635430812,0.70396850944012, 255
8.606476206132893,-3.0487795341335495, 255
-6.858186323489209,-8.340310082898558, 255
-9.460099813289089,1.5982939251322996, 255
5.6692143937889625,-9.866146252106692, 255
9.713147383380697,-3.1831645450913415, 255
-0.7514156754915131,-7.663236894375059, 255
8.677577748476224,5.720151888242475, 255
7.454982324549377,3.5087371685724804, 255
0.946482385260845,4.80029439776354, 255
-0.5227933071560376,-5.950040586009662, 255
6.143013346825516,-1.6641985132173325, 255
6.887378048008909,-7.725548815792682, 255
1.5694480147782404,-4.033438007672705, 255
-0.07765288366510603,3.461812306990357, 255
-9.015365867519378,-8.387464037516676, 255
5.903152503974384,-7.936210892681186, 255
5.049166836178509,-1.2969227085504365, 255
-2.4430041315654254,9.346557810576499, 255
-5.043023780231635,9.09285328957549, 255
-8.318070510976455,-2.6130735759631367, 255
-8.380559890568652,-8.339131528107478, 255
-5.447563696209654,7.666056813670295, 255
8.62527275845019,2.047794267391934, 255
-1.9151976423129629,-0.9937504170739331, 255
-2.9730294652788114,5.454113018529798, 255
5.403189009469811,2.5022984078307893, 255
8.892837732881308,5.858132618510318, 255
-3.1017775792127704,8.723968069299538, 255
1.1522910415598613,2.9652715481762577, 255
-9.71680107858363,9.346656649890729, 255
5.075349038809506,-8.493279339270853, 255
-7.65511123592632,8.773834557349051, 255
7.137102771422242,4.160901889430804, 255
6.98540010178797,8.697553471853393, 255
-4.876203938461188,-7.756355193917255, 255
-9.89021162361585,-7.8321991466531475, 255
-0.6726108288089705,-7.4434933822457205, 255
-8.527230976744162,1.195363130462395, 255
-5.3449578712269314,-1.9901398470353797, 255
-9.425581762432362,4.061698876694656, 255
-1.05431739164138,0.6241987030652396, 255
0.014126939463450228,-5.701077777108045, 255
-8.64149469581319,2.01047976766543, 255
-9.285234398091122,4.560337352821167, 255
-4.998912240397466,0.03356460634931224, 255
-4.963194995902538,3.402594805247203, 255
-7.298398368931993,-1.6071721754305415, 255
8.417598370709484,0.9368443438414467, 255
-6.584112875002046,-5.468492304542616, 255
-9.79367450462695,-8.67654052282725, 255
8.601257921618778,-0.6360731668046515, 255
6.583505146757346,3.961689653101123, 255
-1.9736080260293285,1.080616191151286, 255
3.453365587067056,2.189424375822357, 255
-0.7243652693079987,-9.187556313077408, 255
-9.892814989068885,-9.46498370337974, 255
4.106171956542736,-2.2044739121012347, 255
-9.114405972636725,-5.11604177786505, 255
-6.765162601298109,-7.103958295247055, 255
8.587297398412211,-0.32974424497963106, 255
-5.024401073297011,-9.883080374146246, 255
6.007438679335703,-6.328133449519133, 255
-9.52743909861634,-3.445126401203799, 255
-9.11641763484202,7.898813115734946, 255
6.127418917156916,-9.43014022565226, 255
2.186585536376045,3.133596420253804, 255
7.212590993286923,-9.05854093296568, 255
5.859349311487442,-0.7021972929282931, 255
0.8087740409651509,-2.871771287575891, 255
5.111885260916766,-6.442538389565118, 255
9.747346936507356,-9.63091130856212, 255
-6.928606071342078,-5.3707641389609435, 255
-8.109810281628757,0.7760276518113223, 255
2.4489233331810834,1.8096046660526994, 255
-6.730897829546148,-8.78566443449479, 255
5.67021933952002,-4.010281603241648, 255
5.1594944578402,3.3215550575311497, 255
-0.9403121393136153,0.8998066217774436, 255
3.3199146367545396,6.395095982237951, 255
0.6482139530816848,0.4495907132474741, 0
4.538726787570223,6.5339420078949715, 255
-7.021182744809202,-8.373549542481484, 255
0.15021987454699293,6.3499452054102505, 255
-8.504247711127693,6.874961608929876, 255
7.529378449544058,8.898221813065092, 255
5.399717361158851,2.545088900442023, 255
9.303047074913017,-6.699500229303828, 255
0.9732398501183308,7.809115870538683, 255
-4.10863386923098,7.7464617277734575, 255
-0.14015344878265168,-3.930056270480562, 255
-1.9259349117068751,-1.4094082288451037, 255
4.205321430782545,8.496042743670845, 255
5.936589087577641,-1.007630353736337, 255
4.895815522121268,2.100307231773071, 255
-2.4725305137056903,-9.979779702026903, 255
3.435857643684484,4.609407209960747, 255
7.192748255138298,0.4761273522399492, 255
8.010445977935579,-3.2894838216259963, 255
-0.4457818542758005,7.773919157478584, 255
-4.329736736715515,1.0610764238894035, 255
-6.228937013108117,1.076685711451864, 255
-2.5317582025358316,-4.9801907864482935, 255
-2.5184522801798126,9.959116829787838, 255
-2.3386538070068097,-4.5374182341154405, 255
2.6699940758391865,6.838347288930127, 255
-8.695883960881233,1.7599588671211208, 255
9.35023059781653,-5.780761892782902, 255
-0.26086074177815455,-0.9519487579177, 0
-7.712404980704912,3.555895905551562, 255
7.78920080116276,4.882347703869989, 255
-2.143188534983757,9.302535151420347, 255
3.2356401735491964,2.189158206091534, 255
-8.765078219876987,-3.533784658513744, 255
0.357260096629755,0.15934489757702863, 0
0.4355310840246709,-7.004467390626939, 255
0.8830516641942321,9.407339259527848, 255
-9.918870774406628,-0.8738712770510144, 255
-6.868539112046054,-3.8012991479698783, 255
3.9467460632939364,-0.4962185442540896, 255
-0.724615931278727,5.208369511862163, 255
-0.39602350019366916,0.5652818839688045, 0
9.457903806723138,-5.820259733553339, 255
6.311753391816076,8.90242165884677, 255
-8.577715878507659,4.276170760644344, 255
-7.1886761695788515,-0.8000069556120124, 255
-3.538233033537834,-9.38617804466051, 255
3.3194672163929013,-2.012388410418695, 255
-6.933915056655593,-2.3101895401021544, 255
5.097598608469109,-4.372291414646117, 255
-4.248302614464768,-1.5070285695488792, 255
9.443538774135611,-9.403903758951529, 255
-2.590051925727506,-8.481852628724923, 255
-3.8305126070339846,8.994399948528198, 255
-9.951440752221954,4.7513267168569975, 255
-3.030238466278245,6.028434791343862, 255
-8.613400865300312,2.932256156182607, 255
1.9450431447812395,-2.6334789389819964, 255
8.430289662441407,-8.058291631319461, 255
4.221059734659121,1.1102755617713083, 255
2.4350616579510405,0.4087741685473638, 255
-2.438336525917868,3.2792470706293226, 255
7.065880017887189,-0.03719042608372547, 255
-4.247607442805961,4.562939989267232, 255
-7.059405310107694,-0.03219845070398364, 255
1.2150609291806838,-1.1222703292770557, 255
6.699219005694921,7.880797396468719, 255
-8.853328218208157,-6.01745707433394, 255
9.300933317895456,7.276007427505547, 255
-4.433747282293634,-0.8937337857179486, 255
-1.4024534603074237,-8.198327568300277, 255
-7.4347592504093685,-8.741088319934942, 255
-1.4712532304688946,-0.6189295632015508, 255
6.600154152189045,-3.8480917375536077, 255
5.948592961218864,-6.357890878330914, 255
8.101439101161535,9.014264959904747, 255
-9.011546787008996,-4.193021689879057, 255
-0.70598563861539,-4.286885534621428, 255
-7.305033045443916,-5.949291749819768, 255
8.76440418862964,9.414905965307646, 255
6.356393193853812,-4.285275830754982, 255
-6.376605052819246,7.065362737129625, 255
-7.204611079448558,-6.833349787423558, 255
-0.13770855572252927,3.2319346952984525, 255
-6.58928427470205,3.581666896950937, 255
-1.9299994016340332,-9.5806859037545, 255
7.938552855003994,5.222912917834112, 255
1.0569124397504623,-7.985540119136473, 255
7.775829351082734,-6.595967275138097, 255
9.714744217812303,5.331908422260343, 255
9.060960917547288,0.2698964824385168, 255
-5.545897532492439,2.904432647576016, 255
5.8922639627617635,9.245728310204676, 255
-5.838132179672604,0.8327019483048268, 255
-3.3970852868821266,-3.7771010745167573, 255
2.0900830386294107,-9.84994081114853, 255
8.102971374209037,-8.491532876285557, 255
-9.119099223444216,-2.20943816492354, 255
2.3314768008990043,9.087750365636307, 255
-0.7744069985689528,4.394224196547267, 255
0.26458598913956166,-5.1723075655247825, 255
-6.108657952286376,6.523463763261283, 255
-1.1266278708930244,8.225812408272951, 255
1.7269557431083449,2.7686964868102493, 255
4.451212405613742,-0.3677382025848317, 255
9.275150521646463,0.5467428965420869, 255
2.2484180004509806,-1.0907437282459185, 255
-6.538092008082314,-4.889611578984628, 255
-9.279786253632707,-2.6173540853714687, 255
-0.8088315206335537,7.066801722344746, 255
-1.9987041545171529,-2.064961468226027, 255
3.38098644979463,-4.164284236804061, 255
5.963534954230337,-4.599747996227315, 255
-3.4698566632378514,-3.0256671143672005, 255
8.865042469776732,6.750790564690945, 255
8.632458545279874,-7.6883417249247525, 255
-0.6636530552214843,6.935429467601658, 255
6.16033083937516,-1.8642449652685205, 255
4.896403710699325,3.7679448083592444, 255
-2.5163911649633235,-8.601153893063389, 255
-0.07502123583269693,2.1055231154912697, 255
7.964265052054284,3.6533739121479964, 255
7.34028679922913,-6.57520057346346, 255
-1.1134632179411064,-4.152159888541274, 255
-9.719440699442607,0.3599952460225335, 255
-2.8412957853416128,2.146892342289801, 255
-2.5854865190871523,-6.351105067998071, 255
-0.3574999697261916,7.397036748655271, 255
-2.1794049300480145,2.0497600330063843, 255
-9.60593081562868,-6.913997466278207, 255
8.200545864228673,-6.451195936929497, 255
4.848129932558869,-7.471802177411117, 255
-8.773353156145516,5.454401921770115, 255
-1.596029253994617,5.8799296773524485, 255
6.440220078026062,8.883704129493829, 255
3.5747642831540283,6.519501542181182, 255
-1.528714240406499,-1.4042439934311126, 255
-8.248327187281465,-0.7251475155024085, 255
-4.1887920603321405,-2.3197170480824276, 255
9.702317845315168,-7.467489125218654, 255
1.048311066734552,3.069828334596094, 255
5.651114838906267,3.9794575097938854, 255
4.897216865135158,0.6882408296496951, 255
6.08367780308247,-5.47735142950764, 255
5.59811575421892,8.976928260926993, 255
7.266801412911672,1.3660809405565733, 255
1.198010909531856,-6.860439729769197, 255
4.338024183613253,0.5473352692180367, 255
-2.206124293216969,1.7590550426739693, 255
-2.2339817344451003,0.0367380068158738, 255
-7.012003740246309,4.480432733418532, 255
-4.488676851376003,6.478792081447708, 255
-3.108289431547389,-9.435197018249772, 255
3.5714790125805447,-6.768250680038978, 255
-0.924611163819101,-4.599212561951392, 255
3.2773106182609446,9.149961842301654, 255
5.243137889083734,-2.8333308029927773, 255
7.563273069011281,2.3126985380153364, 255
-5.367109754931585,1.5710070903902178, 255
6.413353993176571,3.959007944995374, 255
-8.464109785132734,6.5857529955185115, 255
-5.498693988589542,-1.7360949124185368, 255
-3.4214460521908263,3.125291005857406, 255
9.73679673495328,-7.103219210214233, 255
5.739453241315966,-9.614387536094657, 255
-5.458200440818512,-4.080561860128595, 255
0.35114028280362675,-5.630291786612, 255
-7.790561920607766,-1.936352285090443, 255
-1.4782558538661306,-6.3646964998071365, 255
0.7592436093055923,1.471683528903874, 255
-9.310160332501823,0.002463525651325682, 255
0.8244632081232677,8.4178846031534, 255
-4.9536049083813545,-9.797794642134871, 255
-9.453899266190042,0.7655186714322291, 255
-1.0431762210533968,2.404332316768272, 255
1.9625953723883995,5.538003424701419, 255
2.727209406611685,2.500273892947826, 255
-2.2823625443436164,5.015518739517816, 255
-2.945146135562653,9.975546080451263, 255
7.548279337347633,-2.342847962838757, 255
0.9281400915323381,-4.858838340634708, 255
-3.17957981486958,-5.4042171315599425, 255
4.800593705808245,-4.916507899696761, 255
8.537553237377587,6.190359168937075, 255
1.179787415996378,1.6457177756287074, 255
-3.2878263281818976,-4.53889485926301, 255
6.887768699731133,-6.854500408428721, 255
-3.637906663687831,-0.43289060740038465, 255
4.347541851513926,6.971396944170149, 255
0.8162645481249271,7.954285536055522, 255
-9.06503202630271,-9.032543416376221, 255
-9.944485546629062,5.031205717383083, 255
-6.99071212457723,-1.8880078113340097, 255
-7.007799068206291,0.4275954834884814, 255
8.969137779847234,-3.1668271011713944, 255
-3.8980266783261763,-5.078733944551415, 255
4.540412524931368,-1.691258206289044, 255
7.988701404247575,-4.177626317337961, 255
-7.60703273049399,-3.21340636782465, 255
6.349506364662393,9.297904390186215, 255
-9.81997987743696,-0.5474011589911036, 255
3.208875319314828,2.7070437962915364, 255
9.1501414474236,1.5065470358040312, 255
4.415053878292191,0.4982090826429246, 255
-8.028900067251136,5.609664301938766, 255
-1.0533233975191951,1.3167882205729065, 255
2.0234431856823942,2.184884655231386, 255
-2.2040173540815777,8.004741528315481, 255
-9.778404522465188,0.05629974788637426, 255
-7.257159807301566,-3.555267584366928, 255
3.3453650834183257,3.5060896954112053, 255
7.482775238150484,4.903156402694162, 255
3.876753778979886,6.133808811913742, 255
-7.806090479291052,-8.460152156496578, 255
-2.808191461641165,6.170863111736068, 255
7.914801939945505,-4.61852123682516, 255
4.118588879280429,-9.832892989008219, 255
-8.158587059955995,-3.5162688784705365, 255
8.28722740214829,3.949523277157855, 255
-6.11475918650366,7.518241520871712, 255
4.396545442894164,2.0905077982008358, 255
5.962201709541068,-2.834992353834707, 255
8.706487654277353,-6.066772017351385, 255
7.716132080445362,-2.1554133345766457, 255
7.608455385306566,2.8623179660081703, 255
9.941444085980745,3.0686006993263764, 255
3.9413179230455597,7.70802704729471, 255
-8.689446555854307,0.14366300728226733, 255
4.636510838230183,-4.490263259481681, 255
1.4001129977476232,-1.1816584035652244, 255
-6.696736906415275,6.3167713105374155, 255
0.7510939186951084,4.119770707805195, 255
7.906169523158116,-1.3782765010169413, 255
8.48493158833897,-9.279891308413685, 255
7.401009975129849,6.6078381950643745, 255
-6.2973510593703335,0.8078878084935219, 255
-9.61706272610667,2.3115004655118927, 255
-1.3794998518371333,-1.0148622366733555, 255
-0.1660005529008597,5.981645631272627, 255
6.377284907883212,0.23034566813876012, 255
-1.0848570919857004,4.749571515792518, 255
9.035713721916757,-1.0047953399757894, 255
1.175780756032088,9.124897327374494, 255
-4.8281063822986585,4.868686993089398, 255
8.805453504731307,-5.30903680420322, 255
-2.9465811612330928,-5.605152725622191, 255
-6.691625834262029,0.19844959344802682, 255
1.677854746445032,0.7698303677978995, 255
-5.0163126249672185,-6.068894675877754, 255
4.7947831967448025,-1.3425122553341708, 255
1.9907758653670165,0.05799415962731658, 255
8.553380086148227,2.75279805459345, 255
-6.487785519450526,-4.46257596270258, 255
5.974165443210913,-0.19037753339504349, 255
7.422388898093239,-9.341609668431492, 255
-7.125530366486523,-1.428660130596505, 255
5.226221350353802,3.374653909780804, 255
4.60400536516455,-9.33735118124757, 255
3.8632765633342636,1.7194747639625003, 255
7.664226999141867,-1.7096604074293111, 255
5.5299998499122776,6.759323150267317, 255
9.175617289955415,-3.523095654285573, 255
7.538691635212938,0.9621879442441976, 255
5.949219206100704,1.8956986576004162, 255
-6.620298512911589,2.651087240830151, 255
-0.6467307530317701,-0.9823823095070452, 255
-4.489087299619885,-7.717503503346528, 255
7.500999216616929,-6.949061431898773, 255
0.6989207817621761,-5.351299637786466, 255
-7.8563933917057005,4.895431062863036, 255
-3.1998392191657254,-9.845317048658815, 255
-9.613098754407519,4.5824174036860335, 255
8.53514395187532,6.455712460132418, 255
9.26136076485442,-9.939384470752824, 255
-2.606524111692954,-8.131679445190954, 255
7.830856138224647,4.545108160068629, 255
5.136769097606127,5.565845306180144, 255
9.787887482275025,7.3129671050743, 255
5.723528022085244,7.609253550837241, 255
5.051441733904049,4.578594220626167, 255
3.7543887271792826,-5.877846728545572, 255
-1.584368862313383,-1.603283506491529, 255
-4.535334172446519,0.1915032180091778, 255
-5.712770750893192,-6.1504821007443695, 255
2.19082041789488,-8.897999171272824, 255
-7.154108650938918,7.659860505600626, 255
-5.860591232054162,-9.134475677736432, 255
-4.896391265710591,3.4830001632632897, 255
-0.1629774998360496,-7.209553202036043, 255
7.071738755728337,0.7018197108138207, 255
-3.0455047129889206,6.69500405410313, 255
1.8080086716712547,-1.8476209921404987, 255
8.735749935389535,6.45612831734481, 255
7.982444686086001,-9.445676815122589, 255
-6.697571889269909,-2.28105907394559, 255
-0.7080931275525657,-3.540685286519089, 255
3.1610145887384338,6.029591655606293, 255
1.1027011400444664,9.057200149871562, 255
-1.0934373871559604,-2.1765158099899296, 255
-3.534295976344972,3.144652776887561, 255
8.512501109360265,-5.4981113669258015, 255
-0.8982903431432572,7.401039710237455, 255
-6.877551060674616,-3.9225702129937297, 255
-7.663142686324436,8.2239617305293, 255
9.77257364149899,-8.788665081548704, 255
7.846427516997984,-0.454033725350957, 255
8.323486868894673,-1.3959156962847388, 255
0.1734785320829495,-4.5967303693837565, 255
7.791987256491655,-9.578375840158667, 255
3.9406224177390836,-6.201303171835367, 255
7.251880171627455,2.397310221396234, 255
-3.37316671835098,2.633817940328626, 255
-5.45774320700767,5.7060305910126115, 255
4.8317128921332895,-8.217208510502697, 255
0.39133947316206275,1.8001689763656117, 255
1.3121093242036217,2.5557524552467754, 255
-9.035269014465763,3.5731484974830003, 255
7.733586609664179,2.5033221168789215, 255
-7.307066221221657,-9.350769532288934, 255
8.464588332253818,-4.227806410572579, 255
0.8602378596179445,2.816660878702921, 255
-8.937928296290327,-7.469509287019052, 255
9.72832304449173,5.119943429691851, 255
-2.0655268127686295,4.31576842254859, 255
9.092311525472535,-7.265855134186303, 255
3.1638318027797396,9.673077538080836, 255
-8.999126494453657,-5.436763809852103, 255
-2.063210758991376,-1.4003903758143608, 255
2.7830295741436437,6.839108146607977, 255
8.583674406196927,-5.315089577853669, 255
-6.053742451651116,3.1163108149448924, 255
-9.79259751959833,0.6539276059101784, 255
-0.751098057700677,-2.9928089218813643, 255
-2.5451687688323226,-0.06802226862095573, 255
7.724405052559984,-5.021376676334817, 255
-2.3972785045010863,-2.139672390787992, 255
0.49797029860035735,6.756329588736154, 255
-7.72847336579437,3.384825851121258, 255
-7.3896628562408555,-4.705560805696686, 255
-4.322058574441976,-0.7189117794506359, 255
9.561182270197211,-2.7284114761437124, 255
4.423652863776002,9.76891222484901, 255
-2.9562014884268013,-2.6140555729290504, 255
5.2870757381139235,-5.4326321755133655, 255
-4.030941036759534,-6.36170017890334, 255
-2.7502301472607176,-7.004626001837457, 255
-0.2474306304010625,-9.296918975534519, 255
6.607492874757753,-2.7583535287519094, 255
3.4845570255373417,-2.3668693451676432, 255
-2.4847682252398435,4.119695733474993, 255
-9.413444850639024,7.731899264816825, 255
6.175886989566433,-5.01388876956206, 255
-7.569822350184556,-9.129499704206285, 255
-3.8467550972042,3.769587474506329, 255
5.828140822671678,0.10755737124705433, 255
5.503107951650083,-8.80688364846799, 255
-1.4446200062148016,-5.701262637740056, 255
4.826240399006927,-0.1265903921006135, 255
-4.198894346597239,-2.8155864853200026, 255
9.134064299134351,-0.6647138969578759, 255
-7.97727797753762,-9.179386723173494, 255
-3.3884992391833313,-6.234414950136995, 255
9.365374658485749,-3.788140013495136, 255
0.4506382098455308,6.209605116225305, 255
-1.5878116116388785,-1.8106535836714865, 255
0.44132593989892044,4.987463636253137, 255
-5.054545637763237,-3.6708388386717576, 255
3.5612141838463263,-7.957172434292459, 255
-6.537575994216125,-9.19930915855783, 255
9.499540372303137,1.3449951600546086, 255
-6.069706645863322,7.264976079154128, 255
9.755287649329077,5.9668637193746505, 255
-9.32901710588823,8.591741472059983, 255
-5.213313274780158,-6.329110740253778, 255
7.071428415283432,9.575166706297964, 255
-1.984564198959811,-7.551088759118558, 255
7.8879225776107305,7.538007628906133, 255
1.3873957129308518,4.296009338587616, 255
-7.75182336230003,-0.5460915135697935, 255
-6.421882277384661,2.0253939942838155, 255
8.613196081369058,-9.686763230789301, 255
6.9674656556886845,-9.824568372392177, 255
0.736790681939631,4.6322298885777595, 255
-7.576920921628205,5.234094520557427, 255
1.4664665132100048,7.7128245899259795, 255
-2.858826627855313,-5.3554241781254515, 255
4.904721581565994,1.0381640652914932, 255
8.80448394997542,-2.9588769010049525, 255
2.2902355436549886,-3.3460420912385818, 255
-5.417728576337217,-2.1305939016979654, 255
0.491299101863941,3.2992300271670487, 255
-0.07340464195037022,3.164797851555157, 255
-1.4854614056698185,0.16411873138681443, 255
-4.9698732182751915,-8.00600010212719, 255
2.769854316823661,4.719239475510015, 255
-0.3783192709465215,9.213153076239749, 255
-2.5300193793463555,7.072805181886036, 255
-8.338813973025289,1.319723663253825, 255
-2.5524857951123785,2.253505831407921, 255
0.570722677546545,-7.84607268469677, 255
7.29691575683966,-2.6008361988461326, 255
0.7494917156171539,6.210389027396172, 255
-0.4946478645357555,-1.7716825446671969, 255
9.768668943296678,0.8903274907831804, 255
3.812316899666401,3.724606963035054, 255
-1.089136261822448,-7.097038058277068, 255
1.1878148269583164,4.279675505717471, 255
4.76690362924678,-7.232645056474931, 255
-3.749827446597436,-1.6809653758879364, 255
1.9546699995760406,6.645021102213377, 255
-7.23163884000777,3.4415755170657985, 255
-6.694723923110811,8.726974803111677, 255
-7.178656841396607,-9.522839757315072, 255
-0.03827209632765438,4.7754855585920115, 255
1.8727794092726704,3.6890099403301804, 255
4.476527863742421,9.918113902455687, 255
-8.28868007118105,-2.639615063950629, 255
3.8182557373641917,-0.06261687049993903, 255
1.0502065139587717,-8.32062709625018, 255
5.09252981792182,-1.6370453355521377, 255
-8.324720311787955,-5.2463764097501375, 255
-9.402549299688712,-8.840937358500833, 255
-2.2171246134367966,-5.393474895388359, 255
0.6882907773585707,-6.445440740406156, 255
8.784988244366058,-0.36677603645280143, 255
7.546427935808833,5.898068057443055, 255
5.445842249447155,-6.327276847704755, 255
-2.4228975725920083,-2.4451001334638045, 255
9.9572203289882,-2.1265448724812464, 255
-9.774148651298303,8.713059032337192, 255
8.042773520149755,-8.369871743027774, 255
4.400810416948392,4.800910152228308, 255
3.73345850864224,0.22072651430860546, 255
9.69397670880156,1.3463577075776705, 255
-9.554735309836307,-8.536174966590641, 255
-7.659401399467991,-9.697974199996835, 255
-8.82199355260079,2.0986161325726176, 255
5.008411575314307,-7.42846380694022, 255
7.82629901192886,0.655936747210049, 255
-8.87924402351761,-2.521864542678416, 255
9.224278575598646,0.43608267228656317, 255
4.505621050690271,8.504646154314656, 255
-6.916842218873582,5.376625517448527, 255
2.2853581266963054,-5.199346468386854, 255
3.6026422053594196,-2.8587254401415922, 255
-8.49474406251159,7.773803558595041, 255
9.73880556478635,-1.595985119288006, 255
3.156507333906891,-8.229659086636305, 255
7.633968387108691,-4.4452199414949884, 255
-9.450517424833905,-9.76612402200615, 255
-0.011859322604800937,5.468311048361505, 255
-0.4542039864311871,1.2715858719093802, 255
9.038353504022126,5.73414920801585, 255
1.5385688333308867,3.5246649001733914, 255
-0.5213716072990806,-9.517061065089308, 255
-8.22004803411338,9.147659121253756, 255
6.80825503499516,7.686260706510705, 255
-1.8066945714397455,-8.243015152003357, 255
-8.804756680468753,-6.742114076809155, 255
-5.91246746224857,-0.7066824397479685, 255
-2.5512520517648785,-2.018589821600207, 255
1.8682256209970731,-3.5759541181052468, 255
9.21090899669094,-2.8875463462741235, 255
5.733287449902937,2.378796022607606, 255
0.533326879540347,9.567025522752743, 255
4.301812717123013,6.669647109102343, 255
-5.308413817278332,-3.335966061230609, 255
-5.8235317537435165,1.4174233769489941, 255
2.8819393193867278,1.7802761675030983, 255
-3.74473474916992,-7.6990358018581, 255
1.3693258081413813,-6.824749840516597, 255
-5.761699092144412,-7.209936399665702, 255
-8.966073853684673,5.683732726531671, 255
6.6699900866614215,-0.3202925628883655, 255
-6.701641893023059,-4.119526817426524, 255
3.5058410238098823,6.624266097691933, 255
-4.4054014358108535,0.8425430208120659, 255
-6.3800073130915935,-4.396441859041158, 255
5.496079001165732,-4.792123266476025, 255
3.3213049645203228,-9.784002075808884, 255
3.8743901886327485,-8.298295214726782, 255
3.78733537848143,-2.881244209588962, 255
-8.007838429103078,-8.620040734832381, 255
-3.7891811956352512,-9.569318065592151, 255
-6.508318533787792,-7.11704635842062, 255
-3.8652561621779924,-0.22353819547415732, 255
7.5818052892768115,4.815188975676337, 255
8.968665655297496,4.392116531173279, 255
-7.639194327865924,5.975890007686708, 255
-4.42284753877283,9.306622032414129, 255
-6.693645929477969,8.035329385840903, 255
-0.3733401924811943,-9.127024598449973, 255
-8.128213481041724,5.174910699077216, 255
5.01435016931628,-8.197572754026998, 255
2.007898866607798,5.19542167646094, 255
-7.207190678046378,-6.26606395060449, 255
2.023023322918034,-6.009679496405001, 255
7.1428521741842985,-4.6679333312174665, 255
7.559179148748072,-6.244306010625205, 255
-8.083123928712222,2.3613210219110243, 255
-5.843936670769518,5.45477915982036, 255
-4.832112062970171,7.651166457036048, 255
4.595062434702156,-1.306745930605464, 255
3.9349422369850444,8.312011536605965, 255
6.6986689517054785,-4.230344347383221, 255
3.0147381130252633,7.585022858188477, 255
-9.485207650085997,5.540292572322084, 255
-7.067673093434665,-4.8432415526427, 255
7.766909074451533,8.581980141720255, 255
-4.908860608361428,-4.170388694700651, 255
5.301961140374221,8.287317006516371, 255
6.552473900335066,-1.4289921854584833, 255
-8.312179875682714,-0.18289506515932707, 255
0.6109866876688148,2.9310189880483293, 255
-7.1190183297341925,-1.3466532188854288, 255
-4.075552695181591,3.214929607715998, 255
-5.216101712441721,2.333490335877574, 255
-9.975448167216129,-2.8326399402798934, 255
-9.55386277843261,-1.6677860012773582, 255
-2.750449835779034,-4.880267384944609, 255
-1.9507387129853093,9.586973085853753, 255
-0.4340243070456591,1.3847974061430541, 255
-8.450506152266392,8.961759388992775, 255
0.9513914849620431,6.214589010647487, 255
-9.088984809646918,-1.4432526172448412, 255
0.5396765861330586,9.70042228843716, 255
8.136678723860623,-8.346983368141325, 255
-4.756884794266587,-7.91330558759949, 255
1.347963832395422,-5.668511401605212, 255
-0.9048718902884918,-6.184227157234304, 255
-7.0804856674009065,-8.290473435465769, 255
1.3269230134605987,7.022673258701822, 255
-5.774411241837782,8.955262551756316, 255
-8.016236246108463,-4.291135882182415, 255
-4.553634871114609,8.004792197278896, 255
5.78574329952956,7.533660232722539, 255
8.586526923323536,-7.4607643132760115, 255
-7.798882275561983,-7.933438430699516, 255
-0.7394872757820714,7.1208873316447665, 255
-1.3622790478948055,5.9565059748648626, 255
-1.7953224916757637,8.349829658540465, 255
-0.6176598075438413,9.273327442674933, 255
-7.7155065561595215,3.0705938677138622, 255
-6.605925534168559,4.880289569114943, 255
-4.174595996293052,-0.6283185772731681, 255
4.625923998215706,9.29592244146999, 255
-7.653999333882449,7.286628593465419, 255
7.162822035702629,5.674231135615406, 255
9.503635370645615,7.70344966302433, 255
-9.210227863041178,1.2144147954694766, 255
-5.400407152398758,-2.473849387225533, 255
-7.420923955853955,1.1571454966051569, 255
-7.631088077062107,-8.362372819980678, 255
-0.29034136914394004,-6.995996097767745, 255
-5.491692135362987,6.135652875228335, 255
8.487237526639753,-5.444231879091306, 255
5.9327581242134215,-1.7763737530227353, 255
-6.610474059425622,3.1111909934721282, 255
0.11581105564400929,9.174796020617862, 255
-7.193853084666624,4.877992178195287, 255
5.378694759456085,8.67823004146355, 255
3.4200524595161124,6.224972375900222, 255
2.5254327960898237,-0.21984012716844603, 255
-9.67742757035188,-7.357924411764742, 255
-6.444346030826635,0.22164737307045357, 255
-1.6184165276734337,1.8992956681551902, 255
-4.865563696277424,-3.809546745028203, 255
3.7982584977102274,-0.4927560729877243, 255
8.757325631103445,-5.802216970880267, 255
2.288389742914955,-2.1329053828014866, 255
2.9907269862033985,9.434047687305519, 255
-0.40454140834020436,-8.41083501518349, 255
8.749845396363405,0.41270726632633625, 255
-8.496721845858357,-4.107062737516873, 255
1.5241720439988669,2.667800843641606, 255
9.7072976209394,0.3787626108488489, 255
-9.63528459276567,0.5790559302338174, 255
-5.922149703606467,-1.7832528558600131, 255
5.265396919315734,3.287102221056049, 255
-9.034814024681259,0.8905114368736982, 255
7.918587769036876,-9.30452758949755, 255
5.0388610152890205,-7.705359746626259, 255
0.6921900947960324,-1.1570172017902252, 255
2.5248103691279447,8.886003559651613, 255
4.611227913723855,-7.614241938186521, 255
-5.636975784807417,0.9467178597847123, 255
2.4122355328059886,-5.075523437629672, 255
9.287284376441292,9.390011867915778, 255
-6.402387225212996,6.392450937459845, 255
6.26265926454478,5.260837758632942, 255
-1.8684437934376597,-2.9216574441355085, 255
-6.99168508161973,-1.7217600868699972, 255
4.188193424435571,7.039356007906832, 255
7.89831904875798,-4.465755130995506, 255
8.802836295477231,-8.890240563424502, 255
-7.976000637454675,-4.1040644648723905, 255
2.339213848245725,0.7470652360098313, 255
-6.529329443567347,3.469437977761917, 255
1.082274032818077,-8.42224359469904, 255
5.9177177882900125,-1.3934823330716704, 255
2.4382173701280845,1.4295829204109047, 255
7.186935989484478,-2.7187506751631414, 255
-0.46265034020563434,9.755556907125758, 255
-7.686323211941495,1.512958024335127, 255
-5.243680688001094,5.6453637657862625, 255
0.6654171877496218,-3.955329752362764, 255
2.7463958999991878,-0.6390129927244921, 255
8.25489894193344,8.242547378525536, 255
-8.811614949525717,-5.981252545891806, 255
3.1443937842209486,6.426020840810363, 255
-5.85759466445769,3.9818903698953676, 255
-7.819716292491059,-6.364840465034394, 255
9.969678923484103,-9.202668341436757, 255
-6.409051813585657,6.157382895014717, 255
3.962402420080881,3.404025988268417, 255
-0.30246596812273374,-5.903296628963995, 255
-6.384247972848531,-8.484668560711802, 255
5.6509413891535925,7.478103224406514, 255
-6.677340912344918,6.753221788101598, 255
-1.626070497596741,-6.989546388922092, 255
5.994806281061981,7.987584690346491, 255
-3.7209884704040714,-3.618831488782954, 255
-8.601771905543325,2.261564349509591, 255
-2.799480816998936,8.749674428954414, 255
2.021126129666868,8.751469505740182, 255
9.839856812391037,-1.1138231121374638, 255
0.11343834974813127,2.072944854029604, 255
2.27657523547518,-3.9464066613117277, 255
-5.15990564348056,-8.213522153367713, 255
2.263892545324337,7.828081439682304, 255
-3.297769820672496,-5.080322392331597, 255
5.5582368062591865,2.769750553258703, 255
-9.489558238327092,0.47630174807201087, 255
4.915197900062399,-0.06492680283894536, 255
1.9779462561619425,9.55330588602504, 255
0.34487262739975044,-0.36559348405117653, 0
-0.14087869225684457,3.2397683583031345, 255
6.1384066092186345,-8.515836628806188, 255
3.896996825673554,-9.354315021263018, 255
-5.985663674991278,-4.6092408543197045, 255
6.302537863249096,-2.610382660944861, 255
3.7695054554520198,-9.371678393757392, 255
-2.3212188490607177,-9.597993479522042, 255
1.8649338001150202,5.966154779531385, 255
3.968189513018153,-7.152987121001595, 255
-1.4686972584824645,6.397955274213629, 255
4.914233133710882,-3.6382743253542316, 255
-1.2772495068774408,-0.43507625552023654, 255
-9.543915788876562,1.0662656048404493, 255
-6.104831261571952,7.8238544615463965, 255
-0.3428260070610083,0.04682411515501528, 0
1.8719026509332632,5.515884512682836, 255
-4.389071795274213,7.041684377026641, 255
9.204400787309936,6.510584618481477, 255
7.8371959118632475,-1.8492296417862502, 255
-4.791041787811771,-3.68757800434401, 255
-4.456284645533055,1.081115872440158, 255
-5.192768265667953,7.508548320793555, 255
-5.815102199743427,0.4395221109731544, 255
-6.806297787671367,1.5568950361509621, 255
-5.953910438388357,-7.834555479137341, 255
-6.40894100569112,6.581813798263283, 255
-5.662416304477009,8.002630645859433, 255
9.348341539084565,-1.563050198654821, 255
5.191456655015962,5.384913530317119, 255
-0.4219438605049124,6.6058929668964765, 255
7.516895227749213,-6.860982593893265, 255
-5.684144091071259,6.126396251644852, 255
2.0878952374352657,0.2675888641693476, 255
5.90917282696887,-7.2534165863505855, 255
8.655518537918894,1.6442145787566247, 255
-0.13814669019937398,-9.600360359205384, 255
9.88900179186697,-8.832697096207289, 255
-3.2046932402206885,-0.45012974911241166, 255
-5.95689044417454,-7.633554456458951, 255
2.6513933455935472,9.257926614380604, 255
-6.369758996641604,-8.710394037041663, 255
4.6831670656780595,-4.095770235303922, 255
-7.78160550001282,8.408180868349831, 255
-2.888768902963368,-3.0903771410836693, 255
-8.523862731531949,-4.7634579384178615, 255
7.969269522892574,5.508404255092387, 255
-0.05480098990065585,-5.660512032580445, 255
-1.6094247319992778,3.4959107632054938, 255
-4.754473546485951,-1.3627057673032112, 255
-3.050228888851403,6.103017330396273, 255
9.282589576324142,-0.5798972457125107, 255
-0.722711899189644,-8.731967159854925, 255
1.3248074705381399,-4.427829832220742, 255
-1.0437686070718328,-3.3078126611666914, 255
4.505319322143498,1.1962993402324855, 255
2.9544530836356273,7.3544330833363105, 255
-5.362994225179372,-8.948788228667677, 255
9.428386052812296,0.5168624133652688, 255
-8.242033417800625,1.3236734621575934, 255
0.663358199552091,3.571391182328295, 255
6.49797524050927,8.481295402995176, 255
9.200131494529401,-6.869402865586243, 255
7.518659036059912,-6.092563748132411, 255
5.739889711054676,5.407585286032411, 255
-6.5883816509383415,-3.007676230222815, 255
-7.712673814855506,-4.0018275361578, 255
6.021270416348521,8.354249092336502, 255
-8.327460760552949,-6.258397021154369, 255
-8.985292145190758,-8.326553020047914, 255
-3.658213580519652,7.046821111822467, 255
7.287909404414762,2.921668906618713, 255
8.83789154035965,4.614964383488687, 255
1.7034339058721475,4.701569758346885, 255
-4.278689467687908,-9.870905929697749, 255
-0.2320005662495852,6.201940027305763, 255
-4.088383905884561,2.6090513209016297, 255
4.708013272228333,-4.9389904382064636, 255
6.414532240525126,-4.678812787504974, 255
5.103857795987556,1.1923471033344875, 255
3.2708077084576974,-4.640996593976061, 255
2.682170442738892,8.276300733912297, 255
7.7780039190164665,-6.355490444749874, 255
5.797595703036569,-7.115847022176323, 255
-0.513030641540535,-9.111956273699233, 255
9.949069490343675,1.162386771132791, 255
-3.372165896263488,-4.923771027721413, 255
-5.385226680998498,-2.58480414565907, 255
4.756365561181006,7.435475865301115, 255
1.4332276018271166,4.055896053147325, 255
-1.5041689806879326,9.822464396299551, 255
-9.486874301136318,-9.837349459347717, 255
8.30343871547488,9.572717471823157, 255
-8.447027633052905,1.1029014258319236, 255
-8.697152922346053,-3.091411862937705, 255
-7.008335131471018,2.9403689925951326, 255
3.7334810889662897,-7.4456644154299, 255
2.2053827555393664,0.9215508928627507, 255
-7.245665752763982,1.2667010288611422, 255
0.039074954679474416,-1.1472712890781338, 255
-1.6967132992760057,-0.6936438820154738, 255
-4.5331481431977245,2.1263192799108843, 255
1.1515946752220874,8.011134588537534, 255
-5.6119167106996315,-3.379148938886159, 255
-7.3810501732958,-0.10981703899011919, 255
-4.326417077624827,1.1735318024690695, 255
-8.471052999425071,0.3006032642297747, 255
2.0509008887471616,0.5342663848136056, 255
-3.8328471947177505,-8.554937604381143, 255
4.635691578613718,2.131021510394424, 255
-9.526230690802457,3.8324592385173784, 255
0.2986175221262073,-2.702254724447126, 255
0.3873265080738957,6.227048317321579, 255
-9.35246971605945,4.783475341425113, 255
-9.395289467897793,4.417642647971814, 255
4.6272390174735065,-2.619116494707015, 255
9.503081561901578,-3.285508698764703, 255
-3.2324526827435296,2.9557841767309867, 255
6.123066656266094,2.1023809465439243, 255
-2.816690304241913,-6.707633427663488, 255
0.6433698266180734,1.9164746514112814, 255
-8.153702468578523,5.706741971544309, 255
-0.25915682026224296,-4.362990180240642, 255
-9.269551080286032,-6.296135161015364, 255
7.417685197891167,-4.36867684425007, 255
-2.1378621925260433,-4.3259295196090015, 255
-8.123931273934545,-7.521142778311713, 255
-7.061801304116626,3.9260559886595807, 255
7.836860474493001,6.835146995660967, 255
0.47754420433814104,-4.25765620392442, 255
2.0405813780698807,7.125854006918921, 255
-6.294085262510736,-1.9773375272554006, 255
6.664483511335305,1.41455805792463, 255
-7.759419875087312,0.1146356811673126, 255
2.0995140922362587,3.5855520033211192, 255
7.3155340814358105,-1.9426713287835504, 255
7.19598980217863,7.336785724566258, 255
7.168342563126799,-9.293760990301596, 255
4.2805349370658075,-4.73908161811337, 255
-3.2284562540777078,-7.992688485846435, 255
7.9781892536982255,-8.364989289316476, 255
0.7556348689623711,-4.67275540314496, 255
7.78338070508449,4.870547148452255, 255
-3.850462875960387,-9.717078791739338, 255
-2.4759057972029908,8.198458828780268, 255
-2.3934033765380347,3.545179428591256, 255
3.60826658358784,-8.153633240096811, 255
-0.07336841781125081,-8.249964044601974, 255
-2.7619629347697794,5.871058012270183, 255
0.700839394108435,-0.22762725203511636, 0
-2.600901801834226,-9.216878028549383, 255
4.803161270806889,0.8553391102785604, 255
-4.0183864626567996,9.511217561797043, 255
6.996930544574358,-3.3097653392971687, 255
-6.459652919306869,-4.330398535381184, 255
4.898442993158138,-2.1727347029802218, 255
8.413915928829262,-1.829910168497717, 255
-1.4658122368317184,1.5049603771498017, 255
-5.353985456772234,-5.913650686509413, 255
-4.657372035184489,-5.995821535819637, 255
8.000082497606954,8.828241595027837, 255
3.863439563864631,8.89383322776268, 255
-5.447008032958571,-0.8703257141268868, 255
3.7521593698525812,-7.54762358483537, 255
9.4342909628845,6.203622693803958, 255
-4.771828460987512,9.55135377346841, 255
-9.380148006774135,-8.680016973312528, 255
6.661301248818326,-6.297411148789576, 255
5.568214057748243,2.358332540470787, 255
5.699777533201322,-3.1266466848272367, 255
-5.601139261199144,-1.4866262646339816, 255
-7.232636928299474,3.387447371931776, 255
-0.3234080159488073,9.888577481428285, 255
7.676298014947001,-6.911933554883101, 255
0.5124572528906661,-3.9111907518718176, 255
3.9865110699509305,-4.8314604533974, 255
-5.238345824533375,7.293960738658736, 255
-1.8306101664246555,6.921972367808223, 255
2.251241122400769,-3.811190217466491, 255
0.7114559639366789,-9.546045994594186, 255
-8.754586713037378,1.8277588099820914, 255
-5.368463653593736,-2.103272774317544, 255
2.5498835633890753,-9.498729185710811, 255
-9.548715076566767,-1.421210757069879, 255
-4.939544581670363,5.974400335401777, 255
-2.7028546842105783,-7.429500558755942, 255
-9.054592537322975,-7.245966852351899, 255
-0.7217176288009224,7.621056070354058, 255
-7.750743703224552,6.241027613164796, 255
-5.342907834856055,-9.640224680881408, 255
2.8573823991355756,1.5645265947675906, 255
0.8210178535187111,9.906428572206242, 255
2.568554832308118,-4.657724716479967, 255
2.517351051087095,2.370838531731403, 255
5.485545494468809,0.36881126557923416, 255
-4.432750465044617,-6.5254824849004445, 255
-0.2217486103873778,-2.318548104053006, 255
-1.8030706336437348,-8.808666965720661, 255
-3.997717016984317,8.610103179156361, 255
8.764115818779388,-7.789112237158724, 255
7.441795296481104,-5.722303074944552, 255
-6.7298389337328395,2.632185235958403, 255
8.602391428552064,7.066924931894768, 255
-2.8439285149322213,7.815085932194098, 255
-3.436169887583338,-8.626352653059064, 255
-9.937520055512062,-5.4133607281597556, 255
-2.717608370022779,0.8900546913180047, 255
-4.878936673149354,0.7209977079146981, 255
-1.0562414525316122,-4.486665012544346, 255
-7.189935735327335,-1.9922980991575674, 255
-7.858689572503829,2.9414937704560202, 255
5.362976525342431,0.4706218022311468, 255
4.859384562373219,-9.943468414701155, 255
3.9589774777660462,-2.210276769565387, 255
1.8319290002874329,-8.377413761051242, 255
-7.621974945064231,-0.16549070050784565, 255
8.18212964408951,-2.7461811063017567, 255
-4.490869913738789,-1.0870063784634514, 255
3.6161021242788944,8.80330480272368, 255
4.124397113991375,-0.8195600419190185, 255
-9.359102406242275,1.862576402950026, 255
2.7190111976118168,3.353953029874649, 255
-6.329421851263792,-7.3421394581778525, 255
-3.685869367196224,-2.594692758211023, 255
6.7895233191420346,6.761616687949729, 255
-9.007217743346823,-1.2055316972887269, 255
-6.438788304845509,-2.884236137985507, 255
-5.637831248260978,-6.014991624538107, 255
6.735188086379054,-2.182789905842622, 255
-5.138644819306646,8.8872601344999, 255
3.6809780546015336,1.4960138879546143, 255
-6.763866579561119,1.4400119489594125, 255
-9.764129077570523,0.44370510889105574, 255
-2.1860755416014115,-9.313757846053612, 255
-3.099828535759473,-4.233193883849604, 255
6.2629567009026275,-6.742147890430843, 255
-4.113452639757087,-4.462292787811737, 255
9.34708191925887,3.944764705452142, 255
3.2103425538783448,3.6455010029022006, 255
-4.9795054006433475,-3.054175810465658, 255
9.855861238855972,-1.9998240233029279, 255
-0.8479789890495422,9.275703909870042, 255
2.6132991774114736,-0.4479610846940041, 255
-4.746728918195105,-7.616198467042759, 255
8.206458934473694,-9.538012066181203, 255
-9.086618978775025,-4.851016578909735, 255
3.2714275279536604,5.176044081714251, 255
-5.905369785453772,6.049248815189152, 255
3.2150794095694515,7.912778365851565, 255
9.519260637905184,-3.463110146851937, 255
2.8972214626304105,-4.4851407408854875, 255
4.635755681948952,-3.724529183806373, 255
-0.47670550309654125,9.823920875816793, 255
7.992994753630043,-1.238830133400878, 255
-0.9222023187884112,-4.378410273633415, 255
-3.726944127614682,5.219557845000249, 255
6.071348865925337,1.215083878897934, 255
9.621204670837898,1.7307561857123144, 255
-9.037386574868902,8.566572738026657, 255
-5.4333366551853635,-5.669668185448535, 255
-1.4919025852164367,7.999403395667411, 255
2.921629881519314,-2.1866763937037392, 255
-5.7232163909680995,-5.721133170334138, 255
2.1212059936421177,4.906488000273521, 255
-4.917072361918411,4.554624206956063, 255
-5.608276075983061,1.0613019986602765, 255
6.546068720672228,7.807180365455018, 255
2.3242054385614566,1.560298699066383, 255
0.4088116300246831,8.419136515925235, 255
6.185503285142147,-4.934147752748935, 255
-0.07861429938010644,-7.395516717706454, 255
-6.0828860960482185,-9.50032156354688, 255
-5.068507103152178,-2.4857586494653106, 255
-8.908352230438577,-3.7124889145276763, 255
-8.607657342091223,-6.538297045342382, 255
-5.755197931996216,-2.314768696534726, 255
6.929334472356931,3.6798609745836544, 255
1.6085275042730078,-8.837237193192973, 255
2.220475926797654,-4.184704659653342, 255
-8.339432169221347,3.3449817940821607, 255
-9.014059598423096,-2.8175037841500084, 255
2.149247000610849,-3.2996313373151764, 255
0.4475650242864244,6.714650799764325, 255
-9.823043810965151,1.0010254460508854, 255
0.1264849313339571,-9.804592744975785, 255
3.9927257090455512,1.6105227334348449, 255
8.446364271639176,4.941799418362361, 255
-9.117504726760872,-7.311150875666145, 255
4.036871026807463,-4.630459235125715, 255
4.957453501648395,3.43220205421094, 255
-6.535776813870746,-9.896189935195732, 255
-6.656995011356899,-0.9504395681498412, 255
7.636436037812246,2.889126853405683, 255
0.03180798603768231,-4.430925283759414, 255
-3.560914281380856,-9.790438338140419, 255
9.414441577472132,-9.361226830460783, 255
-1.6264435032064224,9.509388105494551, 255
-9.451798484223053,9.366826233758864, 255
-4.423313446392381,-9.416991162265447, 255
-7.842030513539084,-3.375921776143591, 255
-9.785977981230566,-4.113270843635783, 255
5.465706370710116,-3.4933425401935114, 255
9.193685886067627,-0.6437215453375718, 255
6.659062914570878,-5.077860773502964, 255
-0.6072196203945808,-2.6484265780788485, 255
5.7527405423957685,-9.646515527631669, 255
6.974933483313812,-6.8347061992106095, 255
-9.197514741295734,7.28592114691029, 255
-0.8561631367891138,5.5684263173109905, 255
5.846577701580561,-7.590462530400844, 255
-6.39800847893127,-0.6125886134542178, 255
0.9515074963138979,-8.828491794368261, 255
-6.303821111128672,6.136713630196553, 255
-8.366022122766141,-8.285557399713731, 255
-2.883463018492378,8.735262858402251, 255
-4.513494321394407,-3.9126894057139268, 255
-9.034159433194839,5.587272670624619, 255
9.762862007687161,-8.72513912358783, 255
4.73012915571066,4.049199442172672, 255
8.20870984125261,-9.770604861169437, 255
-6.906020122181873,-5.057420852987278, 255
7.681062126356011,5.914783301338195, 255
-7.318656666388597,-4.67752164898304, 255
-0.053943138353847786,6.820576794567501, 255
4.463643111263785,-7.379965338790056, 255
-8.335747864116316,2.789616726055918, 255
7.069202356350516,-0.8227266627577521, 255
2.317640006407073,-8.01597250167131, 255
-5.091663393439592,5.316468457458118, 255
9.159412025369654,-7.094042756912502, 255
9.869638205238601,-6.162985453455764, 255
9.888069468675237,-0.3506547804799638, 255
-5.196765751949426,-9.744391640502803, 255
-6.7092861976032525,0.5432522372157003, 255
5.000250384028664,7.879689096908486, 255
-6.745127594074178,-9.535574367684392, 255
5.263982029935768,3.7168900390199653, 255
4.612924678478656,7.841179938758568, 255
-6.856893743606454,9.885358408639469, 255
-8.916551839364393,-3.033263830721782, 255
-1.4257365557639723,3.301427611131171, 255
-4.459970686319615,-1.290824917406546, 255
-7.980365546028379,6.482504546219239, 255
-5.194471315258955,-2.802688929476675, 255
5.175868465661553,8.702004568660708, 255
7.44638046925121,0.3031412929214703, 255
0.7827676812627882,1.6387456792694977, 255
-4.817647803906779,4.512730040713924, 255
-1.289946891423062,1.9091442165378574, 255
-5.423426568762684,-3.998267055418152, 255
8.672794475994714,8.29445680472455, 255
-9.994337911061042,9.73814278763577, 255
-0.27780493754865887,5.144403252992394, 255
7.59509064030734,6.961834203128422, 255
-6.807394254209031,-1.604121998839192, 255
9.24250314808613,4.148429289246547, 255
7.171455671977693,3.3235385225313525, 255
0.3399052890416616,-0.07873572674593632, 0
-1.4372267783877,-1.9271092156552463, 255
1.3659528011761992,-2.5093118525631564, 255
0.9128146525142693,-0.7990576906753084, 255
8.939237227645116,1.8414044691199436, 255
-6.740649003908013,-8.786522720805234, 255
-9.492807537404847,-3.2700219896175753, 255
3.684967846997937,5.809825779404775, 255
0.6252045588683952,-7.764507780236778, 255
-9.926957211851203,-2.8200487214851577, 255
-5.698595424753234,-5.391719226714821, 255
5.8232603933600835,1.7943021130245302, 255
8.708762958214788,-8.05425670461833, 255
-6.805106839832091,-8.960637209381801, 255
-4.1161658891318575,2.1570932436568864, 255
-6.219823663530201,2.5512137854249683, 255
3.015974530151965,-8.423955848040467, 255
-7.615707220298491,-5.456728959210951, 255
-2.4331567220437904,1.1139088596362718, 255
5.816876023871739,-5.4496130420897, 255
-0.5847487081302631,0.3245624182249589, 0
6.411348801230766,-7.639920747744268, 255
3.094755111643483,6.989443300287018, 255
8.147992266748695,-6.081479589209753, 255
8.884120508512883,-2.625030810655458, 255
8.60504856751772,-0.5352558909929588, 255
-4.497764016965176,-3.3408461594270467, 255
-4.3110356526747555,5.642560769231469, 255
4.130623672751488,3.7373356872985717, 255
-0.6619347467210641,-3.6369478055315296, 255
6.895125090563731,3.5983550405473963, 255
-5.420884653666127,0.5863105128656549, 255
-8.232624541606704,-5.450298322751641, 255
-0.5090751138939726,6.704497432594923, 255
1.7547610248121366,-4.7456946925180095, 255
-7.052592660668793,1.0392787479400152, 255
6.992707701140933,1.344122917706601, 255
-4.704582734707337,-8.593856703177945, 255
4.2644797313709475,-6.3020030335561135, 255
-3.806831140499865,-8.401305131429815, 255
1.0122172409505996,5.136690388473992, 255
-5.709495089868812,0.3071577270959853, 255
8.148820709992243,5.967774764200373, 255
5.834561216681237,-3.5255978940866584, 255
-2.0647315440845055,-6.726615239736882, 255
2.7655339307169076,-2.9599826674624126, 255
7.642686550175156,-3.517173059642655, 255
-6.962787912249986,0.6937590084921084, 255
6.0647004435236305,-0.4151339057339456, 255
6.956283115285217,-8.014417944797456, 255
-4.138816822059825,7.652379019443099, 255
-7.586476077331319,6.872658874662747, 255
2.268425901152437,-1.748906800863061, 255
-4.262281444009826,-6.857357170385317, 255
2.6531552404025494,2.452200518751429, 255
6.31859820736058,-9.053100003597208, 255
-1.318826678322587,-1.8777504481557408, 255
-7.661725836635227,0.9164342390400932, 255
2.3696010315393785,-2.71160138212643, 255
-0.830841416169509,8.884404865555673, 255
2.2875170110554315,5.012276669648134, 255
3.98461334514354,-1.6572688194915504, 255
-5.521186298763315,3.4000703773357017, 255
-3.6855876743310745,4.677247702061635, 255
3.8174421263312137,7.988708669739427, 255
-9.051973879246749,-0.13831960944516908, 255
8.305870394261316,8.661921220701487, 255
7.247590896403754,8.758240552713811, 255
1.1264753078410639,9.28669115838202, 255
-8.716703112479365,3.4201510707442075, 255
-4.408626567962834,5.704555947033299, 255
-8.932942642681965,-1.510921436440757, 255
-4.171575618797078,0.2169577588410263, 255
2.9883987872028506,8.403687580435527, 255
-4.527089185956942,-2.5556595851511936, 255
5.1050169759717985,-8.068068894984375, 255
-2.582762064866504,6.615318947279853, 255
9.633018197271351,-4.24512522664574, 255
-3.8254268355013776,2.7235013860968778, 255
-0.4613174600312,-0.5087980457586472, 0
5.874889363332443,-9.47711515549965, 255
-1.8940002196585617,9.050879374680111, 255
-2.4204115456019633,-2.6342712272975337, 255
-4.912183244259543,-7.671466127843541, 255
-7.544661529255709,7.186265242178894, 255
-4.064370467119924,-4.3211115555932285, 255
-8.173361001190182,4.181314886825525, 255
6.3475262913318495,-2.1843722334973226, 255
9.079018406084966,1.9815546523691392, 255
3.759762136077473,-7.890635917817006, 255
-1.7774671182206063,-8.241252008977797, 255
4.398246700987034,-4.312939571245598, 255
-4.513919320206083,5.252553803928752, 255
8.132143292699787,-4.883218627269592, 255
-4.335419587004495,-2.091066087023636, 255
-7.308497034122194,-7.550374421085381, 255
-4.282834332893913,6.70925293461967, 255
-1.0837328290454362,4.299119275721042, 255
-1.7328681032599196,4.981516486222343, 255
-9.918890803182483,-5.642748031288576, 255
-2.5614120017333946,1.1819858136530712, 255
1.3361763316978852,-8.439309099711384, 255
9.072996730478266,8.741931111749704, 255
-6.639484034190602,-3.0044837530382633, 255
-6.654594211501612,6.903889088888256, 255
-3.1456424963780316,7.1995627949744865, 255
1.8590486727024462,-2.101199728077157, 255
5.431931646286101,2.4753185085624114, 255
-2.433183690048004,-1.8516768790265594, 255
2.0553532313505247,9.411419211753497, 255
-9.000035797728271,-2.3047999518261957, 255
8.27426876859294,5.694168338306792, 255
1.5674067950077593,-4.692828134262619, 255
7.608527384268076,0.9412851319423794, 255
-2.7342953625242465,-5.961681080994405, 255
2.677157398136444,2.7191525791447564, 255
-2.2731033079870073,9.684220387283663, 255
-0.37048744587501403,-1.4047544755503765, 255
1.162831381578446,-9.388146541811459, 255
-1.7053088479738658,3.1576992537612814, 255
-9.816592478480182,0.7664216783667577, 255
8.248797789823207,4.187422475065434, 255
-2.121971188484264,-4.183603493863242, 255
-5.291909676399776,6.942424408101257, 255
-6.148735291354413,-8.810111852764791, 255
5.885819185652739,-2.808082432354597, 255
-5.751347160070701,-2.2929112376142458, 255
-5.767903194135798,-0.9795935594878245, 255
3.5762451724960727,-5.520662613845064, 255
7.407725381531197,1.357824416225517, 255
-7.322563897460155,0.062424012752114066, 255
-4.912935319084275,4.848996903752925, 255
8.320609200862584,-9.09600892697947, 255
5.858928427674821,-3.3337602361066576, 255
-4.7441836314286405,-1.9253829742781114, 255
5.0005013022894325,8.069463963432128, 255
-1.5775127882182378,5.315803195409085, 255
8.162585883514211,-0.5257648870478722, 255
3.0959698660149826,2.55447543482007, 255
4.895813355597491,0.29626092769429846, 255
3.7545187412723653,-5.5575892094053, 255
-5.407292214838019,7.290157884973407, 255
-3.075228379941535,3.8870592860413957, 255
-9.426099059047061,3.17226799557654, 255
3.9114049599877116,-8.418390614101881, 255
9.733519410439982,3.876080897303469, 255
6.7828516356654625,7.383987265614806, 255
4.770103446264333,-0.23708515796791296, 255
-2.6075165292693043,-2.8296627579895723, 255
-8.352734234722078,-4.514185583372107, 255
-3.2294925232188127,-6.600722706864244, 255
-1.7506123924420454,3.5416305909118684, 255
1.1519925226642087,8.84488389799451, 255
2.3619899602768903,5.448002514146895, 255
-2.8482863102654914,8.86843334462235, 255
-0.7832277657299898,8.649809800476664, 255
5.520378653659556,-2.679058199831596, 255
9.041696254759547,5.813276001751396, 255
6.711453369705495,9.569816467710343, 255
-7.923674233433154,3.6758114164449207, 255
5.0714411257979854,7.512455884960655, 255
7.75029117562503,1.4150987089064042, 255
6.924934682677922,9.243141254453356, 255
-1.588203663049331,4.3845484705921205, 255
8.879533821796095,9.50429140901058, 255
9.220730003838725,-7.8219429629675545, 255
-1.2611753850465206,4.052036799827064, 255
5.041340509609141,3.344780606538862, 255
-9.006213469090259,0.21796230476104128, 255
-9.26163956417249,-2.510159086029824, 255
-9.871035270590436,-6.739625748197387, 255
-9.00870634358326,-4.223245588990247, 255
9.773831048168656,1.1418965093637858, 255
2.6977019514757323,1.9623100931887265, 255
-8.953463705092215,-8.832952048211187, 255
-1.744942501201967,8.914626439965158, 255
8.483599884169909,-5.9663585433171935, 255
3.6345505772364373,-6.511075566837404, 255
-7.244670198930678,0.3767902684477029, 255
1.75893032259318,0.93352941114264, 255
-9.72778620694607,3.0976004527617533, 255
-8.95446470265152,-3.326745444399018, 255
2.0168919430421113,7.036915773600395, 255
5.993793783564399,-9.725358361698806, 255
-9.76267806409344,6.407715108784277, 255
-8.806519128321542,-3.1206510637518043, 255
-3.6870716302823343,-1.5173364511450504, 255
1.8564643866956736,9.041103097569753, 255
9.00880081224128,0.6298211600848784, 255
6.977779455575654,-9.500874267707324, 255
-6.434106386931475,6.008374569956231, 255
-1.6974847903322043,5.15902912993695, 255
-8.910701768113524,-5.783160554004452, 255
-5.686497773995165,-4.3402967242323065, 255
6.135823104777312,-4.274052295566619, 255
0.888241442108475,-6.2867686932783755, 255
-7.011514790081175,-4.800106653819903, 255
1.7204600867644686,7.829785443012959, 255
8.241791907053901,8.962120413392526, 255
4.330229727373808,-9.39417898936533, 255
-5.3067330748537405,-4.082375042014171, 255
-9.889365108067762,-3.9203554913961547, 255
3.8705282927322635,-9.607278882698244, 255
-1.8224053379188554,8.334909636321317, 255
9.036840173927938,-6.3973237212619765, 255
8.024192788727497,-8.955964696824658, 255
9.757801268702973,2.3731426380314087, 255
4.746020517669262,9.419811595541717, 255
-3.8028702946360626,-7.825603408654995, 255
6.457358965254812,-6.757739678275083, 255
5.7873458184261555,-5.109424582307735, 255
3.9773212109497393,-9.847778328145111, 255
-9.982288136292397,-3.648649735717486, 255
7.792700743332205,-4.994416765681519, 255
2.3810076940651683,-1.4392541376978834, 255
1.91252566544936,6.936751322422882, 255
-7.951965329539341,0.9641600594047759, 255
4.490716876149294,-2.2064158269325613, 255
5.312044323238464,2.0846086718350048, 255
-2.1734479045070483,-4.545837921870282, 255
8.122289118290073,7.895064868713099, 255
5.459201563776261,4.825796834751488, 255
-9.894301275639666,-6.944219790175188, 255
9.553734561448522,0.9406751548290675, 255
5.802364549129706,1.867237385323774, 255
0.4720978388656043,1.254636386491626, 255
-5.040053055006439,7.4341266585831605, 255
-6.012665986226922,1.9354780523983255, 255
-4.080906613063366,-2.611634316186713, 255
-0.20313168008049765,-8.051920116980234, 255
7.596402719331824,-4.1086122890297005, 255
4.1546211501503585,5.810744906494026, 255
-4.533795865759036,6.640534943039423, 255
-0.005733145979911924,6.637736004833815, 255
4.956226341636565,1.6700011871955702, 255
3.8173455971093126,4.926430170196419, 255
-6.593620766228961,-7.7889878334665745, 255
-4.753530623023192,-8.019428560965043, 255
-3.504017773702568,-3.9861965037429066, 255
9.080305717539868,-2.5165678537026466, 255
5.011514022746159,2.6741204256707984, 255
-1.7011998495710188,-6.72801074686091, 255
7.405468995730512,8.016660868219976, 255
-9.391773724500949,9.641318601572458, 255
9.344465142329984,3.601565270458739, 255
-1.1227954946687149,-1.8594861855508587, 255
4.038820984652627,-3.145081021081559, 255
0.6176172082623506,-5.876218776192294, 255
-0.677467978035498,1.4200667543057008, 255
2.631593356016637,6.969951601823471, 255
7.833183386940696,-9.984170747779537, 255
9.713686095248768,-9.035578876195212, 255
-4.05452352389103,8.178383632372807, 255
-4.550740095542101,-1.082768227221722, 255
-3.1529155966712015,9.032693118371675, 255
2.7173994607738816,6.258380668900511, 255
-4.763812228719308,7.989223426199459, 255
-6.1722078590625795,-9.467449132647573, 255
5.917393444231449,1.394381661258663, 255
4.916389406794883,8.21629661358163, 255
4.6132116133527035,2.318307800157502, 255
-8.81779651454054,5.267025923575188, 255
-8.02727128872079,6.054325442549487, 255
-2.1423726394232805,-7.470472110548567, 255
-8.971182166820306,1.523129639626454, 255
-6.0871429752465485,-5.944954150896342, 255
2.857233416067162,-3.9143324127732786, 255
-9.816029764369782,-5.842442390320115, 255
-7.657239870137649,-5.899564244040003, 255
-3.0833738701361257,2.177468118059725, 255
-6.5336053842923425,-7.227682912883903, 255
6.784508172515572,-3.8265844997483995, 255
-2.2446592657548736,7.750900555084158, 255
-2.7369578555368967,-9.205966784172517, 255
3.2128761073470855,-0.02441070054875638, 255
7.521532304275084,-4.862492616742076, 255
-1.4984410378912028,2.215411288254213, 255
-4.240688699534035,-3.5972273376892954, 255
9.877122669913284,-9.255199842015166, 255
0.19535549270329255,5.816214723594362, 255
7.038328366373619,0.5117520661573813, 255
5.055378780842894,4.557280154836716, 255
7.951635360017562,-5.446206424304034, 255
-1.8388451993987598,2.3075993576866196, 255
9.14815491687705,-1.9256006255618772, 255
-9.234215933795769,-6.609619674625478, 255
3.470969852593189,-0.13590257310868736, 255
-1.2454930747738544,2.8418646910575056, 255
-5.492329716857065,5.9513840487093805, 255
-5.443093631817256,9.09901074375012, 255
4.014497340790594,9.614088082443345, 255
1.5539762907681887,4.020578090410165, 255
-6.7917962386244835,-8.144878948078562, 255
4.64275922333988,-8.892915951565069, 255
9.723234538541547,-1.2160875740830122, 255
-0.31778677168450464,8.211762332296338, 255
6.635766330059116,5.1192707094669245, 255
-8.076232286558563,-2.5385260453100855, 255
8.700108020094333,-5.881411147041511, 255
8.346051269900446,2.271423651696624, 255
-6.5271941688676405,1.9621845771520796, 255
-9.185498402945989,3.3344840965189455, 255
-4.626019339494096,-1.1237693726441762, 255
0.5513169314891648,3.1707676102963838, 255
-3.3814958315380172,-0.17863589190141482, 255
7.770723695326172,-2.321450588265586, 255
2.134674334662609,-5.178673544798286, 255
2.0305103721891076,6.9894142827327705, 255
1.5676240810429896,-1.874233624272616, 255
-6.246130484746406,-7.710777217230955, 255
-2.344822536985194,-7.81304184954533, 255
2.3123193895298364,8.512042522282087, 255
4.528633153888361,-9.746325340988895, 255
1.164276409667922,-2.774622657398405, 255
-1.352385788233068,-2.1533883238139158, 255
-1.1836550493257931,-6.164930667949453, 255
-4.5491194515519044,1.848816645755882, 255
3.216877402460174,5.741045715012152, 255
2.115551856792697,3.7697048296676083, 255
4.754126414370376,3.262860230838349, 255
1.7369375001437692,-3.2086249359749903, 255
-9.409667479743264,-4.292867983599975, 255
2.1900645609417886,-7.175175705552275, 255
0.16578062550438943,1.326095472141624, 255
1.410186150575381,9.253966408104766, 255
-0.2720871181028315,1.0095964037298764, 255
5.373223757006011,0.8080256668371373, 255
9.822799587516617,4.913613481658407, 255
2.922797075079032,2.0468463086821824, 255
5.551307604722879,2.791439297619858, 255
-7.942075694964776,-1.7419809306673066, 255
4.493199204290413,-8.986941342707055, 255
-3.457789556820037,0.3560732609518862, 255
-6.668665695996996,2.0111680205522635, 255
0.0709559109610769,0.5068190106641595, 0
-0.9922461642972724,-6.572721970486817, 255
5.773240713876287,5.0523167047195585, 255
-4.658018125679764,2.538622513892985, 255
6.128839911077154,1.1808813503748876, 255
-2.924279195968036,7.2856885175241075, 255
2.26525673716975,-5.037219185392921, 255
1.454598996967487,-2.1512332951572377, 255
9.864505917633611,0.4885826553371846, 255
-4.808224934114039,-6.78372721217726, 255
6.181413949414221,-2.2578266796864854, 255
5.902764117402917,-5.723451147998359, 255
-9.040425032506661,-9.201744849127078, 255
-2.8886081770439826,-3.442534093968157, 255
-4.0439787814449435,6.805543143617879, 255
6.578069336218029,-6.677561310271662, 255
-5.186720043144437,3.0292904220719112, 255
1.0828827174293352,2.54169082113809, 255
2.1558573521083417,-2.728127769938668, 255
-0.22049122874218519,-6.006297439729195, 255
-9.373552342628502,-9.490835927465097, 255
-8.875429858227488,4.841520078114732, 255
9.192338583475124,4.2155141580980615, 255
9.6022098869899,-7.835718732229935, 255
-6.767874382468399,2.2286683561078835, 255
-5.199026475505219,0.05424818513200691, 255
2.9594861323729873,-5.354701845762994, 255
-1.0722997496019122,-5.8897707747281185, 255
-7.260056003664117,9.606259068388553, 255
-4.074320615040645,-9.15301597190998, 255
7.52287184886773,0.9080011266266279, 255
-1.0574861442660577,-4.2645921771286925, 255
3.4968336397501005,3.0476113095869337, 255
-0.24886771130391772,6.404165347481346, 255
-8.886909822641357,9.999474848899062, 255
0.8633719344623962,-5.972125259630672, 255
-9.980297361175188,6.177614475768621, 255
2.502504566622921,-5.323247662502526, 255
5.044718846727861,1.5437947293088943, 255
-2.6798876532733384,-1.121524079421972, 255
6.014451423500688,-8.952301100839822, 255
-4.435558544460367,8.266898182912282, 255
6.783233797554196,-8.429246837650798, 255
0.468100414695094,6.712018161985487, 255
5.8381322270178355,9.876317040587224, 255
7.879233299805989,-8.383664767575894, 255
-0.6984993034950211,-2.3974273017394125, 255
2.333327147779123,1.2196449217568244, 255
-3.539973577653603,-4.818723395103602, 255
-1.2052579631079663,2.2537171184812124, 255
-3.137698750921305,4.745835047870111, 255
1.6157419053636097,2.9030997506683125, 255
-7.103587713202948,-8.425591392398935, 255
0.06582201433861101,3.5604175698726124, 255
-1.0734356030479493,-6.714881712824665, 255
-4.548071887729648,2.2949047643700826, 255
-6.394722931632759,-0.8023030346530913, 255
2.088720139681218,4.0200642085771925, 255
-0.46553164577318107,0.3789090864264306, 0
4.029063432867099,6.686716577920041, 255
0.7965477496554598,7.987540939692586, 255
6.797662117204954,-6.739684031854953, 255
-1.3763003135977385,6.301619858402283, 255
-4.9906842847341615,8.520222780335345, 255
-7.368793466582906,2.335828537915358, 255
-7.4982071732558975,4.152717870355485, 255
4.8870179450028175,0.4270961205814654, 255
9.33696709137298,-3.0050617543636076, 255
1.4804502623903346,0.7919922314108874, 255
7.51613818441114,-3.544398043213177, 255
-9.973025265910868,-3.7019684514484634, 255
-1.785010257851141,2.398599978992806, 255
-0.04168397597165985,7.5410691100538365, 255
-6.885755922588734,-3.7801617979982254, 255
4.329021748523063,-6.611391433516625, 255
1.706253800406408,9.035914391489623, 255
-7.8000249761738765,-5.586952643132214, 255
-7.155942989877337,-8.810248001207677, 255
-8.471065861545583,-9.124172550735185, 255
6.62585259643873,-6.222312134188435, 255
7.0129453410306795,8.248590925535652, 255
-7.268066664776141,-5.379284322446951, 255
-9.955518608834169,-4.989264896605379, 255
3.377634691566197,8.901916103662593, 255
9.943746556122473,7.182261245633981, 255
-6.190249297614525,-6.19257341474337, 255
-4.808344120198003,7.469544757379502, 255
-2.141380573359748,-1.9728000712018918, 255
-5.414769938193384,-6.195695423870391, 255
-6.62659169028667,6.512870389208658, 255
1.671278210511165,0.762156238357246, 255
1.683044519745918,-8.27992982451889, 255
4.092217233300161,-3.9884679573945387, 255
0.7070614620941242,-6.1082453273869675, 255
-7.957740207161574,3.9675794106898934, 255
6.36849585268974,-7.621312799461135, 255
8.07948457742566,-6.260693476204899, 255
-1.3245669366163693,-3.0781817508278086, 255
9.97919522798512,-6.098146619718556, 255
-8.879296854778824,-8.593740858831227, 255
-5.708030376144624,-1.2965589550330066, 255
8.155408614365562,0.06296066485109009, 255
6.179529783897703,-8.686314689107613, 255
8.411136767378583,-4.681554643270964, 255
-6.643322836401893,-7.658157303420079, 255
-2.0275030260327576,-3.341853702235083, 255
4.364035402152496,1.9133715191563834, 255
-3.654369788365921,-5.990674367614675, 255
-9.809619804584074,-4.950204470623523, 255
-9.440450247682952,2.613588920943272, 255
4.4127701069715215,2.7229117337546622, 255
-9.530668253070305,1.9939915608722671, 255
-8.056542931392103,-2.308366092462782, 255
4.455479973277836,2.505239841879783, 255
-5.368450746229674,-8.509512605276106, 255
-5.2831131842586565,2.07961719553027, 255
-7.367884963834945,-3.7945786592355475, 255
-8.06602078705504,-7.130454897612246, 255
1.1459290732057532,0.7724926831758001, 255
8.499877702560038,-3.8685140550229598, 255
-6.781207572899768,2.6151570542167697, 255
2.0192735985070023,0.669532733725763, 255
2.891935299108198,3.210824808920286, 255
4.250930273385334,-0.1867280075138371, 255
-5.591592692291112,-1.0499782306560625, 255
0.8265021656961835,-3.2368788684034495, 255
6.6120843807808996,-3.8444587759469613, 255
5.1209279679851605,-8.891577335951995, 255
-1.1716023965070193,-6.6150493667597265, 255
3.7182713364775033,-6.209942271264133, 255
-5.714906172783096,3.994859695311149, 255
1.1595154755682398,-0.4235693193068695, 255
-4.652043120591958,-9.317844850638714, 255
-1.8360311148193649,5.11667700961404, 255
5.159543653563974,8.828929551190356, 255
-9.132637744227887,0.5893588443941784, 255
-1.6128944274028463,6.029341580550817, 255
2.9760396112350573,3.630642240214206, 255
-3.047651676618206,-2.5542329825922216, 255
-3.9521585257266185,6.043805860469149, 255
3.6938442696373013,-0.005128350915047264, 255
7.589207121840392,7.029044943732131, 255
1.630387837847973,-8.05241834771919, 255
-4.201438364922994,6.812798522019101, 255
-3.2359885024813284,-9.953358290864859, 255
-4.676426129169884,-5.437742121241929, 255
-3.9174359769281875,-1.4879577146393181, 255
-9.274606980695632,-7.630567929607059, 255
-6.539505043685809,9.679744723141777, 255
-9.006691188604051,9.983160934276661, 255
-6.430328335121671,-2.4055846372192935, 255
8.347902712732452,-0.43649815396033276, 255
-2.9038847697650567,8.518600020185229, 255
-1.316546646490016,-2.5252985056637574, 255
7.843820876458196,-8.287536202904615, 255
-8.655182006111072,6.583920407474405, 255
-7.802538774373879,-2.5548492434769843, 255
2.420581269856646,-3.2568530505795668, 255
-0.3041752424471138,-1.0180520990966162, 255
-0.8105965323944844,-6.921595455712017, 255
-2.130528638597884,-5.453895815730698, 255
-9.693127796659551,-0.7914706178167599, 255
-0.03458608271532526,-8.499003090853158, 255
1.3187813602382548,-2.915064233839731, 255
8.447351842784943,5.148691474335534, 255
-7.5755674025688595,-6.933093594147552, 255
-0.586194317833435,9.120728196897467, 255
-2.2609417938501686,-6.538951717653236, 255
-4.265375531319422,4.749218497229904, 255
-5.89780422358986,5.3891598589583225, 255
1.4294605397645235,-1.6661361479789782, 255
3.8072354354966453,-0.0380261963627504, 255
7.635615035335029,4.089915595395359, 255
-7.764867126730781,3.2229760555482745, 255
5.1919919148044755,8.22925983842412, 255
9.353080258938636,-5.788877320171615, 255
-2.2585285295221746,7.360439275328115, 255
-9.38599859560311,5.8111251416471195, 255
-3.123756452486324,8.541744355453837, 255
-0.7278624995369416,-0.6824960306260088, 0
5.45605527734762,-7.031286211640473, 255
-3.011105769684188,0.895255020258805, 255
-1.8943722736422348,5.839793195807058, 255
-5.877333013172594,-0.38524363801100137, 255
9.824325976517457,0.6004124930868358, 255
8.334509808883496,7.6389174275467155, 255
8.801892013066105,7.071981032031658, 255
0.41513934676534525,-8.117293106149502, 255
-6.657547173806153,-3.8379589675806773, 255
3.750079410836573,-5.564958084934921, 255
-9.348609167956536,1.5037073624860557, 255
-0.0028013507612101307,-3.0660810899285167, 255
9.834721322789019,0.11756350965485929, 255
3.9826970981144445,-3.6555012040219577, 255
-8.378187387041464,-7.7294453305737605, 255
-6.518404990253415,4.137282682159659, 255
-8.650491350542712,4.945162617316566, 255
5.23415601160548,-3.037862158038118, 255
-4.489250913524638,7.311878455142068, 255
1.1612243185544369,-7.6551716972188055, 255
-0.9519173702222368,-5.315334624537591, 255
-5.967008395063404,-0.7808994501655171, 255
-9.93231492664195,2.249360278165133, 255
-1.9939656454212198,6.432303210090076, 255
8.206753771331215,4.981586508879323, 255
-4.644434928864842,3.918178698270001, 255
-6.387690067567231,9.432965327634204, 255
1.8122728375182504,-8.781062716517367, 255
6.370182284067752,8.827329051239442, 255
0.5391456783613968,-1.741469174646003, 255
-7.174656100540813,2.7158690206387988, 255
-9.636957350732061,8.844583581534764, 255
5.1548503808187345,6.259009867941931, 255
-2.0636238794188273,2.305702822989451, 255
-9.905494661552352,-5.861053541955544, 255
5.431258835694999,-5.039607649784868, 255
4.304377430261832,8.581855528455979, 255
2.5356727224023974,-7.192588137931164, 255
-5.562002303990143,-8.046054397831991, 255
-8.750213551244826,-4.455268766136136, 255
-1.529188416928653,7.828352686619596, 255
-0.539945108606366,-8.01662145684153, 255
3.04571216126325,-0.9596275645151948, 255
-3.6669985215345786,-9.476961325032402, 255
3.7027464601802187,-2.411919402236613, 255
0.7803421252639104,5.011801127943691, 255
6.5818925654502145,3.4446610040694132, 255
7.393642776081105,-6.197938152025713, 255
5.939060249644374,3.5113718875981252, 255
1.801588674798598,1.5697714520292614, 255
-5.316446982897354,-0.6657877303444941, 255
-7.826599527613663,-6.325321665669838, 255
-8.367769424420768,-8.219051344749424, 255
9.74312276982661,-3.525162182722978, 255
-1.4359336199627961,4.305471361311412, 255
-0.8473925445264303,-5.297245581907546, 255
-1.868187141300579,-7.00422041932643, 255
-1.005965067427086,-8.366307844304139, 255
-9.478143756585741,-7.3994966768875265, 255
1.1855721868797744,-8.927892523222008, 255
0.687633589931437,8.57854540818494, 255
-0.20341242686220617,-0.9077763341896894, 0
-2.4585139028809655,6.916319937186596, 255
9.234925501081182,-2.7095697321474184, 255
-0.12710357213070367,8.976515751378084, 255
7.178256360280017,4.639030223528701, 255
3.973070781844946,7.27343378519539, 255
9.807515875908205,5.841745683699045, 255
9.88478197056768,-5.324052178573247, 255
3.1789051285923726,-0.990245324278682, 255
3.930569740566078,0.3416773505997046, 255
2.0682567311946443,-5.602794966104141, 255
3.012527248602648,0.4516106495490071, 255
6.062993437750833,3.0884852005837526, 255
-7.109377516067248,7.478123611018862, 255
6.270047356429643,9.182884163995013, 255
0.5329236504347534,-1.5240501599732514, 255
-2.150423292735166,8.217069738591249, 255
3.6165934792482446,4.024780128622957, 255
1.2821172441479067,-2.01548306717223, 255
-5.084387129722585,3.6307635323828293, 255
-7.18594359439491,-4.635409450396515, 255
4.872894980498604,3.949963663691827, 255
3.879620956017627,0.22050178627848993, 255
4.053920310668955,-6.1347507829410315, 255
-7.216753946238268,8.882528494007193, 255
6.933885799130717,2.1942971953454897, 255
4.399573075461312,-3.111903859549039, 255
7.868917234802581,5.614326443637214, 255
2.524722208666647,2.854148506847288, 255
2.651547324157953,-8.112897561930563, 255
1.4974131559257113,-3.0142614605454003, 255
5.334756154036974,2.9029883208507314, 255
7.691850237078835,-9.541336653765145, 255
6.062897650650221,8.4929009398708, 255
-2.375644998299686,-7.631037885850873, 255
-9.68291819508601,3.9606945498390758, 255
6.697259707552529,-2.4868684611138008, 255
1.05180172637745,-0.25969692848539694, 255
3.1253266767779486,0.518905370699354, 255
-6.7992870158689644,3.6794598509822958, 255
-6.858360807020977,-6.435131675017642, 255
-4.908697696232569,2.1033198271703313, 255
5.538249584749792,-4.202555919671001, 255
8.338926836594165,7.633798619598366, 255
8.634620905282457,-2.2570103530002665, 255
5.944435233807898,-7.720262433109408, 255
3.0634604673006844,2.1575241653297184, 255
6.819675468477605,0.6480975176822508, 255
8.12948267156198,9.910645663955545, 255
1.0012601691168062,7.704037653273545, 255
-2.9671951082445247,-8.897486831545365, 255
6.152416442246455,-4.147351495358256, 255
0.27153358835919406,-1.9557922107039776, 255
1.162875141715114,-8.136928719241434, 255
-1.0528817624292799,9.369858131554338, 255
5.24413554896017,-8.833320198700987, 255
-4.677939671038718,7.876784294799254, 255
-9.693319199677948,3.8663850924112726, 255
-2.9735241114134237,1.7903919899269916, 255
4.762614512031508,-7.996175584831815, 255
-7.511742714408564,-6.669771671600515, 255
6.984545368276752,-1.9066873239420108, 255
-4.582076438139822,5.718042105877483, 255
-9.040422771828172,4.572414229101064, 255
2.184240445003656,-3.773544412961451, 255
4.383001885468616,3.3012122847329284, 255
-9.422981094181306,-9.173188758459537, 255
0.10604726807270204,2.414349820312939, 255
-0.1908838991147661,-9.268647870110986, 255
3.9826832956790437,1.5365774469936468, 255
-4.037910689844355,-3.3390072411709326, 255
-6.410259379596286,-0.39565516839267545, 255
-0.5507678470482613,-2.3068451491601145, 255
7.579531231998928,-7.584001287227123, 255
5.62747978017242,-0.6276976430005661, 255
7.655032173361214,-5.693806050801376, 255
6.736664526241668,2.3440733600075845, 255
-2.242191413211316,-4.6148366397793, 255
-1.76466669060847,-6.404017613151332, 255
-6.654085788100971,-4.061576509195881, 255
-1.1448860983672446,-5.101430164840391, 255
8.32836075197254,-0.6155995736060493, 255
-7.606569341146976,2.2817153827678265, 255
1.86896907867812,5.712233149627153, 255
5.912027536447216,-0.2821463082428366, 255
9.205951329983822,-3.5950803178059676, 255
4.761478963364725,-1.1992998801027035, 255
-3.6503826573061904,-1.7031757136104169, 255
-4.5410724257184025,8.894754464500075, 255
-2.640795186090738,-9.762023390700652, 255
-5.556353140746597,3.876482765254096, 255
-0.7422948976794519,-5.894578360745952, 255
5.532069407793498,-4.200759359834844, 255
-5.450642451315371,-3.5371270318508774, 255
5.191412223904482,-0.7188057482981272, 255
1.452249997238697,1.6565402600582395, 255
-0.646641009545581,-8.574022330507908, 255
-5.872528336885903,8.944933959820599, 255
6.1570455059673534,3.697084992389888, 255
-6.685973153114537,7.374087081609272, 255
7.990075013406212,-3.4942248237639273, 255
-0.2562806740477974,-9.46557740596258, 255
1.7464404001471916,-0.8324317832720407, 255
2.382187262033817,3.9144901527545155, 255
-3.7677801666973547,1.1964746344559956, 255
-7.935391464918979,-2.8648680150239825, 255
4.36169203591164,8.150753895167156, 255
-9.805154774943862,1.5878000354600132, 255
1.276750556764263,3.209689751119731, 255
0.8333933871419408,-7.760678741133889, 255
2.808928006247143,0.3057016287433729, 255
4.713812022328385,6.432504309819393, 255
4.218468106398735,-3.1277224406602366, 255
8.825604753049284,6.03978314934545, 255
-9.104837011657715,-3.4764399378689355, 255
-4.347469964810915,4.0243154037474955, 255
2.1842100304348033,-2.908850138156776, 255
-9.551389450801508,6.2436161854666565, 255
5.621217793257552,-4.087041903584798, 255
1.050056562747164,4.774389451745122, 255
-0.3479380062944042,-6.095472046490462, 255
9.68203213089695,5.334539256195239, 255
3.5625092612548332,3.81380732963871, 255
1.8528868215452334,3.5223191457849623, 255
-4.242862185654401,8.102830121968228, 255
-2.4045428611295367,-6.867385422301968, 255
-6.7311088752422705,-5.3713030537789885, 255
8.381525086664055,-4.705772967344206, 255
0.7821130687512596,-0.2455761467290163, 0
6.110298718211126,0.2184468745109509, 255
7.394461488072565,4.100133076932387, 255
1.7244166818838949,-6.043106912278056, 255
-1.22913241621821,-3.589973071592196, 255
-3.998145407455473,-3.7000492240259675, 255
0.2439349788898042,-4.224684518730792, 255
-3.7498315524367225,-1.5699255761137447, 255
8.622876479376739,-7.682971419198823, 255
7.045579215673236,-4.099125486783217, 255
2.723416681950912,-3.9242185985337823, 255
-4.842692421778887,8.87388226127677, 255
-6.278587005440526,-3.8456865000454554, 255
-9.805910962206807,2.2716973153765387, 255
-6.48532064970871,-4.850404286240977, 255
-1.368547207760864,-5.224234489753021, 255
4.8638115563679225,-3.4323643569945332, 255
-3.684220005430115,8.072168082465684, 255
3.4058023872978698,-5.274744314073123, 255
-3.055405549973324,8.267706340135955, 255
6.781026548898087,-8.44451302935589, 255
-7.412654266315888,-0.5157302616681925, 255
3.194595943544252,3.3201093584411545, 255
4.479176509413065,7.46084357222113, 255
8.674017743969255,3.929843146835367, 255
8.82157891884334,6.434412022265715, 255
-7.496817705800387,6.204053795675499, 255
7.98396469059438,6.1059748541788, 255
2.0159714231120986,9.085509192770338, 255
2.770967908431496,8.452748040715573, 255
-4.209743957376572,4.179161558630252, 255
-3.8309297071235466,-8.198771327175816, 255
-9.105390267510572,-3.1704418617542736, 255
-7.454524184001594,-3.489958868009606, 255
9.018014756475207,6.205485859084469, 255
-4.748679528800062,-0.7351027379808333, 255
-9.351257932418008,0.21186816103333506, 255
-6.2801055096801806,-4.679751686940643, 255
-5.271218292419904,2.8746502772832656, 255
-6.447584566842357,-9.273804537827814, 255
0.8447696235948854,7.940834397163947, 255
8.60974736379281,1.744428527482862, 255
-6.636780349104317,0.9187870005692389, 255
4.70513827523302,8.973718276184211, 255
-2.541528823920345,-2.823782485432284, 255
-5.291732550443628,-7.3771257161974635, 255
1.937191307366902,-1.0498516651402845, 255
2.149276137775173,-1.3815360949376583, 255
1.4872489270108247,-4.3821486289119065, 255
-5.262393571782149,-3.5022769258880597, 255
6.323422265806201,3.5039724699855164, 255
-1.4436816098081202,-8.76963997823494, 255
-4.4550948798796615,-9.054368849700294, 255
9.811635736713377,-8.594826119227072, 255
0.3624646913001133,-1.572035536245707, 255
-7.229588359390573,-7.772383662997582, 255
-1.2690129440484803,-0.575811142700303, 255
-0.36840126486016445,7.041860704460319, 255
6.676943766684403,-0.8239526484419972, 255
5.024467877565401,9.524968129134553, 255
-7.587957870400346,-5.998684585365533, 255
-4.175868703392808,-9.61507413950029, 255
2.5462750438914625,-9.483455375545907, 255
1.326368858787859,-8.682719362942056, 255
7.673351566194139,-9.436665217492274, 255
-1.6347153032970496,-9.598693925673691, 255
9.224887742014321,5.703144972412426, 255
7.324669709630143,8.105455775374558, 255
-4.289743876661745,-7.196350016741975, 255
-4.597416284543023,-0.9701112980622604, 255
7.442263179406179,-3.3575144431384896, 255
-3.9207993301170703,8.092566224759864, 255
-7.890351400978545,-3.8532528738888843, 255
5.034393563742794,8.866757897671558, 255
-1.632848476286215,-2.4185968036637195, 255
-2.758370136979968,6.769623957567429, 255
3.1644109952873833,-1.8533130786437901, 255
8.370661234482487,-3.7543308469220227, 255
-9.384464234081861,-3.507494882638693, 255
-5.376610268849367,-3.1532335583815296, 255
8.84391832403167,-5.04819561414295, 255
-0.9998098180331549,4.7271016799362044, 255
7.2929697737879415,1.6926366870306033, 255
6.092032297271885,6.416680632108623, 255
-6.83698650374799,-0.14459596550428166, 255
4.365102467752555,3.3005539554065244, 255
-0.07148070762370828,-5.5607713439966915, 255
2.9971242335435164,-2.9866636171617795, 255
-4.926855557985482,4.111677891304561, 255
1.3420334802702794,4.012129519613675, 255
-0.26558492290609337,-1.6637310541972887, 255
-9.970854974885356,-2.8591401781712626, 255
9.378828994485339,1.7821543813761132, 255
7.597868786170331,-0.5807296605422749, 255
-9.214290561741404,1.7373340315362746, 255
4.663429074341305,-4.839853515926706, 255
4.69420140730184,-1.3952194318927784, 255
6.00069812493086,-5.764383800597481, 255
-8.175270442751446,4.322135377116576, 255
-5.444487073419864,8.218396143828457, 255
4.604688525963256,6.201732663000939, 255
-3.113140191267652,-5.853764511966659, 255
6.235873306041196,0.004835583376918251, 255
-8.241938577380978,8.488231706712398, 255
-8.492379552525165,0.31994971519834436, 255
-2.754656242397866,7.613681495508796, 255
4.775489834795927,-8.348416639475182, 255
-4.822357892554008,0.1953721304314815, 255
-9.888663839692667,-4.086101788393677, 255
8.245559644157115,-6.384541383724116, 255
3.9686050625433964,7.0034710700930844, 255
-7.612418691406226,-1.3638741029757195, 255
-1.7615892556190644,4.169650775202987, 255
1.9825547961996364,-8.1397107210125, 255
0.4163352565342926,-7.946608159234718, 255
3.054796904847432,6.195271052323314, 255
3.475669455073401,2.0807808306107294, 255
-4.829013441810677,-0.5929085961260245, 255
-3.3206378431891466,3.46084953229202, 255
-5.835176464211553,1.7544264737325364, 255
9.847428905774393,9.336241697992818, 255
1.4193711244183866,-4.796176708762165, 255
6.494279974047426,-3.56771914715633, 255
-0.09121023133188366,3.7443626843346856, 255
-9.730084988444613,7.645556177745355, 255
8.64296756076672,-8.454345178640597, 255
-3.4235267636367634,1.4860011329046046, 255
-8.032126188687087,-9.808727600307144, 255
-7.946955487737217,-5.594140321444392, 255
6.22316283970919,2.584228201812227, 255
-5.328434231086499,6.42748416897431, 255
-8.418887233146854,-8.797368559921601, 255
6.01766809961363,3.7134174011907017, 255
0.6511111146479482,7.4163756151317735, 255
-8.738776036110583,3.958091422632723, 255
-2.2958835741973864,1.94851735191717, 255
4.793366513753012,4.921758942905559, 255
-2.1859425513191244,-5.4334477368538, 255
1.133812192980006,5.325503615995338, 255
-9.70659248118608,9.716589179106599, 255
4.513662852485044,5.36086988000967, 255
-1.6789089959359078,2.4823656010386586, 255
3.209539002947448,-2.0791058262477025, 255
5.055859184851874,-4.126705508376127, 255
-3.3548224092240986,2.0960296936830236, 255
-1.430315128086793,-7.509247253114446, 255
1.217491561783854,-8.319026724173375, 255
-8.878333664407954,7.903571010723059, 255
-7.716345280454256,-1.5249839203512021, 255
-5.216492522701617,5.378995829783815, 255
5.2237611012238325,-9.588318644805565, 255
-9.821810400315307,4.3422904868367045, 255
-0.005299895994488324,-8.653224483721464, 255
8.77097197831748,-7.602266097738304, 255
-1.5778902797317063,-1.8832955535229843, 255
3.886340585294736,5.777166254839045, 255
-3.8277183754244515,-9.528415524493576, 255
-6.752424466274178,-6.209983301129922, 255
9.165398948288054,-8.31604364721461, 255
-8.735923354708763,-8.716329973620189, 255
3.574284429542132,9.22917797239267, 255
-7.303141961255635,4.970600522243455, 255
3.1073832737654428,-2.981431182784709, 255
8.17562129736833,-0.7513895083291224, 255
6.7021295495456386,3.8317097989140425, 255
-8.964646889679466,5.918905122702402, 255
-4.976959016751181,6.675798631880664, 255
9.299302551197307,2.2412757520201065, 255
9.012375773605704,-0.9615699936848294, 255
3.354903386673424,-7.8897343632677845, 255
1.958752855599533,-8.419080490146198, 255
-5.422772402750342,6.782258562917185, 255
8.7408680735061,1.092447690873497, 255
2.9240080342329104,5.139109636103642, 255
-4.401367842874868,-7.811547131420449, 255
4.111576801072728,9.6832274420501, 255
-5.9181322097838756,-9.969205661330129, 255
4.260897721185016,-1.5348294452871087, 255
-1.6254297281599523,7.661579285003253, 255
8.804065911962613,5.091520930810878, 255
-2.465312667525909,7.003670715557444, 255
-0.19988040393878137,2.697998794382954, 255
-1.3232160752674602,1.449669687954092, 255
-4.063417563297644,9.018184090759384, 255
5.930308501631888,2.58416494077375, 255
-8.01664007902108,5.8165957574966125, 255
-7.780307417807326,5.042141517998019, 255
1.5137799749203538,-4.5793711951950105, 255
2.6836672994726047,-6.905082217867058, 255
7.748737412776247,5.450644955460227, 255
-0.36977071836079745,7.764887964933603, 255
1.9944725458449302,0.49651802868487316, 255
9.261645407217912,8.630491452962282, 255
-5.4314391489291935,5.377521145952313, 255
9.996572650680736,-9.518861339742173, 255
-9.846621756126668,-8.669535519960426, 255
-2.4045318377682197,-5.622534994002564, 255
-6.893901046923572,-1.5040674793965216, 255
-5.000255536912574,9.377471065519316, 255
2.17092109520199,-6.974403079441675, 255
-1.3943178780926342,-8.277620170073032, 255
1.4461161163782226,-6.14877830142518, 255
0.5033958639871301,-1.5224015097659471, 255
7.825291243504349,-2.2382494303157685, 255
5.550330655421709,9.909976331679047, 255
0.7680700669706813,5.720892203652323, 255
-6.614903078130066,-4.9349454720417345, 255
4.2184056954249165,-2.5627878980049807, 255
6.2190943185626395,-3.51486192685228, 255
-5.806792410804375,7.004858552778071, 255
1.240363181907977,-4.440663346035743, 255
-9.66800710975554,8.764256573759834, 255
-6.332408772837432,-0.6705640215255482, 255
5.041423776071506,6.859163683386097, 255
-0.015939657492632264,7.753011266451185, 255
6.445966224542904,-7.0159932070946684, 255
-5.965785231076815,7.312882611609243, 255
-7.979215539906694,-1.7138735538469376, 255
-0.8925033113250951,-6.9724243717256895, 255
9.839863102379663,0.7173084883614571, 255
-4.127067702972869,-7.845034117666129, 255
4.740745944058872,1.347031757486528, 255
3.9562437372861012,-6.228975289735496, 255
-0.5586947255173396,0.6972242566062352, 0
-8.132776209164778,4.058494228921795, 255
-3.2820639278041375,3.5017561805908404, 255
-0.0365028594445036,5.0918010184234515, 255
2.681195318057801,9.337106235265026, 255
-5.992173688514102,-1.6303264025777437, 255
9.727688145673284,-1.5607716907978126, 255
1.5098343709819755,-5.764180601989084, 255
-7.837581005099117,-7.942345450311519, 255
1.1523046214068238,-3.612829108390838, 255
-6.320823800611402,9.533539024150588, 255
6.671625497599059,-1.730010322533424, 255
7.527289142023616,6.537477883405639, 255
-7.511133647716606,-4.047278988988358, 255
8.913725833122072,-7.569323358217646, 255
-5.799831930784121,9.747438537290169, 255
2.6976244995904164,0.7875592709151356, 255
8.479447557623175,-3.7184438314381563, 255
3.260095613612094,7.247730790131701, 255
1.5786243245700238,7.222096582416601, 255
-6.107474563847342,-7.10412009258482, 255
-4.378848509293352,6.204720105548208, 255
8.888589049542912,-2.869616697244237, 255
-5.45541408315386,-8.397623556965502, 255
-1.7197711207132684,8.0006167040947, 255
7.301172556872729,-1.3190118467539662, 255
-0.8730295309187284,8.75354424890422, 255
-9.540886247928624,2.1961193957602347, 255
4.340476310505711,6.013615935491309, 255
0.0024556365213790343,6.213180563959423, 255
8.559605000611889,-5.88050319710468, 255
0.07549196855260831,5.649803948966277, 255
7.153727935692867,8.525777559325586, 255
-3.5969407872291104,0.9341425087754214, 255
-8.35052538093925,9.692481132716907, 255
-3.3928006362714154,-6.6281470606681925, 255
6.8085380844355115,-5.974540540468314, 255
-0.343554023223696,-7.574134966271138, 255
-7.787839510174952,5.360814928310777, 255
-5.951244812525875,1.6378916692888765, 255
-8.673902239245733,5.721556427613626, 255
-1.6173539702422701,1.8214741497398084, 255
-8.028531778023433,6.581843148733007, 255
6.431207437455242,-0.588676812521884, 255
2.4012465383216757,9.078324894122648, 255
8.175402536268685,-4.948807082576554, 255
3.455043285183555,6.7023343829449615, 255
-9.077492113849262,7.039351453013648, 255
-1.8409123006310413,7.525126058971711, 255
9.62944693240469,8.483945888854056, 255
7.202860118242551,7.611340871583035, 255
5.524106637752222,5.327460596134204, 255
-3.1663573798927676,-0.9819382459042902, 255
-8.56976572729986,3.790273759561824, 255
-2.4670458017430015,-1.9314591568070405, 255
-5.593446142785168,2.8578936653198124, 255
1.6783202988060015,1.048475271540994, 255
-3.499644714930956,7.606593536293897, 255
4.226792719732547,7.128928412934389, 255
0.1797976935204062,-3.686172974245294, 255
-1.3453030665017245,3.578121155405684, 255
1.9374019821760626,-8.085861437048028, 255
3.653190942566127,-8.545417945047632, 255
3.9157028269788867,1.9483187310238677, 255
4.756191560779433,6.069958904942482, 255
-7.9443650678553475,9.745871557866707, 255
0.47139095914458373,0.10882930509482236, 0
8.92534186666827,-0.8458981338566218, 255
-6.525873395943553,9.053222197142293, 255
-8.531961059981416,-3.7217860652333856, 255
-7.629889334383924,-2.205684065382771, 255
6.055606095321327,-3.9326152404616144, 255
4.369148736799971,-3.3596655189233315, 255
-7.883557538894528,7.517220998570924, 255
-3.464611517857559,9.620192764928042, 255
2.383983481147716,7.759992890929716, 255
5.844232098665323,0.9712595942752849, 255
2.5145232813483194,5.952554565652569, 255
7.618073931451033,3.4181737338105034, 255
5.802270788336612,-4.873023296904442, 255
-3.9895105580733343,3.5229860280571472, 255
-4.848021998580705,7.294830671829612, 255
-8.125685934220314,2.051608280068674, 255
3.2630065089897027,7.6466445488253925, 255
-1.9888762081368725,7.089753497414474, 255
6.914431056916982,5.021902364671121, 255
-1.3737135060855792,-3.5624927828994153, 255
-2.7664893261286716,-2.6169751486051007, 255
8.800312286934613,-6.939355997372232, 255
8.770997333419576,-5.656014385069501, 255
5.844305667498164,-9.264870571190196, 255
-4.031230304183029,-2.1435718421466055, 255
5.612021375345105,7.647808436322073, 255
-3.8642432628869177,2.1748418296272405, 255
-1.5808859441680685,-0.30520931118735994, 255
0.1970460083621326,-5.578195813616073, 255
2.1720426189919095,1.7671742606481207, 255
-7.798786457380591,-7.563775703249824, 255
7.058589220711507,-7.564606604353459, 255
-4.635916144361927,6.913125223567217, 255
-5.148531071948852,2.9802677874532346, 255
-5.936726959922689,6.225224133724229, 255
6.86561909514791,0.9911954990853289, 255
0.17650224711178986,8.217032577309531, 255
-4.235015770859974,8.089849307360673, 255
-6.7054382448882865,8.15301627796245, 255
4.025536328691624,-1.915857285656525, 255
-2.603454575588227,0.6694336159363896, 255
1.7215496487317932,8.647319180030323, 255
-2.0310078900780386,-0.4668521934149865, 255
2.9235488861474668,-6.526491002427937, 255
-3.765583376771824,9.899713773523729, 255
5.84055796815575,7.897734116770351, 255
8.214207447717211,7.344453212779776, 255
5.0548390807157375,-7.308490091064302, 255
3.5357792701339825,-8.210404252059341, 255
-1.5831157035901064,7.435660477817802, 255
3.1105907651906826,-6.959618454416148, 255
0.6232080068409935,-0.7608127718221347, 0
-6.2602571175683135,-1.0663850591140278, 255
3.6233881417171645,5.161789003658919, 255
4.555535747673101,-7.342515883691041, 255
6.525309098627769,-3.082277720266262, 255
-0.05289153597835039,1.7780027920183556, 255
1.949856213899583,1.5771405068391715, 255
0.8260799305686,4.519244651261705, 255
-5.963541342739161,-8.973912442553765, 255
-5.665119530718499,9.231144533071753, 255
-1.0308405808888583,9.931377011001771, 255
4.481152899121712,7.948944787050177, 255
-1.1182951872949882,-5.809571877003654, 255
6.741910810993396,2.4904030235668557, 255
1.4291435855752859,-6.127318760275018, 255
2.521524161461686,-5.903449352399502, 255
9.20033717411965,-1.2021354472904662, 255
-3.522734530529754,-2.7652805220524197, 255
-2.077200230990295,-9.583289894225768, 255
7.904727583354923,-4.475055518703501, 255
-7.87155446458952,8.259596676199138, 255
-4.0870073166895775,1.3002754819664801, 255
-0.1174924644069435,9.67412867181838, 255
-3.897499154718651,1.450854306169278, 255
-2.7261745606926553,7.349829697154814, 255
-2.450678002185369,2.465169480444951, 255
5.996914957751358,0.46942557407543006, 255
-0.8018745155570972,-9.807473301877465, 255
-1.6983759119543045,-2.596325081194413, 255
0.9508961370897566,-0.05447912594549642, 0
4.623657863277458,5.282201956012557, 255
-5.800009618895956,-4.477575057686249, 255
-9.093713045186604,6.269282600361073, 255
6.305856449764121,-3.6320236007140094, 255
3.4005979664898014,7.234300811754288, 255
-3.3496612048957664,-1.6539470170090986, 255
-3.8672837168044687,4.665349729140917, 255
1.0486752444530012,2.7072120994590154, 255
7.78796785069223,5.624411810326171, 255
7.406730895141372,-9.439212542220341, 255
1.6923557808977634,8.43940927430426, 255
3.4934569613219306,5.356051155158852, 255
-4.894638736506858,-5.675995645485951, 255
0.05276700297038772,-8.924527058932163, 255
-2.5037914832659025,-2.1061907737809253, 255
-9.759162036881728,9.751155124431424, 255
-3.5153708177578435,9.412738736465975, 255
9.056034584408867,-0.9844788920652299, 255
0.29470751490641334,6.246040485090909, 255
-7.438844109556775,-5.979827193786731, 255
-9.507298059507418,-6.780145487025424, 255
4.220398432350461,-7.914258768805434, 255
-3.1593566250712746,-1.1045261750302657, 255
3.9525157197794982,-9.970813104234216, 255
7.119929763479064,-1.7927895224428774, 255
-6.088965631891263,5.313628060044387, 255
1.8996001367346604,3.609800182639484, 255
-4.595807008566548,-0.3948020488390842, 255
-3.856787863850821,3.682492417932897, 255
7.612339776815915,2.7725742390942223, 255
5.687468977792204,9.753532960690244, 255
6.442278305537464,-8.783517226387378, 255
-9.393258561345213,2.6011525901107895, 255
0.9178846931074105,3.1935193538259217, 255
9.031986434820581,-9.849546031366263, 255
-8.67619021348035,9.335276954316075, 255
9.403590763626344,6.880008648274153, 255
-7.5205194866621845,9.319493293630224, 255
5.264048393003186,-3.16116682063857, 255
8.484907929966795,-4.405284672468177, 255
2.804004707764758,7.136304869699664, 255
-8.80717640898385,-9.97150403589348, 255
-5.727863199028739,-0.16972537158111045, 255
2.2055521926293693,8.356204670993456, 255
-7.204782466981552,0.648181817905332, 255
-1.9580742962743418,9.892939942695033, 255
-2.7042365129837336,3.810251365660184, 255
3.3365171423394706,-8.21456720541972, 255
4.727999529380076,-1.8127737886047708, 255
1.8569870700268147,-9.652762055735016, 255
-1.0269611022813159,1.318626616024826, 255
2.992381424659399,3.3924216390792985, 255
-9.62095763545296,-5.115688876712756, 255
5.343859359578884,2.232589854662038, 255
4.152944182532783,2.184763517634199, 255
-2.3073591759073286,-5.471167451256036, 255
2.3636219041986006,-8.658771574147032, 255
1.7137451684712488,7.034957634786267, 255
1.047912409795142,-5.113047307487911, 255
1.7575459386253343,6.6440395154464476, 255
-0.2347220777268273,-7.033297152674496, 255
3.213437596355856,8.31364686261756, 255
-5.622363576632356,-6.0555635683235725, 255
6.736125659657212,-0.9599610536329646, 255
8.289593268567998,-6.449414248284409, 255
7.403955396914114,2.51501202312763, 255
5.72250724090566,-8.027663164726924, 255
4.689186606474941,-1.4470889348295088, 255
-9.354344492655875,-3.143619052244018, 255
9.744068763201732,8.014163338630695, 255
-9.668266101637933,8.818817353607564, 255
7.532852870341149,3.1831378792659244, 255
0.4155245312516378,-1.2347696060730833, 255
-3.401980632322803,-8.181260105828944, 255
-0.41555185593443866,5.170157879814305, 255
-4.714346706216608,2.6615259682097374, 255
-9.01671464492435,-7.1455916978688645, 255
-1.1721412497319594,-9.724839085006671, 255
5.097936915686546,0.9009781483831532, 255
-1.7050056756409084,-3.843916145809107, 255
2.3532828443473157,-8.571202022747467, 255
-1.9121574694628496,3.198132822685075, 255
5.7352345981503845,5.923540437227388, 255
9.858276399274729,-2.042828638852459, 255
0.8768419114109154,-8.278490349606333, 255
4.032595029580291,5.107507635834519, 255
4.795939735720346,8.784445479426108, 255
-6.683618622263929,-9.614758446029285, 255
0.640340429659485,8.790012826320464, 255
-6.185622571300462,-5.605307730775555, 255
1.8502283615737802,-4.311116233479431, 255
-2.4503406984435694,0.26585358560780925, 255
8.858573471911303,2.7543801894887903, 255
0.0007240749806580737,-2.545065020705339, 255
-4.074185832710409,-2.3856090450272793, 255
-5.258018150051709,-4.27476542871859, 255
8.588930613575922,6.44009043463921, 255
-7.416411965148142,4.816192834709575, 255
6.808088399324184,5.122479330162701, 255
0.6983474243813674,-1.3716754066966672, 255
-7.752885079257139,9.993846152286594, 255
-2.9564843618593244,-8.300795303967032, 255
9.33683711624132,-8.538202675856585, 255
-8.60359907582772,9.603695958589768, 255
-0.5140344366010456,7.143547417258159, 255
2.6616225060991745,7.076661878572153, 255
-5.974167382213638,4.392205921104797, 255
2.1798371177599396,0.9963525464971283, 255
-4.663132945533029,5.308784551284358, 255
8.346971528815136,-8.037610993285675, 255
-4.055510022608832,2.296529146158976, 255
-7.915771266716122,3.069614211494807, 255
9.648489322991015,6.249053841725253, 255
5.360610644291661,3.531062403520064, 255
-5.601137683812731,1.79904409819539, 255
2.611473538316316,-5.055148753961323, 255
3.890768769701607,0.26750181623292946, 255
-8.133864625906476,6.5635916231335045, 255
-9.111235028645467,9.393397364524155, 255
-3.429606608009685,2.3365832946673475, 255
0.927443016141833,1.762004921136704, 255
6.901433418666681,9.453984716357592, 255
-6.4469085339397125,9.492006269067847, 255
-3.746007599786722,7.417037080562391, 255
-3.2882492648084387,-2.109309880742421, 255
-1.5201826450107347,-8.123279145757161, 255
-4.2841062102312755,6.10195883783269, 255
9.952388303543092,1.858947564564339, 255
-0.577400537398276,8.134512398210845, 255
-1.628512276596128,5.161554312870294, 255
-3.6676056823301444,6.133836065753691, 255
-5.154058565642843,2.9810759840690153, 255
-5.85912116635507,6.126675857689662, 255
-6.022258884437712,-0.20485034328721952, 255
3.5988309856992586,9.227537012294256, 255
-5.7116017698289845,-6.644125893863526, 255
2.8978610165921044,0.5215190046225278, 255
-3.2769291138881123,4.586500910042943, 255
4.831414273366626,-5.601442935929555, 255
-1.027193693923742,-9.271071415527839, 255
-9.965690746314795,-0.9788102258815776, 255
7.1442415976932665,-7.26999097472217, 255
-6.495564521365809,-6.019179877907554, 255
-3.974966726861786,6.348115655710306, 255
-6.46975355661235,6.4742440625309, 255
0.40032595800573034,-1.4292814503856697, 255
-4.151806914605229,-8.265279254070814, 255
-5.378047523124254,-3.3549350122017874, 255
9.082547184779152,-2.8097644457830917, 255
2.9090704236900145,4.9059683142328385, 255
-4.566291878354567,2.3293811502904287, 255
-0.769858257734569,5.4722135835881645, 255
1.6554952679440422,3.0925675882319688, 255
-2.581501140355069,-4.985612350319575, 255
-1.0897738065381333,-9.320120965676953, 255
2.24472157758375,7.358655890555788, 255
-2.6448191059835358,-5.105575832548732, 255
5.157383759506438,9.78265037779504, 255
7.272822272177578,7.0846299345342345, 255
3.6293166204795195,-4.519333340778948, 255
5.925900269592013,4.802629020384684, 255
-1.5915338952480784,-6.3799684832965164, 255
2.515702557570796,-1.3640185458545027, 255
0.49293919041268275,-5.097877070611776, 255
5.335390962657794,-7.913670629324281, 255
2.294884002484931,1.2432491565659127, 255
9.3398035832559,-0.19251918574165572, 255
0.2265764316099812,1.8433882283114666, 255
9.963731846289765,-7.371581356864187, 255
-6.225527927830646,-1.254397544426757, 255
-4.331664660622403,0.414004158858603, 255
-1.370776320300827,-6.707205825531495, 255
-0.9887011911513799,-9.670967436293543, 255
1.547764176730178,6.58907524541954, 255
-7.216572316898362,5.09586714257458, 255
4.106354068593134,3.948236537272809, 255
-4.444833079037995,2.7124140138519, 255
-2.2690978052989657,-0.6863521606533318, 255
-4.062589686648845,-2.1273391497626104, 255
-8.92590136484804,2.2593347479259123, 255
-3.562142685864689,5.499355420864418, 255
-9.638471256834338,-5.422880459204742, 255
-3.0680875031115518,9.928932738120583, 255
-0.6937679473070659,-8.059208183282855, 255
4.0993620034311995,0.8398091330120838, 255
-4.549767180583548,-6.408010613017643, 255
-0.6226168849977789,-6.138044392887179, 255
-1.2188408443206988,-2.155250956459385, 255
-3.9634214140940465,0.4328659529336303, 255
4.6838852757043945,5.192482366021222, 255
-9.407456051338308,-1.1832806985369189, 255
-8.202824370166857,2.653519874217052, 255
9.552156536737709,-3.18417554557117, 255
3.517497938196616,-0.958081114515398, 255
-8.176186207671616,0.992537831860778, 255
-4.629819223717535,7.702010961630428, 255
1.4549590879131724,-8.885090055593032, 255
-2.9834098770012174,-8.308517625460894, 255
4.96563334904466,-5.999464789344571, 255
-0.4745124063894295,-5.63713982100055, 255
3.6784235532383853,6.7667966223154, 255
-4.191350107417582,5.963026476031917, 255
-4.221650198176339,7.1051677080103595, 255
-6.975915497957621,-7.339408495709847, 255
0.7304893744454866,-6.232082402225865, 255
-3.6499310582539675,-4.86322847749777, 255
-9.910760977166536,-2.3510497888482407, 255
-3.716164837588365,-2.4118877971013024, 255
4.2778813204978015,-2.121627760408156, 255
4.562058137896422,-3.291524469112545, 255
3.5020967987534064,-9.602492291779212, 255
3.980581158862229,-2.993184215847336, 255
7.796818091537453,7.644713347021025, 255
8.79492886266214,6.763731023609122, 255
9.170189193198837,-8.156848775924399, 255
-3.3149726201871887,9.497127780201872, 255
6.368834537109343,6.620921279166222, 255
-6.556958858576349,7.075960865883726, 255
-4.075271845768178,-6.368505259436339, 255
-3.4676004784809784,1.022420466340952, 255
2.8919344479751974,6.590004550163265, 255
-3.436157692433879,7.926702928315368, 255
-3.0845184385536157,2.410284746656078, 255
3.366816121127055,2.347940803543212, 255
3.9063157383728253,-3.5360511134617862, 255
-9.250974902109313,-1.4675350848510664, 255
0.9621377227486416,-1.62140539965986, 255
-1.5926640387389828,-3.5828686885865624, 255
-8.650319283733776,-8.346778260858576, 255
7.358921748186734,-0.6696763137941613, 255
5.759091535517369,-5.12653961162413, 255
1.7742163850314832,-5.770383752456851, 255
-1.6084146788990736,7.651497208874986, 255
7.464310299759024,6.857719069483981, 255
-5.445381946766368,-5.530855968600807, 255
-6.675940811676351,-4.041323721390501, 255
-0.6190994567410648,1.701416997109881, 255
-4.994564943643482,1.5346181280950333, 255
2.9194939946973086,-6.49305193639008, 255
1.2839499388925386,-2.0703535678421225, 255
8.066586293297277,-6.4460906033413785, 255
-5.364275153736687,-0.18544654913531033, 255
7.393683903972711,-3.2823724086977695, 255
7.0929413053445955,-1.7621769530932863, 255
4.920437291539885,-3.8652863091859473, 255
-8.395851787760613,-1.3409677616756497, 255
7.128928628509865,-2.180763394497749, 255
-1.86650298794099,-6.055543250399468, 255
-4.090615287169264,-2.116560047567855, 255
8.92908652474328,2.7249331661700573, 255
-9.272199078263919,-4.911627694760446, 255
-8.791776069004484,-8.796677132757033, 255
-4.231900417571108,8.598810430773298, 255
-4.57226113464575,5.400125604665281, 255
-2.2463647610872073,-8.089160617440488, 255
-8.917524836642006,4.340355100691536, 255
-4.578455612442804,9.548812698710428, 255
-3.5806180791742843,2.9105202186904755, 255
-1.810202953837166,9.322781254811169, 255
-8.30175664916474,3.5307309152759245, 255
-5.209964785593537,4.874641879429307, 255
4.6543650459986665,-9.00779745026146, 255
7.3061486919194465,-4.293798854779965, 255
4.077302973875138,7.1493013229756635, 255
-9.580704714253926,-5.437701235637025, 255
-4.233319374107598,-5.668027464417915, 255
-2.9161841868230702,-3.229231913872228, 255
-4.747366893293934,2.7291390271416347, 255
5.18220546690606,7.259208544080792, 255
2.691789891597402,-9.027519474504377, 255
1.2502728172871702,-4.4811181357808945, 255
7.039251968961253,0.6884796321771809, 255
-8.50360753215999,6.6970698396376065, 255
8.52728614521839,3.0934414218726918, 255
6.306121557100841,3.6364073704752577, 255
-4.708619688468629,1.5606353645618132, 255
-4.5286627016863505,-9.175129520927792, 255
1.7971796389587364,-9.05417852771758, 255
4.532746348832298,1.9534764179897834, 255
8.223618438173645,8.276181135217172, 255
5.6881258821495795,6.234461872329607, 255
-1.9487854690296622,-6.609550925061298, 255
9.671191896730036,-4.907388728088766, 255
4.068937135564216,-6.781357768821817, 255
-7.62703468265808,-8.35218643221548, 255
7.09485900032087,-4.883378678716852, 255
-4.030436364905001,0.41924642593044936, 255
-8.046372057591986,2.342154508199066, 255
1.3354517365636571,0.29556415881657827, 255
7.760279620385905,5.907507726849325, 255
-9.448195561514751,1.9591818627841704, 255
1.4855167959526856,3.0821516617974325, 255
-1.7953031605002838,-5.01826707517897, 255
5.187882098609293,6.656196253071336, 255
8.439869426514164,-7.001186865331849, 255
-4.793036058373039,-3.377161541056868, 255
2.9181432962819276,-4.624098630403585, 255
7.063625231639428,-8.708031471298774, 255
-0.6772208264331674,1.148184579564095, 255
2.540258097098624,0.5189941341319493, 255
-3.9967167140808435,-2.2108248944452313, 255
-3.6879782860014725,-7.247475367476996, 255
9.218208885849819,4.440475334712913, 255
5.574603183956963,-0.8848733066688315, 255
3.9975299016167742,-2.7174876995856607, 255
9.342530316055456,-5.009047747449086, 255
-5.888685670465861,6.247356557687191, 255
8.941760977336347,-0.8893622179398868, 255
-2.0079228774942433,-1.8298013355083693, 255
-7.354604247488188,9.349713811708185, 255
-8.855806281161836,-6.639402492040707, 255
6.906511316537603,-1.9783080645153248, 255
8.924456618463473,-2.2826598314458373, 255
9.457742715595785,8.376410182340457, 255
6.296147140716823,1.2073939270049472, 255
-4.663954441496136,-4.552642294716611, 255
-2.136435105451655,-0.6244125113092629, 255
2.2500746479600267,8.491626500340548, 255
6.572273694224627,2.2905739817435933, 255
7.6151107729611915,1.9552573743742307, 255
-7.164535017873979,-0.17050041129410332, 255
0.4110715701087422,6.709565694959636, 255
-3.967740578713183,8.161989926579317, 255
0.40794738309144307,-7.255295180734926, 255
5.9554402933571655,5.999575283844544, 255
4.321529546784502,0.7584097524353801, 255
-6.971423292815803,-3.1149032508076306, 255
0.8283264325975424,9.239435153450913, 255
-0.8064797811867574,5.630103087001775, 255
-6.394930535077627,-4.442699905938419, 255
-3.477232109701034,-3.1861469525007458, 255
4.932104019814709,7.627950523104779, 255
0.8830108274910629,3.803400163337894, 255
3.986403112705892,-4.85093216250386, 255
2.0104399807030955,-0.9491724607479224, 255
-3.0243084013765476,1.201392817982148, 255
1.6273803668499305,-6.587767998464329, 255
-1.1537396670747206,0.8355895583910105, 255
-8.622746489948048,8.848957961923137, 255
-2.1522077772680177,-1.6926279284024854, 255
-7.102868212915025,-0.7437302897908751, 255
2.9259035104761715,-5.267706001802437, 255
9.562452651664962,7.5195874492195465, 255
4.440602509754434,3.8123154505157064, 255
3.523787771677469,-8.730532758098855, 255
3.6651170033236653,-5.266864012814496, 255
-9.672757657636183,8.28418902097664, 255
6.648405586802653,-4.744288075277565, 255
8.700270173823217,7.810140504198387, 255
9.780997439143054,-9.163810880105794, 255
-2.3324986854772582,-3.4272568574672757, 255
-1.0416762480555022,-5.107600851342671, 255
7.811193188425499,-4.6287658808755205, 255
-8.767206541247013,-6.433537831314067, 255
-1.8409607612780334,9.673840078001998, 255
4.3386119625255315,-7.271132178040172, 255
-3.6235212540086215,-0.7296823219628124, 255
-7.023775826449996,7.273631642123259, 255
8.220383019569141,3.7311048054164075, 255
7.360136428374158,1.313245669425715, 255
-9.823098084736653,-2.154883423771297, 255
2.309251371251584,-4.812122026480152, 255
3.2103608749905117,-4.600634243721553, 255
3.3045209942195655,9.624986319201849, 255
0.5566013349458476,4.336484023241594, 255
2.1614961259043852,1.6163673910563006, 255
-7.5310884887669545,4.358187062655695, 255
6.21678485954752,-4.0036465662262755, 255
-4.192416179840864,-8.239154306949622, 255
-1.7972363610965747,-7.981811213221556, 255
1.963714098783882,-9.54015331469388, 255
4.540371447163325,7.917558182377736, 255
-5.501219934421049,-7.283103445293113, 255
-4.002975792811143,-2.4288659545206865, 255
-9.98943786691427,4.449313700701525, 255
6.098577730302811,-2.9591406223321055, 255
-4.811103201679094,-2.0330837461550537, 255
3.0985567315366076,8.683597137643748, 255
-1.106608570287717,9.079375019540688, 255
-3.7731725172326414,-3.7873471426398204, 255
8.069808005595366,-5.897104872978014, 255
1.1537056655341953,0.6144821565125795, 255
-9.308478039989625,6.246437122782254, 255
7.209120937685267,6.615542257662096, 255
-8.536796398473292,6.00422325695234, 255
-3.3940799121882304,-4.029340918978992, 255
-1.5879835617130134,6.590317878628216, 255
-9.459943609609986,6.414013912808848, 255
5.644309559642785,-4.289666449785403, 255
4.447573215346276,0.3632084289076314, 255
-7.455682455472554,5.252193001205951, 255
1.111206637339082,-6.277201850648999, 255
-9.954411049362657,2.667141751731357, 255
5.895397493051725,-2.3266854571532587, 255
-3.4581106546760783,-5.96930099734251, 255
-5.964241304335848,1.7363178965002142, 255
-3.35657621880304,-9.910202748326798, 255
-6.0130024016654655,-8.420746813429588, 255
-9.937471529607196,-9.286412506637316, 255
3.2136658778202243,8.15525112683278, 255
-0.25444471038002625,7.971391603858422, 255
-7.656244977853122,0.9518072968583446, 255
8.544015767127718,1.56265442826178, 255
-8.750065530584767,-0.4697949581618843, 255
-6.926179631112475,8.06828370291294, 255
1.8648752288315524,8.506217150731167, 255
-2.705747651478003,1.8454852678869944, 255
-4.740788447262139,4.258985780224712, 255
4.308483276505621,5.832359579745596, 255
-5.1051117082986845,4.789984441943272, 255
0.6994610132029582,-4.7866938749936905, 255
6.851870312991139,9.159951972240997, 255
7.230429452829288,4.085058695069526, 255
-8.79205532893488,4.632746411519202, 255
7.761504438832791,-2.2521647980175574, 255
8.220324553923184,4.890225457397246, 255
-6.949202405001693,-4.488335271464097, 255
5.690806314088256,-5.6124089595495725, 255
7.5079830574001,1.5307322276090947, 255
-9.18681472441871,2.9375868683627893, 255
-9.258568267843327,3.6000284406868044, 255
-7.50636208367345,1.3296946548592476, 255
-8.916074546308852,6.843238331557927, 255
9.08084190553171,-9.692809467887994, 255
0.8530489451650496,-7.375088382343367, 255
3.5454404151814742,7.1147096275952, 255
6.891662377952336,-0.7909867966425725, 255
9.364417725564142,-8.671026328318963, 255
3.1710219534240345,9.260780794788516, 255
-5.627483898720865,3.098665000657565, 255
-8.939305271050982,4.9224584758447065, 255
6.8589442122192565,-7.667773967908971, 255
5.965245161620132,1.2675817791242388, 255
0.2156389506243368,1.288076809368068, 255
-1.5900185782654024,-0.012716689381646162, 255
-0.5570872803279983,-0.5579221828951475, 0
8.224714700904478,-1.6420487182435846, 255
1.7385325019297149,-2.504387059535336, 255
-1.2982542364641922,-4.336206574295676, 255
-4.298686668778238,6.182721847437712, 255
0.25769335178553376,9.640162036907487, 255
8.621293288595542,-5.032512156895905, 255
-7.503252778861873,-0.4894891215804442, 255
-4.069906888242603,0.6440013356987393, 255
4.95269126426475,-9.289791123578823, 255
6.89603617032072,6.289075849079371, 255
8.450708017703505,8.313139967015822, 255
-0.5654896496912833,-3.2172362239868812, 255
-1.5613649595491594,5.486621667138781, 255
-0.22801185799674606,2.1059830202742535, 255
-2.2356473722037666,-6.246965986802575, 255
6.582544322672572,4.053659974924837, 255
4.854857294028809,-3.6843346425761014, 255
-9.766167506513131,8.040000947414484, 255
6.565042599997824,8.835677002698052, 255
0.3343268868687925,0.050661918586556, 0
6.218443521973644,-0.24636749559970994, 255
4.661484198831474,-3.7525918933181535, 255
-5.028431772606008,-7.359785993101051, 255
-0.41079102472191487,7.274553831243612, 255
-4.138416150534345,-0.3816205866473297, 255
1.606508906175904,-0.7211371531698418, 255
-8.58701306376794,2.7985633392653497, 255
6.044685635786642,7.617903083325853, 255
-2.5562493597644327,-6.644572654083543, 255
7.352711781725926,6.971335231996292, 255
4.695405251753646,-1.4349447709472152, 255
-5.77449060936456,9.196359908703386, 255
-6.328088596850989,-4.162664695913061, 255
-4.76988501769442,-4.769961797587703, 255
8.592893159415024,7.562086630019657, 255
6.612053802038062,8.45341364310476, 255
-6.565574299133143,-0.3479011385197328, 255
7.160488010059282,3.5162486742142303, 255
-4.020391595397317,-9.493524462882073, 255
-1.113910168441203,-4.655957773018775, 255
7.05308399429369,-0.16531764060589715, 255
-0.44345578547959263,-6.799844267964758, 255
-1.8966676514561982,-8.872871086233172, 255
0.35662932733044705,-6.068532279742962, 255
5.903251292323397,-7.482520094677172, 255
1.3790384783764065,-1.0706169660418219, 255
7.998952910503565,1.1077005040088537, 255
6.04858115868387,9.25170257710758, 255
-5.024398030456265,-8.464900757129517, 255
-8.092656689733067,7.7221863640279835, 255
2.4892784251988083,-4.556903028169216, 255
1.4898811193245791,-0.7012769443020606, 255
3.4573389599699684,-4.439309291592934, 255
0.6264976544773031,-7.16529053346407, 255
-9.468002465287102,9.745938178329624, 255
1.3958709660189434,-6.694901291077753, 255
9.295429283297267,4.558904971649007, 255
2.3530976253734366,-4.990128011929333, 255
1.2229828354047623,-0.9659854638490888, 255
0.8437127476665456,6.20565860430348, 255
1.6409969997329519,-8.242591897343841, 255
-2.9460240995588,9.316677524008675, 255
1.4842482613312473,-4.5411675527123085, 255
-7.262996478096797,-0.33935294993822396, 255
-3.646596729796377,2.750092812772639, 255
-8.478329636151233,-9.105493048588539, 255
2.474295215712427,1.156590522158286, 255
-5.929535226042672,1.485329516434458, 255
1.617345492105036,7.470837427689503, 255
4.053435197436897,-1.5685451776690336, 255
4.004872180163918,6.990149346126259, 255
-2.116317302665238,-9.483104396136227, 255
4.5731842846312905,-6.5070698677805066, 255
2.7042176901739285,-0.30014248579594494, 255
6.454065300184265,8.71489243505302, 255
0.039828154525471504,9.935332162480265, 255
1.4824378002339795,-5.417147122321888, 255
-0.07768121095340597,-7.085824375478285, 255
8.803165214090534,-5.1502831813744105, 255
-6.6247429264054265,7.205328596942412, 255
-3.843888581912543,-5.355384529851208, 255
8.608464117555691,-9.331792636345188, 255
5.221774951715306,-1.415916387190098, 255
0.522331340658674,3.272336392155834, 255
-6.476644661240152,-9.606670751486075, 255
-5.186706695090811,7.967274708759202, 255
3.843008362057958,-2.9116306489468418, 255
-7.425274315976953,7.07071191706283, 255
-5.089950621536268,-3.472669790686984, 255
-5.190538726295002,9.308628121294532, 255
5.333110500446889,-6.439063962828946, 255
6.830155748867803,-5.006628483359816, 255
-5.078945577955929,-1.2780809647167821, 255
-7.727508420894226,0.5574020189008912, 255
0.22011282969493173,-9.537100533200022, 255
5.734327365329952,-0.5414391964709413, 255
-9.817263057135941,1.649715988046779, 255
7.72726520781967,4.6775910056743335, 255
4.687003445338281,5.421781340720006, 255
-5.303072622733094,6.996810053659022, 255
-5.990951528712394,-0.5632865513289538, 255
-6.6967702811275505,-4.571678721650009, 255
-8.24746482230183,7.8542992807863286, 255
3.725990206509568,-2.1361172391342116, 255
9.358034072109898,8.054795979503645, 255
0.12420673449862818,6.080170714810681, 255
-7.473417271443584,-7.4446963447968955, 255
-8.471375621019195,-9.874614374953696, 255
-3.521640448552777,-2.271942965459961, 255
9.125858811113105,-7.509571931858609, 255
-4.6555558692238375,-1.878235157309394, 255
-5.5833000061259375,1.2909508760678516, 255
6.741603273914908,-1.6916715627262953, 255
-7.746833880106769,-5.343964897571114, 255
6.059116422674876,9.212954622421453, 255
3.3325555316644646,6.999560329391542, 255
-3.9736642516046654,3.0429661918586515, 255
-8.735904891384482,-3.660606551909149, 255
-5.046514646674465,-9.35547321464832, 255
-8.52590995569982,-3.7116130405933445, 255
6.573714649022264,4.541322151766245, 255
-9.009010915186032,-2.9671426011434026, 255
-6.862276700432117,1.5279682740452536, 255
-4.531489941662175,-2.247984663076794, 255
3.53435750115208,-7.783694452693091, 255
5.73951115832255,8.576036501596938, 255
-8.064865823367874,-1.3311583103344908, 255
9.339969765383515,5.767663119901098, 255
9.32187048442114,-7.580188689208908, 255
-9.32114189015049,2.835812444745825, 255
5.487977649248014,1.8312443282950301, 255
5.3904470380534,6.496297535552667, 255
7.659637638576193,-4.589555057197301, 255
-0.057774862036904295,1.8253683807154282, 255
5.055358311648446,-1.2207775451610132, 255
1.3453458986738482,1.6604151560792175, 255
-7.3258384534488314,-0.901054248187469, 255
5.040678166931604,-4.079344302544441, 255
-4.055386611393718,-9.51892846802429, 255
7.095839190153775,6.976658605356807, 255
-7.816510898504099,2.1270515585477376, 255
7.209426921277224,9.535096773564813, 255
3.435193770991603,0.8059564112854432, 255
4.246446294277375,-5.381914386708074, 255
-3.535580038534558,1.4389195599515165, 255
-2.568288842808051,-6.782643118246274, 255
-6.351450636838793,-8.226054001728908, 255
0.9795831165782865,4.25245447163557, 255
0.9760456618453635,-2.084394815464636, 255
-3.2239842177394635,-1.9138251786745961, 255
-1.1031006070304539,3.113968108993719, 255
6.454085023075468,0.1049939937002069, 255
-5.844675512278306,-2.483441060790444, 255
-4.418984868231901,-2.7866356686995575, 255
4.305184082643713,-4.834824461935039, 255
4.04058276021437,7.416073113353022, 255
4.649897858264211,7.1571461314011415, 255
5.022411903960817,-8.504693689940703, 255
1.0468192427673912,-1.5215481701023332, 255
-1.9640376140084363,-2.075963827340881, 255
-9.351293775687196,-7.250436377387848, 255
-4.500477012122448,8.038997150457561, 255
8.53207813935505,8.450081450139429, 255
2.759322500347505,7.659721019756983, 255
-8.367062094129125,-2.6962006015063045, 255
-6.981616823759458,0.17154090643107267, 255
-9.6474486733515,-5.703911664229741, 255
-1.4025934903703892,1.2684111459719851, 255
-0.9696808507390475,0.5229310201448438, 255
-8.167062199472559,-1.5649892699286934, 255
-7.063648680201484,-8.789271506821517, 255
-1.2096698017999525,0.609719083495257, 255
5.632447574749435,0.3110998680204151, 255
9.022985932830853,-8.178056939737996, 255
-6.6976929783391626,0.04928289947507736, 255
-9.218927728557269,-9.196531387196348, 255
9.106140297145465,3.2587061054010658, 255
8.172493311388308,-7.008351342028503, 255
8.640663429235154,-0.08694632514110623, 255
-6.01797788441202,-6.380616264547316, 255
-1.314207848842166,-5.975445819664453, 255
5.300817126674907,-1.3029596913122248, 255
-7.780203069072127,9.916562882437365, 255
-6.448950921099172,0.12434386826117638, 255
-7.075065238863982,-5.3674923971508655, 255
6.781897356380135,4.58456712968734, 255
-6.413443088136692,-0.4366952707587739, 255
-2.960595901102259,-1.900194401264205, 255
-2.656400398692977,-6.889364205344846, 255
-9.996631028550908,4.992183437275186, 255
0.39685001636549977,-0.5732187168333436, 0
3.8027647563261358,0.6457430063323564, 255
3.055753709668929,1.2605083244348787, 255
1.0181881676349818,0.5541216227726959, 255
7.390176746406773,-2.042830634946659, 255
8.52747648249985,-1.7208822508885895, 255
-9.9393403113212,4.034549698293645, 255
7.790597464814873,-0.1385004014235225, 255
-2.162163363904142,9.08376294538704, 255
0.38162874259217894,6.600078281490294, 255
-3.9969700758126,5.983677864761894, 255
6.104984717122651,-3.4413950362883883, 255
7.676385112342373,-3.2716632366015563, 255
-5.638104048615171,5.048399907086235, 255
7.843842136061426,1.3950651494678556, 255
4.46655090389072,-7.736538151065244, 255
-3.798131549980692,-6.049383772337098, 255
-7.731005462432201,0.8736009524558845, 255
0.4744143246776851,-3.534416271683569, 255
2.894097680128363,1.8713650593766022, 255
3.725636530056626,1.8482497177534754, 255
-8.221474612676744,-0.20835546197013066, 255
5.873721821115991,9.352207467906158, 255
3.65643068393236,-5.860928165364525, 255
-6.319584498502351,8.492689504143996, 255
-9.683391911088178,-6.0175352525971455, 255
-2.1977471787603475,-8.894009702248526, 255
4.885802369181931,-0.31844098607887794, 255
9.412118146348199,1.642592400079785, 255
2.3749136607580255,-7.252212298642813, 255
1.5089848666816117,-7.144214648712199, 255
-9.480769849581801,8.495996318914354, 255
4.175525938077275,-0.45045061895018534, 255
5.658233841072979,-4.09074914475436, 255
-9.967352036191645,-5.3615833822253816, 255
-5.641987012033245,9.332506253928404, 255
3.9388174876728677,-2.474892253687515, 255
-7.006383314043152,8.698637029290499, 255
8.900529783228674,2.977347379464428, 255
-0.9901438981000492,3.671759071982608, 255
-7.369729692158016,-4.759419103833606, 255
7.02161977225343,2.267653514564678, 255
-3.2745020373729634,7.274974270350938, 255
9.149440381960009,0.7172760628424157, 255
1.4164092605914664,-1.016476754433091, 255
-4.806025949616952,8.071821375060154, 255
6.192678340244392,-9.237557792795016, 255
0.6640867007271893,-5.997555503317669, 255
-3.356378834460938,1.5519601388881021, 255
7.59053274556851,9.503973263963456, 255
0.3510326228471268,0.5511809110824917, 0
-8.374737316373412,4.091399234143346, 255
7.974672740389522,2.5205376442976757, 255
3.143010324590257,4.3252013386022945, 255
1.6690702638754136,0.47130327199303323, 255
9.94043219024769,-8.09776023565747, 255
-4.231148389747794,0.6438241616321854, 255
-2.826109465207514,-1.4498418298392846, 255
8.037143699434154,-2.014982480910012, 255
-3.5264902688663273,6.54920681251966, 255
-2.6564615487418504,2.007428135048242, 255
-7.518965455229729,-6.073151364561438, 255
8.110864000535297,9.477507951303615, 255
1.1512062158140814,-0.2819345534211912, 255
-0.7653720185383861,-3.349643083660867, 255
5.23075329455027,2.880364538540821, 255
-7.965890254756314,-5.869151822718759, 255
2.077795589419889,-8.21306905852061, 255
-9.262238355450677,6.8051012557119215, 255
-0.48734334023500736,5.000538407986873, 255
5.165271542773816,4.294712118219223, 255
4.144217238596848,5.181434058968396, 255
7.130100763416795,1.9475380112538083, 255
6.1977979456371735,2.467783629777678, 255
3.826267038673752,9.391046448600683, 255
-1.6276863877155616,9.113008912523949, 255
-5.967758795045464,-2.2909422142820723, 255
-2.6425283171337233,0.6379589211494938, 255
-9.560281239006905,-5.007520419221643, 255
-6.59220278248664,-4.828574962780734, 255
-3.576110931023802,-3.5299441074832405, 255
-4.33648728910118,-8.902038920678956, 255
5.5939797497874295,6.260264906011788, 255
-5.151199902926598,3.2536272903224592, 255
0.9885399684418665,7.336229915468863, 255
-8.418334140130504,3.6928536513863044, 255
7.854009081963504,8.01685722136014, 255
-1.932875816424648,8.272750525945685, 255
9.956589756223131,4.432336194726636, 255
9.781551549307633,3.294026464181325, 255
5.681413215160376,-8.676601856864982, 255
-7.255815787126842,-1.345522751839912, 255
-0.30229830099146326,2.36541999560216, 255
-7.878592719114494,-1.51510679453075, 255
0.49101748643901644,-2.132631207794457, 255
7.516654779637662,2.467826310841998, 255
2.7002905843599336,-9.50296730668239, 255
-8.35686159676605,6.1745214522955365, 255
7.006534764965945,-3.514710094746003, 255
7.561039828538473,-9.48255166253868, 255
0.986618440280747,6.2586103726566265, 255
-9.377059674649079,-4.721223691165823, 255
-7.75995547823041,-6.147193816129903, 255
-7.949165583074196,7.28391897314269, 255
-9.357275314199867,0.36744662792745686, 255
-8.33381462830009,2.9362784484958855, 255
-6.494338031487894,2.183518789418727, 255
-8.954752643077025,6.627697021324387, 255
-8.894611071185128,4.699244153828463, 255
-7.819860282522586,3.6461043317570976, 255
1.112566167887179,-3.7778954714324753, 255
-6.371399831095381,9.330458711915629, 255
-0.7697634092280481,0.9891184768852757, 255
6.017947016511059,5.728633701499222, 255
-4.891660013746886,-6.66551779315718, 255
-3.897361701994959,0.23235632030072217, 255
-0.2212032216982056,-1.7545215382124706, 255
3.0333630223314394,-7.988373896981935, 255
-9.600153039950005,-1.9949925165020588, 255
7.725298609834187,5.803866410764682, 255
5.88325345284602,-5.538133236250067, 255
-3.1138610736606687,-3.602553415744591, 255
5.093137318204439,9.311115635598867, 255
3.5571376522251192,9.387053874153104, 255
-1.151458668962693,4.466632255958913, 255
-2.4255762377804064,-6.218089408939265, 255
-0.26563123126078025,-3.2573497485199727, 255
-3.5231907187699836,3.345865831100072, 255
-8.808690855350097,4.711413059971491, 255
3.5630409698900944,-3.2488346746309666, 255
-9.029628173459399,3.924957023970146, 255
-2.179748825027601,-4.066554855537088, 255
-2.8116134438044877,-8.735193836173817, 255
0.18339410244618115,9.188251358312524, 255
3.8002005581368987,-1.028912420526849, 255
5.808049117413809,1.9396313617219434, 255
-7.086382572593579,-1.0354825409520991, 255
-1.5276455530349828,6.561849478688909, 255
5.547950748028018,0.12994670829195343, 255
8.183227056911143,-3.4285864517103164, 255
9.082724625026142,-1.3571701669563385, 255
-0.8693440957876408,2.6699969567815725, 255
-3.9236573617797577,-9.733181466456262, 255
0.10229326008704831,2.0267704722333413, 255
6.1647015374202105,-1.2315312044623372, 255
1.4777312134469334,9.815226882513528, 255
-6.094639422216828,4.669799145423211, 255
0.1858203594178427,9.56683228190618, 255
-6.5782463553014665,7.340765123068941, 255
-4.57856091096094,9.006277466582162, 255
7.3216912820957205,1.8323663817694715, 255
6.4186887668984305,-8.51607450618748, 255
9.458851025175605,7.942984428814054, 255
-7.33579926445338,-4.994249566288902, 255
-9.525705405591186,-7.626613133617644, 255
-3.6535111304390337,8.22219414781824, 255
2.2098188674999584,-4.257321925762339, 255
6.320130880203337,1.2330516656848935, 255
-6.319031602731828,-2.4724200173173667, 255
-3.5522285724132026,9.739004403263941, 255
-8.894766498533604,4.045528993975797, 255
-3.023858664055461,0.836050690770163, 255
6.8823731324366015,6.75622677593471, 255
7.290988853353401,2.590865857588584, 255
3.829968466684811,9.428924716995919, 255
-3.770984594936177,-7.004489793370697, 255
0.11439332017199177,8.038862413225782, 255
-1.1216431549859802,1.830008269878034, 255
2.4803774889064343,-0.19782283019111802, 255
-4.341281060193682,7.201913074380187, 255
-0.5712798511771826,0.2359719999455976, 0
6.736613120383247,3.5832176876179496, 255
0.9028769947045134,-6.619446136994491, 255
-4.27028986646339,8.85425739973288, 255
4.675133307190082,3.2450171873358524, 255
7.454290288637139,-0.33118453003959836, 255
-8.887094020904641,-3.7522741267690307, 255
-9.123643754998543,3.107644440589789, 255
-0.43066638747685815,4.6033065874852745, 255
2.445357903016488,8.844284849525046, 255
-3.5528390449879605,2.4883848729041063, 255
-0.5339714693079145,5.205649879330949, 255
7.691506039503338,-5.9714496215565465, 255
5.05620929100623,-6.976834774357186, 255
1.0956056662212266,8.222950039497697, 255
0.0886739075162204,7.799836786963983, 255
7.589210276349348,3.657505790759025, 255
4.0346193200430225,-2.4616389698743735, 255
6.332161362985694,-7.037982913767101, 255
6.1476932952995895,-7.77138912301794, 255
0.8946867190571606,5.002294166456478, 255
1.7116413691047399,6.783901395552306, 255
4.8167983714808535,-4.554080960414845, 255
-3.57441605637878,3.6299692619403956, 255
-8.858658120826702,-4.551650999461443, 255
-7.598867804976339,6.926641645237673, 255
6.277473124080853,-5.423587396469804, 255
9.726158680351492,4.826771129335183, 255
4.326895097718024,-6.857052061644124, 255
6.904266805999345,-1.4618702628847302, 255
9.037103164106203,-4.197823435918191, 255
-1.2968351288056148,0.43063100144348887, 255
8.252691899668548,6.028514011971339, 255
9.678338835369125,9.957710914522718, 255
4.365578633343876,9.121456720443067, 255
4.941223418235708,3.271207340139439, 255
-2.376854382609002,-4.724512763217592, 255
9.991202809893704,-6.8029313443703865, 255
-4.51652400742673,9.46813577746881, 255
0.11079195319064183,5.9832180844466585, 255
3.654005963387652,-9.828925948413069, 255
-9.101590611797691,-1.145090488542067, 255
9.78791228509785,-5.60031880861491, 255
8.416727984443845,-8.106226275239084, 255
9.095928057878343,-2.759100546100573, 255
-6.823912889827866,-8.625496108847933, 255
-0.6844193911000147,-0.07366107137802302, 0
-1.4348083875409472,0.7478451691682579, 255
7.7622869967420165,3.3007074580337417, 255
6.273789529990946,-7.055246158877719, 255
1.3213865541807657,-2.608592162917496, 255
-3.8354474957012368,8.247964365572138, 255
-1.0112716998852278,-5.769378468833306, 255
-6.464680225066088,0.148567727759497, 255
2.627353819017433,9.931746773218013, 255
-4.718043552024325,-0.6843784747890229, 255
9.014368283795715,-0.07370077095662175, 255
-8.24894743632959,-8.538340121728268, 255
-4.133695831626854,-8.384759964381063, 255
-6.678254146099432,4.680514187503853, 255
0.021407482904809427,-8.9964511999161, 255
-1.1295131995223446,-4.117044595938834, 255
-7.018642748606823,6.734134238718589, 255
2.8564621827246484,6.538943584535996, 255
-9.591212892502712,-0.27882569070881225, 255
5.054162149491477,-8.438964687822539, 255
-7.976356656769608,-0.10882812577622047, 255
-1.29499151125259,-4.95956695940812, 255
9.771989737918773,9.766294581898485, 255
6.988018668115451,-5.122153802250329, 255
-1.977574358786347,7.046214141438934, 255
0.7985024046233633,3.0317670614585417, 255
8.687398849732514,-0.972219193717649, 255
-9.026359136546125,-3.1065066370389065, 255
6.753066115659351,-6.745250338409385, 255
1.6856914832926666,2.3130389024330746, 255
-1.3664861582789651,-6.4246875979355185, 255
-7.43880633466278,-6.562927875750326, 255
-0.11088210535156229,-0.9771000047602918, 0
-9.211068965864937,5.3017468064313, 255
-7.393836747027507,3.132782863676857, 255
9.88803663894248,0.3035129208849412, 255
6.741616254906589,9.909778990149118, 255
2.8077865620454645,0.4942372096036767, 255
-5.6351500365222895,5.4812903180847865, 255
1.4277822524242634,-9.233631543690056, 255
-6.878160665552818,4.646889263367228, 255
-0.11021491500740765,6.72088917566132, 255
0.14004724558543913,-9.468382406615481, 255
3.5296615762025745,-5.103973622976721, 255
7.986812967192311,-2.2412934729000877, 255
-4.123410829319003,-2.04342909254029, 255
9.537302287024975,-2.291543451003326, 255
9.700151758203472,-6.577968573935595, 255
-9.039983531094837,5.75553835537028, 255
-8.309801246916606,5.884767928886186, 255
-1.2813686734290446,-9.698531012495797, 255
0.7706746979964212,5.275722738647691, 255
-5.2613157412685,-7.6555357520778315, 255
7.945607184983533,7.8501572361359635, 255
9.013937719627506,7.148430211122129, 255
4.979875214526878,1.2244186372756882, 255
-9.725195160132344,4.9875185170291445, 255
-0.5659550083751075,5.557736165518609, 255
9.614089046670703,-4.985267140681724, 255
-0.3439766158567199,8.320506130923505, 255
0.27850726768217626,1.5809930884766903, 255
1.5574194502479095,6.9266203420940045, 255
1.1279551546030433,-6.043347741172873, 255
2.337002913734505,-2.690996433036233, 255
-1.3260333776517523,-3.4865260054560903, 255
-0.5237873488886251,7.067422331419216, 255
-5.380356543693738,4.709532896628019, 255
-7.007113714437356,-7.751722068335949, 255
-3.5301651568685273,5.606125180215484, 255
9.542693359415004,-3.616830995667673, 255
6.746369300905673,6.501777588450516, 255
-3.9529271461168625,3.338900441357316, 255
6.912257663049811,4.432544479505115, 255
-1.905583136031698,4.078397008623455, 255
-5.835654659595821,-7.648040438816103, 255
0.2592500564528617,-5.065190803552131, 255
-4.523566426533936,-7.670505185905627, 255
-1.6564420916288736,-5.993774540763448, 255
-1.9199268197100992,-4.410121758711014, 255
-6.931311174981676,7.503502444693645, 255
-4.05943997859568,-6.402202947021303, 255
6.26869252543629,0.7373217533250553, 255
-2.6601875860496493,2.0022398534091366, 255
6.437020966822413,-5.566143791975186, 255
1.3267986196914556,-4.334774542344968, 255
7.709314287709628,-6.1925741762154445, 255
-8.55659161275783,-9.975947449298673, 255
3.358182712868725,-0.7412879904144667, 255
0.9812769673798307,-4.46508942813484, 255
0.8217462513372382,-7.362328811980701, 255
-6.595836014122938,-0.9311828301935687, 255
-1.1242245135663715,-9.265534091851219, 255
6.331037520877128,0.7703486237765134, 255
7.784568734369483,-9.904463257956733, 255
-0.03524686442415437,-7.233477076973543, 255
4.960504979342433,-1.920950505040576, 255
7.276708806656352,6.298235136747476, 255
-1.86130541284302,7.929549736906253, 255
-5.074760860571887,7.75959470622, 255
1.9602608139245774,-6.047423190188428, 255
-1.3011697609270279,-5.578716215600428, 255
-5.912456997977344,-1.391099843374704, 255
4.476604864386784,1.3066745842321392, 255
1.9735958017929018,-2.1564994271245608, 255
-0.4067643361229063,6.521020826651192, 255
-8.627889460171538,-3.8047208125427083, 255
-2.6389080723323355,-7.621139464458906, 255
-3.117384416429787,4.172842938163495, 255
-6.636558199089033,2.811532844509763, 255
-6.568992173036965,1.321533632057161, 255
-9.03694175990209,8.615738259111346, 255
-4.102584872770841,-0.7794997201416649, 255
-0.10844186430769298,-8.13958694784908, 255
-6.040004087211372,2.386120743776665, 255
-8.510516540692311,-2.4469330871048083, 255
4.695391927118525,0.48163362071472093, 255
4.480387206386487,-6.321516029612688, 255
8.957872805469993,7.669260633258762, 255
-6.551914682248141,-0.041938624949317216, 255
-6.36627582179208,8.50725700147223, 255
7.900132049870866,-3.114909600529268, 255
-6.844451175479551,6.6578265879586525, 255
-0.5258507165926307,4.063633434007519, 255
1.7394722125380504,-0.38893015122425645, 255
-3.6844087295604178,-7.738085532094619, 255
-0.6514864961150639,5.2447441220038655, 255
1.4445606683843728,2.8192493183966576, 255
-1.7498440613855877,-3.0563337235893666, 255
-9.662765950785023,0.6920845000806786, 255
0.7550656559000899,3.7388801796387092, 255
9.755754423152109,-5.731750860773969, 255
-9.16326114504506,4.8803019358675535, 255
-5.690452682918661,0.5392234540596554, 255
8.573876402580556,-2.8152260019996467, 255
-0.7270237388214245,4.5402351871507705, 255
-1.0966139394366277,7.220121594551674, 255
7.96873404257942,6.219895455323368, 255
-9.87493716711166,-7.5703690688505265, 255
4.517097704492217,3.034405434941265, 255
3.5539931320604943,5.559262316450804, 255
-6.065618072476995,9.567397766152503, 255
3.7954105047028737,-7.034138966835717, 255
4.892808162386675,8.10424515308221, 255
-4.688953730034562,-3.3934064574651135, 255
8.486708482603081,-8.215721597165038, 255
-3.054363622904452,2.794669860148515, 255
-8.757030334361298,9.477969115300397, 255
-9.939406804601399,-4.801887858809398, 255
-5.987566860208644,-3.9620309135640515, 255
-1.6462361155011624,-8.687740758042711, 255
-2.1749363457298676,0.03919580741851192, 255
-4.207413174019024,-4.128512286858543, 255
-2.534082116349577,-4.1158312973084055, 255
-7.146840361503955,8.178877015247988, 255
-9.736833029950137,7.469552071248849, 255
-4.519307563764259,-8.781639949907351, 255
-6.129475544487759,-5.657218324716671, 255
-2.0069509382042057,-1.6615676379008306, 255
7.812081271507264,-5.420782926361771, 255
6.891594764817214,4.293154515642941, 255
3.502919747893296,-0.2307514748685069, 255
-2.6279325045859885,-3.806815014487168, 255
-0.6423415377581616,-1.0818980748275653, 255
-1.5530777821252055,-6.08218555905816, 255
1.18389091457734,-9.396322290377384, 255
4.987677517166569,-8.362874087345723, 255
-5.489368567012893,7.991569021506713, 255
-0.36737856815016023,5.806561756680981, 255
2.8131125538516493,-5.7478751615941786, 255
8.84291569946502,3.3430287052177583, 255
2.636482005087199,-3.1501988663317686, 255
6.844070858950168,1.06341674654095, 255
7.16360437323852,4.299125073518743, 255
9.9559743203544,-4.5332846861293286, 255
-0.8004070422197422,-0.8336563468767988, 255
-6.244817323626137,-6.516251733036789, 255
0.8158328090406357,8.953543053435034, 255
7.61488894671756,6.324375011953226, 255
2.6049215266682637,1.9395902315300901, 255
-2.114109134391267,0.9591948970512512, 255
9.951363216412656,-3.4041935161403387, 255
1.758257274537609,-8.689094308863183, 255
-8.43110442362253,5.69327051234335, 255
-8.173503635485265,9.823980477411627, 255
8.678124703917987,-4.947485782289423, 255
4.97406896158199,2.9021206776669644, 255
2.349823551977142,-1.320190300352733, 255
0.19626795736888702,-5.211435498959968, 255
6.4978982334939985,7.722118458827268, 255
-0.6155566846955551,0.9977676695716102, 255
-9.424370776464617,-8.820392267906529, 255
4.7233908453944,6.816301583978213, 255
6.292083857206276,9.277906423413565, 255
-9.949279404598084,7.622201783103119, 255
6.470373802463101,8.454591865197607, 255
-9.518880768336492,-6.062488773674892, 255
-9.407407883498689,9.130886239878162, 255
5.006463505765845,-8.893946928282608, 255
-2.8159576138494247,4.2993759778060525, 255
7.828954747958228,4.886613815092746, 255
0.790475906718278,-6.903524214954162, 255
9.971819958992747,-6.850026504596627, 255
5.211752949355429,9.994047940541375, 255
9.607034093064573,2.4271974109406607, 255
8.582407362145414,4.166223309939918, 255
-9.391322957309951,4.744238243498151, 255
4.920247323968283,7.395134340444237, 255
-8.241477206745738,8.278081013332589, 255
-6.76115136324694,6.359938821291905, 255
6.67393430657215,2.432337393095274, 255
-1.9035418874586867,2.033807178604958, 255
2.182468737343333,-7.846054751831404, 255
8.828976159499874,9.00897534086537, 255
1.8039070052450938,-2.1170758259976763, 255
-1.6180212751390393,9.511681141894861, 255
-2.774845575023659,2.2099844641593247, 255
2.243430879953678,-4.923771275595666, 255
2.6590681974413783,9.414517334718973, 255
5.315238129258725,-5.9134871046476984, 255
3.552782298821919,9.650381002668038, 255
-0.17194051282687184,-2.4133249087589697, 255
-6.442551973631825,9.384394617509283, 255
1.1161979175809993,-2.113594052138181, 255
2.1696748837302025,1.8688962756986385, 255
9.917863058744064,9.010637483377224, 255
4.131407433575454,9.793516117741866, 255
2.785744389230196,2.6874373533339906, 255
-2.250285794694314,-0.487336049643492, 255
1.8183576839793432,-6.2272276919075615, 255
-2.529294577392913,3.8750491922721366, 255
-4.42543384326096,5.022058540831004, 255
-0.5712384061110498,-3.9692765131606595, 255
-6.8042351242756265,-6.370710509068232, 255
-0.4393633030751545,7.267007530419246, 255
3.440807515192221,-8.71066028022182, 255
-0.5633025283099418,-7.115185450329338, 255
2.759735491163063,-3.7682841008499413, 255
9.694657183049806,-6.966149752362288, 255
0.0983068962797482,-0.5372634467281898, 0
5.405181434825712,7.412833474898651, 255
0.4982505405184092,-3.688183552510944, 255
-5.59067444573482,-1.5629353313188528, 255
3.941774670993718,3.5106087821888554, 255
6.6197704801588415,-3.768907809300776, 255
6.289147345002391,-5.118180762942224, 255
-3.037084074438754,6.341106345903238, 255
9.094372203071647,-5.040667429834591, 255
6.635523952249617,-0.8254226387019958, 255
-5.6688774383795915,6.111575237312856, 255
-9.779086636082631,3.7032801138887255, 255
8.959816566033044,7.838800354606331, 255
-4.816762233075227,5.179746947854634, 255
-8.23398574862418,-6.236760228885359, 255
-8.52222025514573,3.1810643008245627, 255
-8.808431556140665,-0.8727617111851274, 255
9.851076435269405,5.027835090898151, 255
7.324130036606832,0.32869474191834414, 255
7.662555770372826,-9.048738420097195, 255
-7.661555802542377,-4.707357454891479, 255
-5.279276020017745,-4.724209582098875, 255
-3.885898381719506,3.38794929353665, 255
5.646327002493869,-9.274520519795999, 255
-5.993796034879814,3.290963994674712, 255
6.566474181436611,-1.8108095774852195, 255
-1.223327334617446,-0.027849416510656866, 255
9.854520036869811,3.824200493272322, 255
-9.676316025299261,-5.768945074806144, 255
2.0357004008841493,-1.8635820724687093, 255
1.235344372648683,-9.111584076748118, 255
4.8061676377578095,1.7440864253394892, 255
8.657779017781358,-4.840695901818015, 255
3.432513288216752,5.397900476111028, 255
0.07321648416303717,1.7587456479943455, 255
6.2463596996902595,-3.963220987604248, 255
4.36591166912644,-1.6247093073935748, 255
2.7659710588806377,-6.496979991567806, 255
1.0995863527000242,1.7858765672404324, 255
-6.837896101855967,-1.8366775508267459, 255
8.580981663580353,-0.023606631647687948, 255
-7.963865465357117,-3.407224641581603, 255
7.470843927435002,5.320702230525766, 255
-0.10368356741085094,0.6968129978243773, 0
1.233247548064508,0.6613278142442685, 255
3.7916612343022766,-5.629410989737178, 255
9.777669661519198,-8.223283252902174, 255
7.075771129848192,-9.034598518033176, 255
1.0019517613464206,3.606429930438864, 255
2.633191216601956,-4.983644387111115, 255
-5.2597699922237195,8.400503399000414, 255
-1.499213669179536,-4.565646806623231, 255
-5.1518152520665765,-1.2549258722647103, 255
1.7374864924888094,-9.602051495670594, 255
3.5578315583125413,-4.56976699977931, 255
-7.05727888685888,0.8653669817847582, 255
-3.6142618086999256,8.530741393422126, 255
9.463592647238844,-8.001619049281302, 255
8.609625387049185,-5.9282979971058065, 255
5.691262571743774,0.5923861400753232, 255
3.0805860096626443,-6.321021917683492, 255
0.5565264376715984,-5.4359249916566, 255
2.8216505719334783,2.585811177107402, 255
-9.202270701807109,9.23619355829302, 255
-1.4053767911428654,4.6904883483756485, 255
0.47018627340515984,-2.6944059494742367, 255
-5.842492705869471,9.980189931883736, 255
-6.8991373018697,7.36424483492701, 255
3.088042736646031,1.20693855677251, 255
-4.3932627798178014,-3.1730976293267616, 255
-7.2190007455318845,0.5034704261773086, 255
-0.9267958433441414,-7.718674395463161, 255
2.8233129847281475,4.35879732334012, 255
0.532713669023483,-5.967269789450573, 255
-3.265625214162866,4.17272434083902, 255
-2.7011391146396573,0.8126038732299392, 255
3.2431850993658493,5.6665080109142565, 255
1.5898514124498124,-2.0537439016054577, 255
-7.2313626904377255,-1.9524719761136353, 255
-2.9366498114650508,7.955122172711221, 255
-4.810730149865508,-1.2583274083699987, 255
-5.982929226209133,6.897775675505478, 255
3.4825892106268093,-5.991227229583862, 255
8.964728917830286,-1.3544968458764846, 255
-7.680813971138301,9.927157302051256, 255
-0.3606120699083917,-2.9794837678801827, 255
-1.7962964814188496,4.716690446552242, 255
0.527173617878244,-7.6024152653870924, 255
-9.77580619349366,-3.9969257496998427, 255
5.432184630524379,7.7264816350893355, 255
-3.0906540764307344,3.914045502566818, 255
-1.7570583860276905,3.286409491509719, 255
0.22848600039665534,1.0918420916933318, 255
-0.3573386530027971,4.209049572066023, 255
2.442121296798849,-4.36330039978537, 255
-9.786338006486385,4.124563421249912, 255
-0.6796259734629899,1.9280685314503785, 255
4.067450669198685,8.871958532570684, 255
6.191978277436988,-2.73411692348607, 255
1.4518591702229156,1.6874460750518931, 255
3.0985399950851757,7.734538662785255, 255
-1.5140610401206178,-2.5112409861682146, 255
7.1611522625030375,7.779644089771004, 255
2.392866718903207,7.35754000848242, 255
1.0787242615602892,9.057483830240926, 255
-6.021947321963044,-8.445501694735952, 255
3.4295183989285345,7.890964385956188, 255
-6.881675914360576,9.946647908738768, 255
-7.470844019345108,6.102882706051588, 255
3.138555325375524,-7.453153561062424, 255
-6.918743249572352,-1.7318618793822047, 255
-5.21703897418309,-5.081092174054048, 255
-7.886789612395053,-0.39513913739948237, 255
7.732964890338362,8.2551657259434, 255
-6.173898808035596,8.83775386161862, 255
-3.217646627965049,-1.62301025175746, 255
7.89107786391952,-4.848627784080244, 255
-5.103268877087299,3.6410934825171974, 255
-8.208128611907984,-0.9486960591232005, 255
-6.042630168655414,-2.51952022130941, 255
-0.03678337721621183,-0.3070514296764628, 0
-8.400429338599293,2.5625147218646642, 255
6.292922687473677,2.41982564827768, 255
6.139414085700427,-5.287356345383573, 255
7.924222515654112,-0.9680518210644671, 255
1.1053287025798717,-9.228424753155139, 255
-1.2846079897373741,-8.05033881940803, 255
8.784760408040476,1.2468689761731007, 255
-4.260238566043498,-3.2637881127921364, 255
9.163035434734866,2.0063768073352772, 255
-7.884635402337638,-8.408619827287056, 255
9.010043202809406,-8.732955078370267, 255
-4.574162085296869,-6.1422316419619305, 255
7.542974150283587,-0.14467103444869522, 255
-3.3302711439459953,-1.462689212860365, 255
4.986527600522555,8.304395127568586, 255
-4.544058790613342,-8.20430022603391, 255
1.491823216405038,1.5023904005726259, 255
-0.2952722198834241,-1.8751935471890349, 255
1.6320857343620592,2.436882697074811, 255
2.1769978488056196,-9.170098746192588, 255
4.895611337188434,-3.7265132501684484, 255
-3.849931056535974,-5.588238996294677, 255
-8.891686230473088,-9.098821755654246, 255
0.8680835423088062,-4.013386132053807, 255
-7.088061115351607,-6.318839517549401, 255
1.0264848990953173,7.1929465316824945, 255
-8.298727520101233,9.668146139262685, 255
-4.024860341666945,-6.680207251059922, 255
3.0299949919619333,-1.4068278478149985, 255
4.850339933058192,1.588692419516578, 255
5.399683936793799,-9.545129573850776, 255
-4.408369779264079,7.704607006509072, 255
-5.794420521698691,-2.6972687086415554, 255
-0.06404713082287472,9.261755792350158, 255
7.339437900846143,-1.6573803583716682, 255
-8.701805305072286,-3.448917450011491, 255
-8.761283773325513,3.8931819662922713, 255
-9.400167770293313,-1.9772084846875178, 255
-3.966973238105174,4.818682501788665, 255
-0.17491891429362383,2.1099831197691756, 255
-9.8765301929731,4.79359464936168, 255
6.639556137342463,2.661540606326314, 255
0.23914694437324613,-2.0961199251098, 255
-2.513248963913714,0.20731669287143717, 255
3.5890416859081427,-1.579988421699932, 255
-3.0355519773614787,6.3876098337435465, 255
3.0837492145789085,4.526864368708701, 255
-1.1159377223245475,-5.504448230952388, 255
-2.859258219144638,-8.7024531860459, 255
1.9584077014586185,1.6454159793802319, 255
-0.9324929277081857,-5.279482896608858, 255
-1.9486808993243123,-8.870527799823106, 255
-5.197449355535286,1.7279628579527184, 255
-2.5171908143954465,6.544994038446113, 255
-2.9815040762455975,-6.848300860322263, 255
3.023777073586487,5.462296427495577, 255
-9.291496008089332,-6.352434104891609, 255
-4.7378560909152645,1.4845830983735837, 255
-2.2000815149859836,7.2373515687493, 255
0.29352310459831443,-0.49611641483887325, 0
-9.985733501366788,5.800930695225704, 255
-4.313915227111195,6.307215642917349, 255
-2.0212126397094865,5.637216474082134, 255
5.168626858385302,1.369815812345081, 255
4.267193865210714,4.631128452230115, 255
-1.4575088679672081,-5.325807593315299, 255
4.378190558859295,-3.0323738848028547, 255
-1.2692405122049166,5.908126421259981, 255
-1.259001006185727,-9.492064032959233, 255
4.307701340708459,3.6885516161418774, 255
4.909081785107057,6.280537313042267, 255
-9.166638303477932,-7.56161887542901, 255
0.5393826628278333,5.20187833608999, 255
-9.424599883071103,3.673188111227132, 255
-3.0428127412570127,-3.3117949224401517, 255
-9.361925160217805,9.43816514057772, 255
1.199958991840921,9.94517814077092, 255
-8.926151852313055,8.170695185343863, 255
4.0764904888272735,-1.1262935461491885, 255
-9.856851672311151,-9.1743232893046, 255
2.9604616017086567,-9.483042453363623, 255
-8.250892502921856,9.588212259227525, 255
2.8506689742348517,7.160521466981482, 255
4.919467270949983,-8.431615325240207, 255
2.51686974767248,9.454653759840099, 255
-4.308780581370144,4.929598258844139, 255
5.392889299092612,-9.752181870652617, 255
-0.5194578639574168,5.944494794078018, 255
4.521451744050001,2.788258495882239, 255
-4.678561380584016,3.136980253365669, 255
8.976274826421104,8.631114773311854, 255
6.22585953307744,6.3678102055402945, 255
-8.016513412949745,-0.009421869331035282, 255
-6.87156701284006,-6.038265799089462, 255
2.492739583382498,-2.951004320581321, 255
9.731943204260855,8.61676298416669, 255
-6.0352016541228215,8.08665623546823, 255
1.6323067724971985,6.880476641270427, 255
4.273914617525946,3.785137013018133, 255
-4.81577007188471,2.911320543922786, 255
7.8232317318987725,-1.5049914572981589, 255
-1.911388914078744,-0.5580394968938016, 255
-1.7043972483614418,-4.988726021867842, 255
9.676718461574048,0.15645901991598876, 255
4.7524451061107165,5.027306760564446, 255
8.396227269145047,-6.469331803610132, 255
9.978174496019786,9.263421300396605, 255
3.22345157795154,2.851435594659657, 255
7.717847452501104,-2.336591785998099, 255
-1.81858671269773,0.03375334334053548, 255
0.9103961849894091,2.426462879071547, 255
9.675638776011695,-8.358439708147195, 255
-1.6228636509652432,9.54691300859604, 255
-7.112984743922617,4.669706736412671, 255
-1.5160982645909549,-4.854480186576042, 255
2.944454883437439,3.412037196287187, 255
5.400308007148595,-0.5286776602237637, 255
-2.595161764194729,4.726265803174975, 255
-9.982461578705868,-3.762959357933207, 255
-2.318333990648078,2.981489924917833, 255
7.826490409458284,4.011831244854713, 255
-2.6603760180663034,5.017364933294935, 255
7.854536080311902,3.3900027560471013, 255
-6.36409199382541,-9.128560712721585, 255
6.736397718123694,-8.303499739589903, 255
5.804240378218147,-8.265047329990905, 255
-5.928600655672753,-9.382842634022863, 255
-6.099746317868027,7.680738841057913, 255
1.2896709268778501,-2.1036398829879355, 255
-4.996182248524694,-7.724760143017717, 255
-3.9643018996647577,6.905420532571618, 255
5.883195911149652,-8.301341805328008, 255
4.240236179153216,-6.803250069626801, 255
-4.570016543215443,-5.211247062613666, 255
1.8465296668716427,7.069354346550448, 255
-8.810016028103886,7.547466395664323, 255
-5.712368942121177,5.495246154056286, 255
-9.03923082647877,1.4316386017382836, 255
0.6641110994515103,-5.958447070466422, 255
0.1822747124955022,4.830255840865149, 255
-4.432377397281226,-8.618667020981478, 255
-4.1864075504823735,-9.002021557264468, 255
0.5214495268705814,-9.684331416796981, 255
-4.913727215227932,3.286843727179585, 255
-2.615446719979797,6.747270304387019, 255
1.6548968348997626,-0.2824166495240181, 255
-8.953977804887705,9.159643159322528, 255
-3.1121822371567447,-8.317549410132868, 255
2.116288844269329,-4.177147143436953, 255
1.1318054160902875,2.952703917177466, 255
-2.2462274352866984,8.318960156071707, 255
-6.158423629192726,-2.7207247417103257, 255
8.278369255336624,-7.0534490120813365, 255
3.5999514930085468,-5.800338154557981, 255
5.232238797959301,0.37705181994107306, 255
5.9847334645103665,-3.9021086692905804, 255
8.851934837468672,-4.128827743105954, 255
8.636602875539491,0.7797634675149148, 255
1.9803373213931366,-3.279127650177669, 255
6.330767583227612,1.8039116590554194, 255
4.148419918282208,7.6005436289169594, 255
-3.4302456824800203,-1.610989951733977, 255
-6.3158879746710195,0.29145186309131077, 255
-1.5633814572436044,9.786049813651534, 255
7.130161398833277,-6.275262130354555, 255
9.541871078275651,1.3506519900326541, 255
-8.240542126373644,9.191744382667075, 255
1.2058576578159919,-4.7448806811102395, 255
5.769017541090664,-7.229936133335504, 255
5.8668311532873485,-0.948574526299506, 255
-2.7981415943509074,-2.819584024025774, 255
1.9571911334635779,4.616264902055601, 255
4.937288389366623,-7.723818825944706, 255
-8.02937362212083,5.753126998641562, 255
-6.289326790389238,-5.553950883587047, 255
-4.073627583086967,-1.5845449007992904, 255
5.125707201025563,5.545716500931741, 255
-0.5752889740809053,2.8946944676110924, 255
1.846102722338351,4.603019299139682, 255
8.40318474670502,9.920486507660296, 255
-3.592113462444768,-0.7146488219519291, 255
5.987269000453626,1.8534713354270664, 255
5.116642817136805,1.3098941773524668, 255
8.927373702284722,4.325945339088637, 255
-0.99145088520131,1.2286644122028747, 255
1.5898109611290323,9.028450893937364, 255
5.645044338262487,9.87265129327946, 255
2.3171034538982997,-9.703725095920051, 255
7.700031234698809,0.4208940403792809, 255
-8.311741791191254,2.4724799584798607, 255
-1.3697101694158498,-9.471933890962188, 255
9.73091035341383,5.771483717627202, 255
0.6465024262713914,8.537010769567686, 255
1.9115796564356167,7.131759106845607, 255
-1.810910219730637,0.30841308696471437, 255
6.442123657876589,-7.947310104586299, 255
4.611979902371122,-1.1002671157262256, 255
-1.1997995227122598,0.5346861168961219, 255
7.829180182889754,-4.331831631161281, 255
-1.3267266426998088,8.600448901005208, 255
3.50944111667407,-6.144858828047104, 255
9.337003439726477,5.2157119296662735, 255
0.03233077438362386,7.310486563950157, 255
-1.3206602416770856,0.7804003544298528, 255
-7.767203499573387,3.70928135881198, 255
-7.985236376407519,-0.5429409757702341, 255
-4.317897654347897,-5.9280150620321574, 255
0.11839542016382332,-4.74393034441465, 255
-0.5684865385162006,9.684540488277417, 255
-3.1478505753880492,-3.523663052690658, 255
8.886904188582147,-7.086294146410291, 255
-0.2782608872128911,-6.377937206568836, 255
-9.109675808778777,-8.379116020257076, 255
-0.044392952636302496,-9.12224024469763, 255
-8.086566112026068,-1.223617037059114, 255
-2.0705982530041434,-4.039816683642449, 255
-3.4684921500988146,9.562113773199759, 255
-2.6244370853319836,1.491119050140835, 255
9.085304586955026,9.240024591232178, 255
-2.810972305790811,-8.404552236262578, 255
3.5618400876441214,-5.291178555579618, 255
-6.382234951099872,-9.924220182054349, 255
-9.313967306965917,-3.6369589612382764, 255
9.53730326005629,0.9832240612650835, 255
7.750997861642567,-8.169494384736593, 255
9.093517304707568,-9.979651674887046, 255
-7.115117562597026,-1.073545543078236, 255
-2.83492138882081,5.222324958414177, 255
-5.923083723489507,0.04406536129323335, 255
-4.5332754564916105,-2.4276175572013052, 255
6.493344636267302,2.882996718674251, 255
-8.51858424369603,7.259396766255652, 255
-3.7894124697856597,-2.9877962729884704, 255
9.84261211763313,-1.5789176008335648, 255
8.025714352176678,-6.318526598639986, 255
3.3698661349049814,1.203462967853815, 255
9.287260695511435,9.80438637322781, 255
-6.372089082369907,-7.474805815081648, 255
-6.996750338370736,-2.3054578883134758, 255
4.84064696111427,7.717993273321969, 255
-5.449391756555841,5.152468536508131, 255
9.63533432742263,-2.2471268997060996, 255
-1.047424813806284,-2.2793004104026426, 255
-1.396115218040313,-1.9368374197404208, 255
-6.58852921528154,-1.1909081823192764, 255
8.18457781720997,2.4037458553127973, 255
1.6662040869824466,9.745081578915311, 255
-6.781088016832055,9.893386150753834, 255
2.959527915554096,-9.535200956667534, 255
3.4263060210797374,4.21359806502554, 255
-1.5809086953331093,4.704293384000074, 255
2.99283613821542,5.497771730919826, 255
5.865420761878896,8.997311107001355, 255
8.402056723338507,-9.714036257946223, 255
-2.6267091654088066,-6.300650783187005, 255
0.7909286276839911,9.42329645629496, 255
-2.27535889837082,-4.4332889369837165, 255
2.946865048498326,6.731531270815179, 255
-1.212997375752927,-5.426462187203547, 255
-3.52755764656899,4.463113940698857, 255
4.80556231002414,-8.630621097328707, 255
8.680135662566279,-4.82793542053037, 255
-1.4343142182769277,-2.170164336189366, 255
4.457740585139444,-7.712024321769335, 255
3.9721177032486192,-1.6840120358656918, 255
-4.635776083664826,-3.512614964722534, 255
-3.805618923532988,-1.9178147628350004, 255
-4.724843043271749,8.24461278206536, 255
6.052188645503524,4.313061147053361, 255
-8.463723700708801,2.5522047326584048, 255
-2.6703756700693004,-1.1148596268227529, 255
-4.466970790165292,-7.626629099732631, 255
-7.57131998855084,9.127585586536483, 255
0.7888565213019412,0.4334684389966359, 0
-5.38025629162737,2.6642635664323056, 255
7.910904222443584,-5.214904409557645, 255
4.795508449888757,-4.108507630663018, 255
-1.1126900226839744,-2.132646023162767, 255
-9.885439099214752,-9.293666622935508, 255
9.872804095921932,3.338192816279829, 255
6.324490405635842,-0.626493645201025, 255
-2.0922076056029493,4.099419201158497, 255
3.937881196185394,5.972982652298096, 255
0.9495191387896096,9.074145747909714, 255
-5.972349059869961,-1.7863509052370468, 255
-3.977051699840482,5.702838431074937, 255
-3.4179382104134355,6.610017751273286, 255
4.611804218618822,-7.6938144844838146, 255
2.9439005034742536,0.011826070472686467, 255
9.792354324051171,-7.743569518840814, 255
5.009275653679614,-5.061348030013955, 255
1.5688888909450895,-2.3078131576894183, 255
5.932511874083584,9.257345795719353, 255
-1.994243564383595,4.036822833190559, 255
4.863517957821724,6.907318628355007, 255
-6.331650996585109,7.66761025356724, 255
5.747755177482215,-8.769490328582712, 255
0.9751271284493601,-0.25284122342183935, 255
-3.4668268819606096,0.09096697706698897, 255
2.130999407654844,3.919182687908176, 255
-1.786134815723619,1.6814565548050098, 255
-6.5876745870990465,-5.298949489020092, 255
-2.6243229356225566,2.526190907555904, 255
-2.699998115536177,1.1335778222280588, 255
6.6456186019580095,-4.174797445283806, 255
-5.937971481779725,-7.172756414422274, 255
-8.228507604086046,8.529521488908149, 255
-5.928578247292644,-5.183641118623874, 255
-3.658481937727438,8.807885618708575, 255
-3.706282746017841,-4.882201661959565, 255
-6.420017669681339,2.1102216007854384, 255
-5.954490678288417,8.646449112856978, 255
-5.285162855687037,-2.0352477980535095, 255
6.95280473835701,-7.996992744992086, 255
-9.5598384898216,1.6289439728598136, 255
7.553918531688343,-5.517760411393504, 255
7.784000154122367,-2.87655987661333, 255
-0.04221161977524979,1.1922410729656203, 255
7.776181414160369,1.4139652259533815, 255
1.7268629730698137,-4.465983390886996, 255
3.725175048069067,4.449026071634064, 255
-4.338915426954637,2.752325698430546, 255
-6.465578422858693,8.724817309938665, 255
5.37859378449231,0.19079626040303843, 255
7.801494921734523,3.241045540755641, 255
2.9759012097659365,-0.07010285346682643, 255
7.979841157230229,6.1832216985316855, 255
-1.0717339521123375,3.2710271558494792, 255
-2.3755033101141905,6.200769496964995, 255
8.809047278363348,-3.136679449935862, 255
5.939324023654578,-7.480897323022527, 255
4.051688654290098,-7.675407193579289, 255
7.457465375902352,-3.940894571586819, 255
9.965674824960502,-3.899795972714692, 255
7.72036121034234,4.799165887951082, 255
2.9274874716426815,2.746646188522222, 255
-8.750169556927796,-5.071481959645285, 255
-3.416410965530967,3.990736382449949, 255
-2.4169094355688454,5.199262430416027, 255
-5.732530184452099,-0.6041665188700556, 255
-1.007331466779478,4.631054009512891, 255
1.1951088804884478,-9.24000565583562, 255
1.0276152825596654,-2.8780590928350875, 255
6.182801445799054,0.4697537791269788, 255
6.544009881956072,7.10553101397123, 255
-2.8655727606100667,-1.2741246303963791, 255
4.920336466793476,-6.0725898302250485, 255
7.810406832955813,-6.895445862559127, 255
-5.104025687480272,-1.2574932449773755, 255
-9.024082396695963,-8.416952481567812, 255
-0.07628783310340026,7.973145318793318, 255
-2.5965903523947986,-8.013643067098062, 255
-1.6541249814643812,3.189496369350973, 255
-7.655259295254211,-3.4149925646369184, 255
-5.608939165035409,-9.840976628765347, 255
4.415703673821014,3.060702729946412, 255
0.4107297094039648,2.779029231939532, 255
3.615724167583622,-7.370583942111066, 255
4.902644285208284,-2.5981888258509827, 255
7.597740749331695,0.6644343616735036, 255
-3.375965554956686,-7.281058933868627, 255
4.246379083618786,-1.2868759118600614, 255
2.3725575494116242,7.230144575924669, 255
-2.8070356141799095,-7.5220212186519975, 255
5.590320749309852,3.349254793088992, 255
-9.679107026279503,-6.488819004591047, 255
-5.093137820724589,-4.307198884314831, 255
8.356947087295453,-1.5900570011421404, 255
-1.686064774732408,-3.280736484303617, 255
-0.6327652977233917,-9.85597633696899, 255
-2.010077217307849,-9.069954234818203, 255
9.352014002636135,7.9967095414190865, 255
4.748071573995304,-7.168524819366919, 255
9.835420908126245,-0.8490627689519776, 255
-7.638506910800043,2.271642553201449, 255
1.345376091999297,-2.264576363455717, 255
6.2938486132476115,-3.3678039553096557, 255
6.738924770125774,7.754211761660805, 255
6.546490120079621,6.521066443130891, 255
-6.4846136897880395,-8.368436017650927, 255
4.255525283777121,1.6066911358412277, 255
7.2806634207986995,9.906387877186859, 255
9.757391795552678,-0.26505330441431596, 255
-4.735448757161988,-4.093120715057424, 255
-3.450252177350772,9.758695708367032, 255
3.2891724237382043,-0.9149136174615045, 255
7.308545764279948,-7.163644008609474, 255
7.354134863393654,-9.494734907080458, 255
3.4542395461127597,0.07934936676580406, 255
0.4743454243843246,-8.620765864991816, 255
4.879232727875154,-6.477298578232009, 255
8.89411544114833,-2.449841953172063, 255
-4.386769198685081,-9.231992687088887, 255
0.881770632266587,0.5516301701162227, 255
2.404790390942786,3.2108738631251192, 255
4.6922741967683415,-5.745534265261016, 255
6.562374874465963,-0.5639961033799405, 255
8.536128887987502,-1.9611959573380098, 255
-3.194202883898569,-7.790342413404392, 255
5.36307422723141,0.3012963635455037, 255
4.948992565573796,5.184909384232931, 255
-6.709064655091765,9.473905356351167, 255
-8.766790414440646,-5.971870914644237, 255
-6.984240489462645,-9.622537691405444, 255
2.413734953953364,-4.773770268309652, 255
-2.7360097298409443,-1.0942562969799745, 255
0.8823980093046906,5.986023842287507, 255
-6.66794355215913,2.522178411401981, 255
0.33522105236515287,-6.771972641997772, 255
-2.310808380945053,-5.880833691619731, 255
2.7547072535098334,-4.998364864621081, 255
-4.132810139114649,9.587346966521729, 255
-7.092823015734917,-8.248263920591283, 255
2.5548320120957158,6.969852136028965, 255
-7.126993967498838,6.311978255927325, 255
-9.14573045328694,-1.7884064758984337, 255
4.04956598742668,1.4721656393361258, 255
-5.538424737871226,-3.4350712102535264, 255
-6.0483531027192905,-1.3421331702685215, 255
-7.881947755740805,-8.467738495361516, 255
6.856494726865016,7.381938474325501, 255
4.983059416475225,6.476319628681601, 255
-8.114077478357633,-2.661325670751104, 255
-2.3028258505016908,-9.253853025225155, 255
7.388246281896443,-8.213005882893329, 255
9.771821554836379,0.753903982738418, 255
1.077186554061413,-9.110090917271972, 255
7.852843906782546,7.529865412139326, 255
8.182544747865133,7.111730371789655, 255
-0.17146236128663617,2.1671500215600314, 255
4.370823524966125,7.376743230142409, 255
-2.8256330070333675,2.452393078946928, 255
-9.172271934444465,-2.189737211351539, 255
8.469498728802122,6.933010596025092, 255
-1.8721132360771442,-4.38799354986635, 255
7.299795000985828,5.828122939475392, 255
8.814813741282354,-3.3027263502835265, 255
-7.3673936837943295,-6.828591448864669, 255
0.16046358807368222,5.829965550301271, 255
3.1659688818246483,9.510099761073263, 255
8.117864375016431,-7.125701847426306, 255
0.8200028608537622,4.324551375102292, 255
4.0267513509109705,-9.394286044899218, 255
-8.460322737778718,-1.4163196815007204, 255
-3.485103833032122,0.9879051671068932, 255
8.307777948966198,-5.953976610229232, 255
-1.4443855154903478,-1.6758859661965744, 255
-8.274057201054282,-6.922890235234059, 255
9.75039112985096,9.711416534616639, 255
-6.990167706616692,-1.691287384993709, 255
-0.7427068353043413,9.820679248104206, 255
-0.5768206681990495,8.332235033414012, 255
3.969310653882781,-9.70794059511973, 255
-9.896691182146624,0.6482660605938158, 255
-3.3128687649914763,-2.1038199297594096, 255
6.832090889564949,-2.9965683455325447, 255
8.432091585019357,-1.6290195569495403, 255
-3.441370870627038,-6.546190220018793, 255
-1.4154605646287877,0.7687848026502628, 255
8.56014247482387,4.588256945845258, 255
-3.220353902299613,-8.510542199407393, 255
4.655738712484222,-7.126737349839987, 255
-0.3133810685393552,0.1645889476859086, 0
0.9249125269281251,-0.35364080952523125, 0
4.266795237397412,-6.71206626080849, 255
-2.9426119032071423,1.507996870545984, 255
-1.1804869044025992,2.8857831690988807, 255
-5.661505290720363,-0.21209979249057653, 255
9.014446750213981,-0.9939961355509634, 255
6.188217030970712,-2.7939417001081264, 255
0.33857177634651947,-8.074179579882571, 255
-8.281005816534329,-4.764022974809516, 255
-1.63982768219425,4.733935683436471, 255
-0.8350768991133712,0.7421926060611899, 255
4.969650643694736,-5.739849351840725, 255
-9.615061758950407,-2.552175387609643, 255
9.043544588166426,3.113248633792203, 255
-9.32987167941218,1.1992041072595647, 255
-4.44340365543928,4.678317284525356, 255
-3.3464548257930105,-3.6155939055744852, 255
8.671998732826946,2.186512020729845, 255
0.829372134120872,-5.036004391730864, 255
3.831524607242624,-7.660727841542448, 255
3.909649664086441,-5.005258259531042, 255
-0.6229557281452429,0.5043476298190068, 0
6.954623874492498,-2.934561383482275, 255
-5.170808768564095,3.3996809343647882, 255
-3.759308067438713,-7.833171594003678, 255
-0.8768931101471189,7.029084301688545, 255
-0.2506303823080973,8.564293439076067, 255
-6.126873279498277,7.554133808508276, 255
-1.2312375437926484,-9.518684509474829, 255
-0.47901688609327486,6.341043046776008, 255
-7.512254078074263,-6.975049880597631, 255
-4.874275902659219,-8.063984733989294, 255
-3.0606363354975823,-8.592643604106584, 255
3.630236821078757,7.300361277363049, 255
3.3442142489890596,-4.688260592136335, 255
2.8427559014864823,6.465233941990071, 255
-5.013900871488515,0.6163563522141438, 255
-5.031468647487456,5.399100356570569, 255
-6.289057247427234,3.9511536316164086, 255
9.745878433671578,-5.750370609272246, 255
7.216332314290945,3.4641510135140763, 255
-1.4157432149476534,-7.6731955927356505, 255
0.2052996668509195,-5.585973297723756, 255
-3.4757585644867595,0.3020798561520799, 255
-1.653153957002317,8.067698783644484, 255
1.0594967214711204,-9.607905839368788, 255
-2.455877384305225,9.007926216651793, 255
4.89450932897293,-8.326953940709378, 255
9.37616152360372,-8.593209665158446, 255
-7.667562346229606,-6.165441240353944, 255
4.29664366421089,6.51639629336529, 255
-0.38762632795497787,-0.6936057246826248, 0
-1.1924889392779718,-5.339834073144414, 255
-9.364572218503557,-8.466970470723787, 255
-8.650604683960621,0.9587385941858972, 255
6.117215894820642,-6.050913046705906, 255
-8.233994922585456,0.8060447383386808, 255
3.675559663178621,8.527995085237816, 255
4.889080500857201,-6.5587804095423285, 255
1.394357063402726,-2.898645573201355, 255
0.5976058615995363,0.021161989311622165, 0
5.185752501989668,-8.711040341063558, 255
-8.266862004562615,6.30566456932414, 255
-9.825356111689112,-7.280324141679162, 255
-3.9578473231341498,-9.300733874017837, 255
4.188852304618971,-9.965183689139891, 255
1.8264175086111205,2.0884473286066214, 255
-8.669461632514778,2.281582751107706, 255
-5.866685629818438,0.3143172792316484, 255
-1.1751840934881876,-0.4264668092195727, 255
9.845366275749427,2.5413959273041975, 255
2.2219715328807776,9.702559363371563, 255
-4.499558702055369,-6.321700284558691, 255
9.7761460228377,-0.48447911858112924, 255
-2.4149122210476515,3.263730427088463, 255
-2.9708003434249486,-7.670571314624965, 255
-7.682503756407392,-4.569058113717855, 255
-5.919636713739158,6.445913286954745, 255
5.971329520532137,5.683136624583911, 255
6.021489619558931,-9.361526593483218, 255
5.137315224055854,-1.886646953915843, 255
-8.973300045041077,2.8982836223955317, 255
-8.986305271609998,-5.162996764093761, 255
1.2525532237493469,-9.76237084060979, 255
7.2634720369185395,-7.008016489459761, 255
-4.056113624298529,5.692446231394069, 255
-6.89605399747273,1.6628812572223453, 255
8.26080619150731,-7.79626934235772, 255
-9.678542436502052,-4.1884928068874405, 255
-9.269521963462854,3.888368852160225, 255
-1.3543132324522134,6.185822823154904, 255
8.883955314079468,3.330593437655418, 255
7.421168119762132,9.589902359068127, 255
3.8350722834588353,-9.881150067962723, 255
7.03659391619183,-5.701006128973178, 255
-4.045641993136533,-0.22326068454064085, 255
-6.831442288691614,5.352430693105251, 255
9.739925457744071,1.0708613938295528, 255
-2.712909053131596,7.167801597621818, 255
1.5724331292489229,-7.316448947087448, 255
1.9875461002211523,-2.778800732130982, 255
1.5988738274259529,1.224977120385514, 255
-1.5681729209794089,3.2502123805459693, 255
-1.3799994903710875,-8.4777344707567, 255
-2.580104903402951,8.689229609700803, 255
9.312785207106252,-2.883443239322922, 255
-3.0938089238614808,9.43162809970244, 255
-0.9258598795894386,-7.635524937172342, 255
2.7628960477009112,-4.103242876427549, 255
3.1065203070891556,-3.3126430987904953, 255
9.194323370567545,-0.9396983727207004, 255
8.97643953129926,-6.726496646486739, 255
9.135198258772661,4.324881789743438, 255
6.612741113022015,0.8352689941483948, 255
-4.813976716565323,8.65527720227999, 255
6.61938847196835,-4.490187692232366, 255
6.85387720910369,8.348932380708241, 255
-8.358894288026846,6.447713567031062, 255
-5.634634753695076,8.540329541742459, 255
3.7560638228347702,-4.722569020784675, 255
1.5543078226276563,-8.005672923057732, 255
8.976480698534381,-2.2617707259709174, 255
7.430672263037387,-7.589595029533713, 255
9.593166379786737,-2.8586480462781942, 255
5.809603522916316,3.0633417334368307, 255
-9.92860925957958,0.7633974623696851, 255
6.947709510678944,6.397155166861101, 255
2.9386224660850253,7.446140144762079, 255
9.866329881984061,9.437101813783492, 255
-8.719096605417185,3.8549692733976073, 255
4.357569721665332,-0.6714220700408298, 255
-5.500495893982111,-7.300334189363287, 255
-1.9875072550551387,1.304475037779687, 255
-1.9765199148921653,-0.7666254521613691, 255
-6.572086170635439,6.72708035555198, 255
8.953112738192644,-6.4654752934878505, 255
9.987518059435661,6.027530693262509, 255
7.149494908807746,-9.665513186604722, 255
0.9329308603281881,-3.2881803664354203, 255
-0.05623231139453999,4.129692401999154, 255
7.771471910785813,-2.453907131299471, 255
-2.0275682804512236,3.7741980121430156, 255
-6.8777146488795315,-7.1104004073197284, 255
9.228651965518694,1.7350738854558685, 255
8.40576389664853,-6.861759091849828, 255
0.4474794425659354,-3.040034040382964, 255
6.284584925193769,-2.7864556040743054, 255
6.16175359424836,0.0958700061381208, 255
3.7271604201377606,-7.672407082575015, 255
2.649895770376805,9.798193331451994, 255
3.41307142993681,5.767945208464724, 255
0.4050438443389126,7.015537130609896, 255
-8.892838946039998,4.04304840496313, 255
9.938509481089703,-7.9959828405962075, 255
-8.41064732402755,-1.7246117898732507, 255
-1.4774236506159095,2.7139805031396413, 255
-2.054615496356746,2.4080556541084945, 255
-7.3705027720907985,0.5197980941758633, 255
-0.588901222865486,8.881298128862927, 255
-0.1497009440595498,-6.477334468518016, 255
-0.35828068323429463,7.362186853335611, 255
9.345208929574124,-9.126572154856854, 255
2.852923127650689,2.202609754012883, 255
-0.0860676323341174,1.4844588586131415, 255
4.779120673985913,0.21785720117762253, 255
-2.3867273057439897,0.6316308613119581, 255
2.7328151684897115,-2.5913976832036507, 255
-0.4840958096681831,0.4816864239788572, 0
9.30243128308032,-6.537125156981873, 255
-1.659650854794716,-0.9502205998714572, 255
-0.5840333196984542,7.933094402105883, 255
-1.2104198995172855,-9.663899841123262, 255
3.4901731445837125,-6.264081107239963, 255
5.323599811180914,-7.772803380069098, 255
-3.741315137314711,7.8476441800708585, 255
-7.5547911965906795,-1.3739150385661798, 255
-3.668309259873177,8.523796501102833, 255
3.2187706328965753,3.510093142133348, 255
7.193167559187632,-0.2925650454152233, 255
-7.851726005087276,-8.891895587775434, 255
-6.429883422666771,1.1910003284838204, 255
9.16031556706194,-6.213242118033806, 255
-6.496485395119906,-4.999242662226877, 255
-7.97984538710014,5.600023328223649, 255
-0.5714927695102112,5.111844724314263, 255
1.154167046928956,-1.9496788778948293, 255
-4.70184443292629,-9.223366475681253, 255
8.713519481520375,7.330555338854666, 255
2.0401179114135015,-0.04713301305741169, 255
5.834108108117659,6.559916723716249, 255
-4.872567116172986,-1.9629325309814512, 255
-0.2670054221461129,8.796840423759278, 255
6.215924230207701,7.01735995626861, 255
-2.791778803830285,-7.510128955916464, 255
-6.310836828443485,-7.417463231107111, 255
1.7408136760328823,-2.9970815063397938, 255
-8.482906332853958,-7.151436336062911, 255
1.879593777054712,-5.3326445527596515, 255
3.9774443396190478,5.027198430585502, 255
-0.5632861464244101,-8.855707479982364, 255
9.428711752636524,-9.884462515837411, 255
2.7522472112460648,-1.1252534535624008, 255
-5.317900638463129,5.493525691715497, 255
5.286984891604137,2.029041999862585, 255
-9.716790748697665,-1.5093238532377562, 255
3.88098107046293,-8.283741082994837, 255
-5.561205651152803,6.673546650063852, 255
6.779516052008777,2.7632917260471057, 255
4.702936322593015,-4.0554590427850385, 255
5.837879584100476,-8.631189504200371, 255
0.9974010106348672,-0.8336225419389525, 255
0.5695688412112041,4.185650353658206, 255
-3.22044818780598,-2.59203581231759, 255
-4.706638504430107,-8.161216116109557, 255
9.696531485644638,3.821601354746953, 255
-2.0518091061043027,-3.9957021946793647, 255
7.685061117413522,-3.409019756608325, 255
2.694753776770213,9.089007257882159, 255
0.1669133571247805,1.3620512720426792, 255
6.642244861443977,-7.788058911699853, 255
8.01719155716211,-0.5439301975430304, 255
-0.1605602963949675,-6.388587117623496, 255
-2.0921058443331724,2.705882260093034, 255
-5.666262608258112,6.748904656652758, 255
5.362983423754319,-8.861924049582816, 255
7.518971144286681,-3.95529326437571, 255
8.850048624399761,-8.057637111346814, 255
3.581938067027208,-2.5949510119702417, 255
5.7752463989413165,5.897681063095961, 255
6.218568606504345,7.220795856646898, 255
1.258338378761806,6.746651040727972, 255
7.415503802337433,-3.3451789227160234, 255
0.14809423431714563,4.56171692236323, 255
-9.848094549155897,7.1205928294275935, 255
-1.7023316532197974,5.265612805225903, 255
-5.872601048126134,7.4308120478086295, 255
6.779402531678748,-6.475555799185941, 255
3.70396165851729,6.083588982280819, 255
2.2867405376496635,1.8525754628012354, 255
-6.138160017296126,9.338465767604724, 255
0.38801810995416375,-5.476091945442865, 255
9.766685477048831,-3.8557944027413438, 255
-2.305838244517087,3.530332292633389, 255
-0.25456749063193485,3.4307957985054607, 255
2.4558430869064196,-7.813843510659031, 255
3.1769175210816574,-4.758273595671199, 255
-7.835671602423999,0.7661432555701246, 255
-1.866892995976226,4.769828330547137, 255
7.691514591331632,9.527049254453633, 255
-2.4575751848671468,9.486886402824002, 255
-7.019757768369807,-2.7922996994429568, 255
3.99016905300355,3.442258624422802, 255
-9.066419332939404,-0.4638793881708132, 255
9.963806321278806,-0.5910285605783621, 255
1.8389565340453888,-8.680418808851888, 255
8.229457855734406,1.8005838078655891, 255
4.841507288899896,-1.761983123169033, 255
2.962191311997689,-5.968002584887351, 255
3.0306847485932202,7.8321784004353106, 255
-3.802974535838512,-9.64039148035108, 255
1.2848262542451465,-7.188806764573787, 255
-5.263338263766963,-2.9648658859445787, 255
-2.556099628831257,2.4643694087567596, 255
0.06467434874770639,-1.8153930476847506, 255
2.00439897896306,-1.315335881007842, 255
-4.66185960367226,2.6318273139086514, 255
5.642225139078182,7.452902976338191, 255
6.308956774132014,8.217424896188913, 255
-4.457053563522626,8.405670329060154, 255
1.2744683822685516,-4.927750839224087, 255
-2.7286597835631827,1.847859980428641, 255
4.412232700181558,2.4828337221704935, 255
-9.785111938709232,4.248651107026555, 255
-6.713728462596771,-6.732211403412009, 255
4.339739512757481,3.813884417611753, 255
-3.3314977074750214,3.4186173862841045, 255
8.903954510863958,5.217815136527387, 255
-9.86881799976963,0.570721554692442, 255
-3.8101345851458586,-3.029887574513044, 255
-2.3101699104631512,-7.33409630882176, 255
-1.732674876573272,-8.203382206246614, 255
-6.815036148584581,7.960752529200917, 255
4.958075816315937,-4.279424890095795, 255
2.58617526891223,2.1793242855037054, 255
-7.359951251836845,-1.5694516951053021, 255
2.027600190052512,9.822350758129005, 255
-5.74650676760172,-3.4033676341509977, 255
2.8089328855658486,2.399400778819828, 255
2.8616665248048463,-5.640616349582244, 255
-7.350062853049845,2.637754222906425, 255
1.372662947265253,4.071928022013456, 255
5.123890472909768,4.180167879556244, 255
-2.638613361462161,-5.11040649029532, 255
-2.481370626125832,5.820414580459602, 255
8.92400428838393,-5.996499676778937, 255
0.41132343630291324,2.5303666463972867, 255
0.8600164663959387,9.41513337998471, 255
1.0882487825557874,-5.776695065045505, 255
2.2020192232326323,2.0569321443492434, 255
-1.842705110433517,-1.922445911824271, 255
-7.634102747137499,-4.369915082589051, 255
6.515886182241182,8.039748601270635, 255
4.727898018657758,-0.2237652149307845, 255
-2.3878694982318205,-0.9661674321676994, 255
1.570066215604493,3.120156317869224, 255
0.6436747366133684,2.0374360665876345, 255
-2.2573820178379016,-6.920066194649628, 255
-6.8473659079948686,7.84980030721821, 255
8.263215682813264,-6.9513623460334095, 255
2.9641563488574096,7.955387557296124, 255
-9.163679801358203,-9.764026777771647, 255
-7.431520694835603,0.10205285912928197, 255
-6.103236240742973,4.113259645042993, 255
-4.04740315391273,5.6056070895031755, 255
3.8925777196294966,6.208310465186347, 255
5.760850510763834,-9.132279665708525, 255
-6.817561917390944,-6.154669234915547, 255
-3.9522172937933213,3.9458064067999548, 255
-9.56106798472295,-5.618114659164862, 255
-8.065115420490567,-4.773577204240058, 255
0.8464660209528958,9.775828009306956, 255
-7.884457875282349,0.11351979603920093, 255
0.08213902391131,6.65975895069322, 255
1.383975444146886,-0.18105267861884755, 255
3.8253185196176744,-0.8421290660211973, 255
-7.085203764256911,-0.6500729092876973, 255
3.6420148750922525,-3.7627604356991124, 255
3.4322375941168737,-4.820202602985901, 255
5.944304288728709,-7.106960676538002, 255
0.2735137769217495,8.44032883063657, 255
2.3129077693723445,8.955227839431728, 255
7.454463925871767,-2.508764804290373, 255
9.98222395297757,-9.284783027221666, 255
8.889723634478543,-3.7226186622663837, 255
2.208864381889599,4.350982300099284, 255
6.874092738910132,6.365422193771096, 255
3.7536560657164344,0.3548567861369669, 255
-4.654909161493017,2.1530371507093946, 255
-8.91144324608007,-2.5720971147364864, 255
6.344670867444286,-9.621232573527914, 255
4.2410403579103075,-6.202927495053034, 255
8.604108925326504,-8.758131121401657, 255
9.247454348648798,3.2497350750693386, 255
-2.6652357970160256,-8.175044717274606, 255
-8.902918315872485,8.051443318955393, 255
9.664841999965223,5.06374288284265, 255
-8.691784623353922,8.630731667023458, 255
-3.873480254461807,6.4815978161227505, 255
9.469803472572089,4.682918920576675, 255
-6.1301177622642715,-1.4016669706464935, 255
-6.879454415512296,-4.480664401265699, 255
-1.4921311812273679,6.304533292870055, 255
2.7071647679332216,-9.551125134631139, 255
3.4862045471681498,-1.2881004488856203, 255
-0.8377824745457012,-0.41827720758841025, 0
7.534561241524209,5.6098781098288875, 255
2.082348283312337,5.820191492976255, 255
-3.8170246483900954,-0.7399744739272904, 255
9.416870297796297,1.2007348093462937, 255
-3.4503096770820463,3.7415490110725074, 255
9.64130271310092,9.772662802259987, 255
-1.9613881700872149,-1.2385777627476386, 255
-8.261366145786951,9.028797398123029, 255
-0.7871167380228812,1.2857414075222433, 255
-7.224372574421012,-9.601513951890412, 255
-6.870430541698314,-4.86022548436623, 255
-1.6956218080184389,-5.0856894487202275, 255
6.091446243743686,0.7506077466934276, 255
2.360058209142233,-0.9379156113068028, 255
7.481030655032992,1.2650651715311163, 255
-3.535902904314783,9.161238275761374, 255
1.9239201808237976,-1.1602620391250404, 255
-9.123207531603473,1.1111118155388677, 255
-7.730818929199376,-6.579612726544617, 255
3.9608104218412095,-1.2659248293800562, 255
6.929466137687264,6.038247855129622, 255
-5.810901865438178,4.328664072859471, 255
-6.928018753630541,-1.9282334372156598, 255
-7.133638423796391,6.61837904349613, 255
-3.662026792460553,-6.885644819961199, 255
-5.116737050217988,8.273616319582079, 255
-5.19962425552829,9.723520427342041, 255
6.490105220105676,3.8350783959219914, 255
-7.032854036139371,5.327137144763007, 255
-6.79560526686251,-0.871146628069603, 255
5.751324498462134,0.12404177424455476, 255
-3.26554085078042,2.2124029247820367, 255
2.5318215646129723,-0.7787438578940868, 255
-4.629760361183564,-6.013266778187873, 255
-6.257571263451989,-9.14721588552749, 255
-2.0864207137075645,5.619321336759356, 255
-2.381341105223484,3.1519176056195963, 255
-8.79583411700397,6.713769765553838, 255
6.270085397768433,7.00732612138134, 255
2.610368541609338,3.382813136754855, 255
-2.5523046559617724,1.3477170575254895, 255
-9.335501677489207,0.06525963861708739, 255
-4.069723349404352,-3.6444184185433226, 255
-0.06376707479464017,-9.146586684267156, 255
-8.027714788699345,-0.3997680644207051, 255
2.9495695297436892,-1.6366413381489835, 255
8.616426703390442,3.73064646631936, 255
-9.308401310389453,8.08252777038781, 255
0.5537551644751595,-0.057455530887676076, 0
-3.355016603102756,-4.7065109236858715, 255
1.0233322885367286,5.141475338661179, 255
-5.908637508841991,2.7889975885891616, 255
0.7965350888817646,3.3683793713861085, 255
-9.342103511837344,4.0381549465538455, 255
-6.448654207711484,6.766988726099413, 255
-3.168203058594332,9.857028939315, 255
-2.1313490615246096,3.215455835914703, 255
-5.518102060632588,-2.5971974096402173, 255
4.4116603022523915,-0.43980226054743277, 255
9.364330091124607,3.921134673290073, 255
-6.788703438154984,1.530718737133622, 255
5.943928059705797,-1.8977541840241496, 255
7.039985428283785,2.270230810202648, 255
-1.280900816954313,-7.84834108331784, 255
4.357138015631657,-1.9106286698261066, 255
-0.7290282157477321,9.973519163519754, 255
8.67437345113579,8.387377828187898, 255
0.44647455649174894,-3.949697612946535, 255
-5.039447224314532,6.996028654088022, 255
4.14968717261649,3.697117722469729, 255
0.5306905746897765,-3.5932601058471914, 255
8.487516831980837,3.0979313992609203, 255
0.9455254770217874,9.27460268749185, 255
-8.508921679030086,6.920097336603963, 255
-6.869204469814012,-4.495016893536801, 255
0.21635454146335675,4.8910101977649685, 255
-3.068255440270617,9.001889062964118, 255
-8.10797296912423,-1.0303660495976068, 255
-9.28611492658314,5.806379386117094, 255
-4.740194522036312,-3.843611285587995, 255
-5.562461444712565,9.26257378839475, 255
7.3026382964093415,-1.2676104995307735, 255
0.6761856980935796,8.76490275162622, 255
8.432360238655981,7.526563259815113, 255
-6.150233965779024,-7.161657489931777, 255
-5.095531975874299,-4.5901506368252125, 255
-4.43617642876823,8.64448453345496, 255
-4.7277813373608275,-3.9924148679351745, 255
-2.3523155095573163,4.023019950023283, 255
7.011191272876832,-5.098286135270726, 255
4.309878314888429,-9.393437153124541, 255
4.505152105228502,9.272526093893283, 255
9.443103466462116,-3.4177482115303075, 255
-2.8901910069141623,-1.463632571105574, 255
1.3760368211475278,-6.6252111899902255, 255
-1.8844030093563173,-1.8418126325254534, 255
3.5730335195499023,3.9082745900181877, 255
6.805547911762439,9.203184734809643, 255
-1.7235114900271693,3.8942983971932783, 255
-4.615976203975924,-6.573387185176265, 255
-2.072968183286365,4.143228049236393, 255
-6.51029592220535,8.203266775587405, 255
-5.931850969001777,4.019951701931921, 255
-9.231303696614093,1.9691271697552288, 255
-9.641072000750189,9.38086794061061, 255
-7.438396717499909,6.901647910550274, 255
7.476283848657339,4.759538649832063, 255
7.029386437722319,-8.718382877840487, 255
5.1232160046919795,9.334022326094995, 255
3.9339124767863876,7.688168266354847, 255
-9.769301282100542,-3.7301351676658623, 255
9.849269825236394,7.170761730206642, 255
2.0393624816545604,-6.432184943911546, 255
-7.072336706950805,2.2711312613810986, 255
-8.299997899134706,-5.699675290403872, 255
-1.60876040678626,-8.512781809174479, 255
8.40137642982359,-4.308267327433242, 255
7.4498963317013,8.650411667953119, 255
-4.571314054215891,6.948563684559737, 255
-9.094071351264187,-3.0355524865050736, 255
-0.17701581456359072,0.4267964771046433, 0
3.883488360669878,4.728450475839923, 255
-2.3678987284769315,3.734485508500276, 255
-0.03534339044972867,-8.680028893833548, 255
-7.8734457766323995,7.358838867110947, 255
3.163403061934451,-3.825687670790547, 255
-3.1936030588768594,0.405421603563596, 255
1.0638705538747821,-3.1183500781963813, 255
9.51288675220885,7.194749813466579, 255
-5.913068239444701,-8.525853670861794, 255
8.809659024825528,-8.919131545652093, 255
6.878957160651609,-8.471610407108281, 255
2.264902607217609,2.7596960045314596, 255
-7.8535650936264485,9.502470090585376, 255
-4.734148925474935,2.180941990490542, 255
-5.193860899623122,4.107651645730584, 255
0.980054195918548,-1.2841029947679878, 255
-3.459381929344212,7.278912513691306, 255
5.992699747959593,6.596377697424238, 255
-9.35276282584397,9.76265520097224, 255
7.058421890332326,1.7881989752570764, 255
8.586297720225428,-7.209689116168314, 255
8.459761796543027,1.7169002730568685, 255
1.786030100217907,7.974301827284393, 255
-8.906202766983533,-1.0551045197505555, 255
-2.3950797825054426,5.157704386449593, 255
3.454502931372014,0.8791142701690795, 255
9.071009473280753,8.326982789712922, 255
1.4987255283800476,-5.768757005229263, 255
-3.8020064220689243,-9.965902796798758, 255
1.4291454510039063,-8.697377948487283, 255
-6.657866034657087,2.4079402257131726, 255
-2.7258673700621694,4.956245944273798, 255
-2.3226213811151464,-2.963020448693854, 255
6.548255544474564,1.5929542302428263, 255
9.511742599024323,3.0700430992895438, 255
-5.833119401818423,-9.870661774271142, 255
0.625441829880371,8.85377931216199, 255
0.7116746573009038,-2.800131643142853, 255
-2.2885560255807373,-0.1916683274410893, 255
7.080968564719679,0.11874562425251511, 255
-3.1995761495197534,9.03657173911553, 255
-5.1440308697092085,-8.154357965943626, 255
6.799515772700143,0.47877801676619036, 255
-9.101402723567915,-3.308596559657307, 255
-7.675288920136305,0.700734234934675, 255
-9.084705108618348,8.8559371528858, 255
-2.340308377556129,1.6741648877399875, 255
8.50408200664657,-7.016028834217202, 255
4.388154408411991,-1.266635568704995, 255
-5.1616413485701695,-2.6239133820236837, 255
2.2417652667869454,-3.408771134579924, 255
1.5434599420384174,9.91754719441537, 255
-3.701565625921699,8.22715126979126, 255
-7.657973682804336,-5.0826112929665275, 255
-9.906540734082201,8.190721085193498, 255
4.038943226380834,1.1241748383785772, 255
-8.309588558859458,3.236493460740215, 255
8.292847641879579,-5.761981494150479, 255
4.367544948565422,7.609670923290345, 255
-5.208399017727978,8.032638941008408, 255
0.8394754408388767,9.886712062971, 255
-1.7627917901479648,0.19791616061778328, 255
1.880068691490992,-3.4883549260464157, 255
4.919668491271352,-2.1311055579110754, 255
-9.221308221047773,0.3129598670123954, 255
-4.157353150576495,-9.70932510356251, 255
-6.701375504870395,-6.34057514279119, 255
-0.4657508575915674,0.32299978749307634, 0
-4.503316743602738,6.391358628183166, 255
-0.4882363625844395,-8.410877199040714, 255
-0.5897064210430649,3.8030361987496146, 255
-8.677903681541807,-4.363286833532829, 255
-9.52135629483784,-6.88218834730298, 255
-5.069798702897552,-4.092040549704771, 255
-9.426518571115013,4.04301326900001, 255
-3.5695099749000025,5.892908802916775, 255
-1.7526700923740979,-6.9763985656813166, 255
-0.8819909311553609,-3.5434212713286932, 255
9.28164524364528,0.365102759248936, 255
1.1317851927516784,-1.1950406687443227, 255
-4.982677647352494,2.7305807883194113, 255
-5.418677194892387,-2.5507480014516055, 255
9.488690087459887,-1.414610451223485, 255
0.7663133497489394,-5.703061334544537, 255
1.8573526120302866,-4.406709794257537, 255
-7.1889493533046505,0.051497398193451005, 255
9.293383977498987,-0.557434192470387, 255
9.835513056925848,1.547202330092773, 255
9.308206701473274,-0.6298351923672385, 255
8.70137367328596,-7.9979717874157235, 255
-7.371508062688308,2.0320350201076547, 255
-4.786941271599268,-2.287098044937945, 255
-1.1437668181352585,3.4342223179520985, 255
0.8912766693974632,4.783360211019103, 255
-7.676618479915433,1.473202266764611, 255
2.574645141092894,4.774451018565548, 255
-1.648741424904081,9.05326912528217, 255
-8.445529353472113,4.755854371496945, 255
-4.940721758899766,-5.566633160598586, 255
-9.753749958958483,3.240018619586781, 255
5.280699377511578,-8.102495062331911, 255
-6.408178078827973,8.128870937875739, 255
8.434646193755043,9.741095298761863, 255
8.02711867044614,0.7790468405010316, 255
5.079822172311687,-8.532417045247694, 255
2.2976246527005184,-8.605965804705225, 255
-7.499111140907042,2.4125460804375916, 255
5.540726405654652,8.758860605805243, 255
8.135021551586142,0.8269950129312669, 255
1.6398313570963694,9.177506096945205, 255
-4.689168017920398,-4.619538832632779, 255
8.124268297273211,-9.282498285157734, 255
-7.817842990458317,6.868102168895042, 255
-3.2432079436136423,-7.335363216683239, 255
2.7142563817195615,0.6626074006985494, 255
-7.97906102152008,-1.0440829670015876, 255
-0.6425910534072301,6.8760634191843515, 255
3.794890613326622,-8.734254963403876, 255
-2.614997582936816,6.4886634770634934, 255
1.1333373498982304,5.58469901000009, 255
3.4868458145725647,-2.968598903545942, 255
-7.113167216618019,6.779252392965688, 255
6.2111658501535345,1.5397339756785087, 255
-1.6798869606150628,0.7598014261233281, 255
-3.773954434260256,3.9706254886890164, 255
-4.597358922692909,9.316761558320067, 255
-7.591788624650759,-2.001940568864777, 255
3.7363842491442885,-3.974016639666697, 255
-0.7899967067993412,6.919770908299277, 255
-6.95224764457453,-9.096132417440284, 255
-9.566495544015865,6.309997260625643, 255
-1.3958523347749647,7.780050302464378, 255
0.523592753625584,-6.282091349802652, 255
9.632245496984872,8.255299344883479, 255
-9.964583589611866,2.6896894560126476, 255
-9.411547374918968,-8.314233011448884, 255
-2.0747645569959,-6.718460415065666, 255
0.6102661029860172,-6.562854113299171, 255
-8.026850264348324,5.337192679491702, 255
6.593911442569691,-4.483730374534254, 255
4.257280314923602,3.870094985738504, 255
-1.5863089381506015,-8.652412978250407, 255
0.46785013063583847,0.7250007395095324, 0
8.60750440391578,5.324961091633602, 255
9.00212281111044,-2.996871634054643, 255
4.600209638261219,9.548188991975294, 255
7.873586772669874,-8.38792988178518, 255
9.510651506578839,-5.2673253781301765, 255
-6.34686487621376,-6.402892300817515, 255
-1.248392924369588,0.719140757762954, 255
-6.1817289305210465,1.3092351162961293, 255
-6.9764675596534715,-8.997539283321585, 255
-7.754242990315712,3.584592229892536, 255
-5.3470464865717515,0.3057976374047904, 255
-4.312037213186626,-3.2057720389440947, 255
9.306284496907406,-3.019814191690429, 255
-7.385061256727452,-0.6751868883393204, 255
-5.366113581717209,1.056129017650866, 255
1.5568788535319982,-1.299475237211814, 255
7.581359873591193,-9.806391090624997, 255
-2.984727904628526,5.622679118973723, 255
4.219489232260775,-0.44357503625406913, 255
-5.2203548545413625,-8.828849253626336, 255
-2.275480218680479,7.436612291168039, 255
-3.5151387849247495,6.553749092054314, 255
4.494102541951534,-2.66181377946306, 255
-4.17462794733818,-4.242353589661314, 255
-8.698024587011039,-6.643576923286023, 255
8.618999762049334,-8.398189138019958, 255
-9.099208667803097,-4.368989878860001, 255
-1.5650506766871697,1.2334454884246426, 255
4.434206202616611,-2.752367067342294, 255
2.0675556036050473,5.926440208434672, 255
-9.759297612437617,1.4965820019465514, 255
1.256941614831529,3.120427926046222, 255
-2.261605120350591,-6.8634357824614085, 255
-4.489053328085461,1.2589240323420618, 255
3.558315964096174,6.674855083734119, 255
2.7016370084281043,2.927220015140662, 255
9.961027964461408,-3.133003299164974, 255
5.466742233921005,2.543820163597312, 255
-8.618490514787489,-9.32390786488682, 255
7.685444258880391,1.1073361732284344, 255
3.100860814611977,3.0047268573560633, 255
9.010355987756526,-1.7063583483109728, 255
7.212922409599564,-9.691880036472543, 255
-0.8456062658011394,-0.12285348590046041, 0
0.04375702308544227,5.4890372837526, 255
4.712993909802643,-1.5998597282647538, 255
1.7504680258332357,3.979517941427197, 255
-1.9220779283878784,7.698554917095496, 255
-9.211588109966529,-8.955858689006895, 255
7.8556602730346725,-7.68835516392556, 255
5.32362778407494,7.931058786942067, 255
-3.5371367969616045,-4.73881651838629, 255
-2.2560259124722375,-9.886616123086771, 255
7.982855761823753,-2.903496267504595, 255
-0.6271721485724449,-7.543939628534872, 255
-3.7927396591494826,4.10510858808858, 255
3.413353759835829,-9.22028597123542, 255
-7.602209018304576,3.5794052483833454, 255
-8.753846464006562,-0.990532870605298, 255
-9.402013836851292,-9.37710575995231, 255
1.7571243875088811,-2.3005636804459435, 255
5.9047691687658315,-3.7126635303833115, 255
-4.427573012153118,-9.048627933581411, 255
-5.175442686057588,-9.238076696516774, 255
4.434923471422021,7.32076340223621, 255
4.885410932696226,-9.370329904128186, 255
-2.148996939579881,2.513338452410043, 255
8.578852841697891,8.889187061160339, 255
5.196498527548101,-7.507773916917251, 255
-6.870185785973311,-1.2594051039481435, 255
-2.0527985918468143,8.524359281522933, 255
-9.513186315832758,9.269718596684342, 255
0.1987215322143001,8.815886409348092, 255
-3.28673054261772,1.011240575625731, 255
-6.736488170925399,-5.237117008746861, 255
-9.865150684098333,-6.712490694884319, 255
-6.483376797345892,0.45655086567254877, 255
-8.077535377246063,-9.908127734635524, 255
7.947109317599249,-7.896906140571889, 255
-0.5859460507716836,5.719586431357937, 255
0.8572418285499488,-9.224375737099349, 255
-3.7725711030290583,7.580517870563103, 255
-8.645610957894617,8.41348854901366, 255
-2.973215773606219,3.6704869789075385, 255
-9.761897887864484,-0.24107336636270205, 255
-4.656995236059293,1.903445574511899, 255
-6.830494260577873,7.646266966812544, 255
-1.4471436037803826,-9.82869053490333, 255
-5.713483111757823,3.8923918533482915, 255
-2.649044592775076,4.9430586330460375, 255
-8.139138829198147,-1.3318574141506723, 255
-7.954513000792273,-4.483885207897849, 255
5.308177657122258,-0.8367580819082114, 255
-9.780338532077003,-9.354211905846661, 255
-7.782458257450767,4.733424930820318, 255
5.916474301945055,9.232970170701687, 255
4.62055080139109,-2.0588207547878223, 255
-3.553400862014879,-8.66795066958157, 255
-8.2916755520097,8.301408361342212, 255
4.362641014776909,-8.669650339523294, 255
-6.589220582904529,0.5968605674909391, 255
-0.07424594603108581,-4.025939635209546, 255
7.593651416194174,8.489127073168355, 255
6.5308492539440905,-2.6978641811308934, 255
-4.558254542626459,-7.607851111369442, 255
6.063057217448254,6.3569244376921965, 255
5.776801933989091,-0.8078121384918795, 255
-4.734234170678999,-6.018526595398428, 255
-1.9499416126820446,1.9653879999994732, 255
-4.024192578375095,-7.933510892606083, 255
6.8720368870387425,9.93750992615125, 255
-7.501890229875725,-3.0466603071519316, 255
-8.457024733422893,-5.511711764510525, 255
-2.127197840982504,-9.152334157650554, 255
3.2068483202535685,-8.64278119593283, 255
7.751642876572511,-2.7547574421082484, 255
6.5173872922905005,-6.738220784509288, 255
5.939222044001596,-3.838637353565524, 255
-5.570635169566753,-6.671763432513533, 255
-0.011580217745679633,-5.117690355876336, 255
-1.7279015285585864,9.642372135327072, 255
-0.33315262640618926,4.392113921172262, 255
-4.28132639376255,-5.6634269531481, 255
3.4133432833663964,0.2416549980483218, 255
5.717483685610333,4.343962537462552, 255
3.3878667996738656,0.841470595345422, 255
5.640268680040638,7.937114049472601, 255
-8.855958604294106,3.1946842500589145, 255
0.9539228899647121,3.8309726207146166, 255
-9.916395762498993,9.958563950952957, 255
8.037382516001522,6.7518142085342205, 255
-8.066552045607615,-5.047238880128191, 255
-6.935705329133947,2.5628630190586925, 255
-8.414194429449699,-8.265579252832133, 255
2.002947302200633,9.520531714104855, 255
4.859371455545423,4.947489789509827, 255
2.823818184050811,-5.632996506285339, 255
7.8864163911904015,-8.970724614474488, 255
1.9716051173490499,-2.034510998584846, 255
-6.1163050942652735,9.946697358637543, 255
-0.33413557779864433,-4.083482731214552, 255
0.5702740673603017,3.711682443739548, 255
6.072721001747325,0.4775155301184064, 255
3.714217728601067,1.8291679290144067, 255
-5.269937334532589,-0.8405716591911183, 255
-1.5768854602532798,-9.886809868390372, 255
-8.598906130244812,-8.251695534759499, 255
-9.695583419201562,-8.842508335518257, 255
-7.380324601624593,-8.416339387030355, 255
8.958720930052916,7.215872011976639, 255
1.1236005868789398,2.791006349168871, 255
5.561079784617773,-9.636697840838906, 255
-1.7130568059401128,3.3276556675389983, 255
-1.2022612065251987,5.811686055199646, 255
-0.062015201664253894,2.749437130202491, 255
6.058049186494433,-2.924183720044031, 255
-1.7411747694518276,-2.662846477394738, 255
2.372250923352869,3.047281352630238, 255
3.0799023095240585,7.198820964431899, 255
-2.4130023736673074,7.358485607749476, 255
5.226752684790641,-8.506123715529217, 255
-2.4706608665140344,8.059055415548745, 255
-2.4231788411829687,5.594677408732894, 255
5.1279338232714515,9.386009947217286, 255
4.346782075164304,-0.3959132169163926, 255
-1.7995501503973728,-5.103981469919723, 255
-8.391339916991477,-6.1392591271854595, 255
-0.7695585020414377,-2.1056261533830734, 255
-9.42955321457434,6.676641052152167, 255
-2.8077958787405954,7.207507838756747, 255
-4.964007025480592,-1.1050390764737745, 255
-1.2899565757026377,-3.7285828060810022, 255
-6.094684995264023,2.54638158343875, 255
1.2440003573196545,-9.551226639180143, 255
-8.286578785426693,-7.813181421288999, 255
-8.714476903285938,1.4075411660267445, 255
7.918381077272784,3.0120515642980195, 255
0.3087784121319537,-2.4284398213868847, 255
9.910282734218544,0.3868072015727613, 255
-4.334602942640277,-9.42702370770558, 255
-3.5359983961380763,-5.9616658795185895, 255
1.8719254790100166,-3.4646504864423555, 255
6.668736068245529,3.869894934343982, 255
3.476381497308182,6.016411292027183, 255
1.974742586612713,-4.363501560558792, 255
9.948008092431632,-8.761982717910136, 255
8.866559047604913,-9.057468801418596, 255
-4.116819345451037,6.038464010261968, 255
-3.454398339242828,-8.86995415988819, 255
-2.7915016815981986,6.8663152320453165, 255
-7.545902401154915,1.4750343620188477, 255
-1.520737561485248,-7.0247002480437715, 255
4.105518033405367,-1.125715622532562, 255
2.8711860572334977,-8.93393281655214, 255
-5.086215627395023,1.1430669335141985, 255
-7.3746408507503025,2.2188271806293773, 255
5.75346825051902,8.86942561960658, 255
4.566117271325808,-9.752350784799779, 255
0.15509034204171002,-9.678780117587777, 255
-1.2473862057885903,8.300425928530647, 255
1.7511414355099184,-1.7251703681637576, 255
3.422123742299677,-4.496985703765672, 255
6.25799691220735,-9.768346994938604, 255
4.966155067972961,3.474433338995947, 255
0.2834419617816586,-8.79433627425098, 255
1.349498681310358,-4.846587856569284, 255
-3.4554448562024582,-1.3859763158958245, 255
-8.668844132533891,-8.827285472648159, 255
5.247643895831974,-7.449311548402971, 255
6.678795487302519,6.827938780959688, 255
3.2607747188347975,9.589198975324429, 255
2.971274593567143,-2.593842188946967, 255
7.917868804165494,7.652113219179256, 255
3.985268097056686,2.665670771264132, 255
7.337267662782057,0.41222790261984876, 255
3.772583900337077,-7.522787960311472, 255
-3.8300394514661384,8.761386375958402, 255
1.0654743785285383,1.5027560202873484, 255
-3.7603859687466956,-3.1506423982446226, 255
9.484813899007992,-0.9619218118122106, 255
-0.15342368714011734,6.06203036534875, 255
-7.784864134433606,9.179700418745753, 255
-2.6997116132204724,-4.8781236933926175, 255
1.7837851202897284,7.816207043275767, 255
4.7938795617699625,6.9309643363088895, 255
8.661429576714031,0.7543057837709384, 255
6.541695343784667,-5.240435802886514, 255
-5.658974015611136,-4.4127323414982484, 255
-1.0625295518608784,-5.347746839584763, 255
9.10673919023002,-0.0733478547900539, 255
-9.584567090243885,-2.8302377004276575, 255
7.5032686744985995,-3.682700296221255, 255
-8.291294953341065,6.837769551159507, 255
0.2668054521280627,9.982424843613263, 255
5.181348598450823,5.562216577468124, 255
3.824083823839615,5.693881910051875, 255
-2.4970196916586733,-6.9232883988503, 255
-3.3021116636146086,8.562936228396165, 255
5.0149542199434585,4.078487336130866, 255
9.917660821185251,2.1924827857434295, 255
-9.158962946727465,-8.122830429449326, 255
-9.821332071170998,4.110437188477736, 255
-2.0663638351232505,9.769533033115799, 255
-8.517527791958038,-8.560524781386704, 255
-8.329917882561663,-0.6211977495242227, 255
2.900586340684061,-3.909632286706202, 255
-9.181065479179903,3.91362375366095, 255
1.8710029877585228,-9.45402761633012, 255
6.876751245074608,-6.426931873755882, 255
5.0967788431206085,1.7445722740927057, 255
9.328402623982136,4.628553538516378, 255
-0.22528508905747202,4.392885236107674, 255
0.34321575771005897,8.607929472663592, 255
-7.786036675089523,-4.552070660169738, 255
7.460858489049581,5.929266648428552, 255
-4.1231357577791865,-9.601290598818263, 255
-0.6548685095883915,4.232863092976487, 255
3.3400021813167307,-0.9834782131292386, 255
-0.8596447581433466,-2.507542531533124, 255
5.756432683672585,9.307164352375285, 255
4.117211746692174,-5.47544944906406, 255
8.944133067388226,1.8907046081024816, 255
-0.24947703422325063,-8.773192022635122, 255
0.6401556850715231,-9.636452040172976, 255
6.809538578167743,-1.9165992329318264, 255
1.2959924189126504,-1.1904620743183116, 255
-9.394750167276278,9.396018224564717, 255
-3.378264243004965,-7.076671636975409, 255
0.44226224919991175,3.6240862679833974, 255
5.966448247300081,-6.404445768502263, 255
-4.71623254382425,-6.975959043980222, 255
-7.946741138329481,2.1804029498596567, 255
-8.994115658873696,-2.217358372447329, 255
-4.491260388214366,0.18653574545789553, 255
1.2251173086166194,-0.41837567366008344, 255
2.0955477616930214,2.9361543752490036, 255
4.173644963150313,-5.494718757402621, 255
-1.7457989448526323,-1.9114735804364607, 255
8.141990200076435,3.2289074301994383, 255
1.8634225644299907,-2.0374678318551487, 255
-4.296885191654418,-2.7059920993926116, 255
-3.9758802699402533,-1.7684062996155099, 255
-7.341919347783392,-9.637452011275762, 255
2.1326614853809254,0.47556987053429545, 255
-2.2430488568327007,6.164152594929956, 255
2.805255996004256,-7.029574485792736, 255
9.136285688021466,2.585003262801713, 255
-8.246975649198236,0.8658726736292177, 255
5.228441383121755,3.599830906708947, 255
5.404184082043049,-2.960467655176055, 255
-9.706707846948742,-1.3662681219326203, 255
9.938135702890232,-6.694564857639664, 255
-4.825242706797351,-6.953756687080606, 255
1.8089312903955346,9.067479095440689, 255
-2.3919401734046346,-4.048279711593148, 255
0.9908952676357767,5.2964080888512335, 255
-3.9661218748394367,-3.430167555907378, 255
3.7131204079204476,7.82703894609077, 255
-8.65682189832912,1.5373542892610477, 255
-6.970025090856311,-6.865976160404401, 255
0.8633085954969744,-7.509539027301004, 255
-0.14983927456323443,-8.576253338863166, 255
-2.1596919698162793,-0.28318205638962013, 255
0.1320323040500586,0.8635704736714409, 0
-3.089010089770756,-7.446744873929616, 255
-2.9826098093212527,0.03945310572658656, 255
-3.3182816343032417,6.9528879416110705, 255
-1.2426995155284022,-9.97481082817371, 255
-7.557444712583765,2.2914558792792494, 255
-4.508067891172594,4.6854003589829105, 255
7.380738338028792,-4.663486946330593, 255
-1.6335076344198622,-0.5119118309997273, 255
2.074998914551788,2.171010185470996, 255
-9.96650064384572,0.15168611165878154, 255
4.469735569031389,8.65953599118194, 255
4.767817634907631,-4.596942981424313, 255
-2.066312895460376,-4.827092966588225, 255
5.64874720789877,0.1417669046914547, 255
0.2729191187632729,9.20584018836238, 255
4.384794647258625,-3.490334153102017, 255
7.929294474250849,2.7097120886507735, 255
-5.052433291406036,0.3313461946708589, 255
-6.750857395951886,-8.352509973809685, 255
-4.40104260080836,1.689400319895073, 255
6.837803134575633,9.04248918155205, 255
0.3629199761857471,-3.659288844643404, 255
-0.2532525276764179,7.846100648367354, 255
-3.60045372489086,3.9373767659664782, 255
8.327954698747916,5.519153418843485, 255
-3.098353410912491,-2.819605068976836, 255
-3.950505388861851,-6.120188114590725, 255
7.220550438557307,-1.9058945165173107, 255
-1.7904674005765475,-3.972518127673026, 255
-7.777341735288125,-2.1166618096927454, 255
8.385134029183298,-0.35243784480606877, 255
4.433268358946718,-1.4693200095943126, 255
-5.155712807484026,0.4622490520421003, 255
4.1898682753420164,-5.013017542671669, 255
-7.049658258526006,-3.2430674250805165, 255
-1.6955804534161025,2.9825046018369292, 255
-4.039318025388907,-1.0555892887863632, 255
-5.6313667331088135,-3.677766291933862, 255
-0.03749116089643856,-1.0766782351069182, 255
-4.4520037586667405,3.4077850628369344, 255
9.038054211842056,1.7319228306985934, 255
-1.0885408452060492,3.1909519899775027, 255
-2.8073154295936504,-6.6190261233348675, 255
-9.831338059803299,5.670922236503632, 255
-2.2374396571470845,-3.555241589591387, 255
-6.308995651760661,2.4073190479223996, 255
7.503411105180877,-0.21778826303403598, 255
1.5724616389480524,-4.97928864284543, 255
-8.009273487240735,-2.0822673389214224, 255
-9.304166580168074,-4.623971456218781, 255
-4.73930531959371,-8.674545962635047, 255
3.396167145600643,8.887107303397663, 255
-4.524995334006876,9.20388213590605, 255
-7.082696045913464,0.03220723948280657, 255
0.10987654216521392,9.718887869433342, 255
7.909595099171259,7.532823750880674, 255
7.475260844065485,2.1671903432996125, 255
3.9155003454249755,-5.843859251226256, 255
4.216708066599253,-4.226975368268313, 255
-0.24281754600958294,-9.601924494048486, 255
8.696711990856919,4.215232551804677, 255
-4.988759719854324,8.57470394033411, 255
-1.5216058315803203,-0.2664794955105503, 255
-8.336031845771041,8.983268438767574, 255
-0.40838275149827297,-6.170499186340532, 255
4.459426166714103,3.1235015854710184, 255
2.49104970632626,-3.2543475790801573, 255
-9.310732339539358,0.464118091454921, 255
-5.362101654296525,-2.471619290017615, 255
-1.0155382067958136,6.638147881769324, 255
8.09196182025677,-8.803084629122466, 255
-1.6918243265122115,7.504477988052258, 255
-9.684619849760988,-6.92400876935978, 255
7.913936655842434,7.327179512905818, 255
-6.387854529341681,-3.4652411033457327, 255
-4.786212065563305,8.921818305116183, 255
-0.5530350084325804,3.7221783143833616, 255
0.09666845838354376,2.7695088203578866, 255
-9.917391245999372,-7.167593722456312, 255
-9.478770209166484,2.193138779766006, 255
8.19997963502712,-9.155923508455707, 255
7.0063805390922305,-0.8576219158373899, 255
-5.131228559965699,5.1996836790822805, 255
7.878279215357715,-9.614450500384779, 255
-5.515049562178104,7.348636821920607, 255
7.172205359998795,-9.179050662387278, 255
-7.6737292793198115,-7.360546555214267, 255
1.6929291942458295,-1.400059109691723, 255
-8.375731356936786,3.184611531093955, 255
-5.223754884463785,-2.350558668499918, 255
-7.8179570968344,0.23886824401609097, 255
7.732830293716649,7.718660933441207, 255
0.503618133720467,-8.496523927062258, 255
-8.470923355484523,5.93200680146991, 255
4.183255870514849,6.334821597323845, 255
2.9419055912061705,-6.450150944119022, 255
8.880202882683346,-3.6247420761759948, 255
-4.196778725595349,-0.0391790887160699, 255
-1.7443383016137268,-8.9561550030264, 255
7.359882231954071,-0.8258979720513651, 255
8.434870335565378,3.406809644935544, 255
7.41532483624345,-8.826751717199478, 255
-4.471825252774422,-7.861346713639332, 255
5.77818750697727,7.622555030483433, 255
5.558626612247121,-3.2817713103476542, 255
6.690639399131015,-3.4836871890293164, 255
-1.3708907071209193,-4.813266650378674, 255
-2.069677240027028,-3.2389740412740657, 255
8.086927903245314,-3.49780388097531, 255
7.521152381021295,-1.8599812886692249, 255
-2.715099276086419,-7.427882309603322, 255
2.1017463366383975,-8.53830196501444, 255
0.50438607404352,4.883328979533708, 255
6.9959835350878095,9.71383304661282, 255
6.532452130781582,-1.3378952488869, 255
-3.0648129773178523,-6.2986914273883565, 255
8.278237594881627,-7.182428280799423, 255
-8.935216906952343,-3.138474989490973, 255
-2.5353686061673493,1.5448479516172746, 255
-4.74425719141596,4.6862590597214275, 255
-3.785028729280791,-9.844543412483986, 255
9.998195153953834,2.05713502801264, 255
-3.951627780171525,3.9727814273684032, 255
-3.9934727211729886,9.897590076358846, 255
6.678260264297521,-5.309144723575862, 255
-2.8040246040364813,-8.33386734255795, 255
-4.22129763530791,1.7895004210277072, 255
-2.715708118403109,-6.2929676000661905, 255
3.649513673631926,-6.82961600053271, 255
7.136749179649662,6.677965952833919, 255
3.547028379128072,0.5328330784054796, 255
8.135653090112864,9.222155656118144, 255
-1.5728340734326363,-7.2578651284970235, 255
3.7012784960390555,-9.770587411183982, 255
1.3587056382715694,4.141804299500587, 255
5.979777214555138,-5.901393458891544, 255
-9.609712897890393,-5.5285988723427, 255
-1.0376488793790468,-4.002882659239441, 255
-5.529327004172471,0.14862703646656428, 255
-3.3354271098237165,-6.416650735446088, 255
2.4453991745843755,9.601933188093511, 255
2.6423641860814904,2.7097597005326595, 255
-4.190528082546534,5.996128274645297, 255
-7.230087260400612,5.639079316314339, 255
2.7918197618665648,1.5288243594057072, 255
0.538360321033915,-1.1723427163870266, 255
-8.4884566475359,7.890501774985395, 255
-2.1095752599300743,-1.772694399751174, 255
9.580762230272835,7.791115274901458, 255
3.963040934654778,-9.936467010341639, 255
-9.245010180930143,-5.486899928228485, 255
2.521420835845751,1.380389314503688, 255
-5.226360450021856,3.5681007722290445, 255
-7.007011442939122,1.9000894705677762, 255
6.5529130379656415,-4.515994568661286, 255
-7.980338818708567,-1.6085188579103615, 255
-7.597390535294286,3.711231065273253, 255
5.855139831946053,5.3869906250635005, 255
5.691423279317277,6.121789088493564, 255
-2.2907483526120798,-7.741473648363291, 255
-6.607875340340845,2.575294083160644, 255
-4.941354072877758,1.356805730400092, 255
-1.0835070910779017,-2.249435766665826, 255
5.025430732334515,8.170696902609624, 255
6.21186743207144,0.33328156165747913, 255
-6.501487724079553,6.593266674275981, 255
4.636951330243765,-6.427996006419274, 255
-4.7614544307646645,-9.507159124967277, 255
0.665086471008598,-5.323403479810532, 255
1.7646615564599841,-1.7811068272448871, 255
-3.179031727561357,7.846858865248919, 255
6.486479590271237,6.130805780018857, 255
-8.840586543471026,5.43203576293555, 255
7.01935195012457,-6.200603293189824, 255
-0.3714314794609095,-6.994992054573494, 255
-3.4955186173664776,-6.757271289402986, 255
-8.455883678430613,-1.5471827577342694, 255
1.2431757291442693,4.962330841705601, 255
3.127428978329384,5.7563702860778285, 255
4.9930185291540745,-2.411826097283445, 255
7.884061341066925,-0.040484236840750754, 255
-4.3321820982937,-5.032863639825282, 255
-9.95244027154304,-1.167277195063793, 255
6.73459153142311,-7.6096665337944795, 255
9.807154203183469,8.974965628263543, 255
